solid OpenSCAD_Model
  facet normal 1 -0 0
    outer loop
      vertex 13.7 -15.5 22
      vertex 13.7 -5.5 12
      vertex 13.7 -5.5 22
    endloop
  endfacet
  facet normal 1 0 0
    outer loop
      vertex 13.7 -5.5 12
      vertex 13.7 -15.5 22
      vertex 13.7 -15.5 12
    endloop
  endfacet
  facet normal 0 0 1
    outer loop
      vertex 13.7 -5.5 22
      vertex 12.1 -10.5 22
      vertex 13.7 -15.5 22
    endloop
  endfacet
  facet normal 0 0 1
    outer loop
      vertex 13.7 -5.5 22
      vertex 12.0315 -10.1556 22
      vertex 12.1 -10.5 22
    endloop
  endfacet
  facet normal 0 0 1
    outer loop
      vertex 13.7 -5.5 22
      vertex 11.8364 -9.8636 22
      vertex 12.0315 -10.1556 22
    endloop
  endfacet
  facet normal 0 0 1
    outer loop
      vertex 13.7 -5.5 22
      vertex 11.5444 -9.66851 22
      vertex 11.8364 -9.8636 22
    endloop
  endfacet
  facet normal 0 0 1
    outer loop
      vertex 13.7 -5.5 22
      vertex 11.2 -9.6 22
      vertex 11.5444 -9.66851 22
    endloop
  endfacet
  facet normal -0 0 1
    outer loop
      vertex 8.7 -5.5 22
      vertex 11.2 -9.6 22
      vertex 13.7 -5.5 22
    endloop
  endfacet
  facet normal 0 0 1
    outer loop
      vertex 11.2 -9.6 22
      vertex 8.7 -5.5 22
      vertex 10.8556 -9.66851 22
    endloop
  endfacet
  facet normal 0 0 1
    outer loop
      vertex 10.3685 -10.1556 22
      vertex 8.7 -5.5 22
      vertex 10.3 -10.5 22
    endloop
  endfacet
  facet normal 0 0 1
    outer loop
      vertex 10.5636 -9.8636 22
      vertex 8.7 -5.5 22
      vertex 10.3685 -10.1556 22
    endloop
  endfacet
  facet normal 0 0 1
    outer loop
      vertex 10.8556 -9.66851 22
      vertex 8.7 -5.5 22
      vertex 10.5636 -9.8636 22
    endloop
  endfacet
  facet normal -0 0 1
    outer loop
      vertex 12.0315 -10.8444 22
      vertex 13.7 -15.5 22
      vertex 12.1 -10.5 22
    endloop
  endfacet
  facet normal -0 0 1
    outer loop
      vertex 11.8364 -11.1364 22
      vertex 13.7 -15.5 22
      vertex 12.0315 -10.8444 22
    endloop
  endfacet
  facet normal -0 0 1
    outer loop
      vertex 11.5444 -11.3315 22
      vertex 13.7 -15.5 22
      vertex 11.8364 -11.1364 22
    endloop
  endfacet
  facet normal -0 0 1
    outer loop
      vertex 11.2 -11.4 22
      vertex 13.7 -15.5 22
      vertex 11.5444 -11.3315 22
    endloop
  endfacet
  facet normal 0 0 1
    outer loop
      vertex 8.7 -15.5 22
      vertex 11.2 -11.4 22
      vertex 10.8556 -11.3315 22
    endloop
  endfacet
  facet normal 0 0 1
    outer loop
      vertex 8.7 -15.5 22
      vertex 10.8556 -11.3315 22
      vertex 10.5636 -11.1364 22
    endloop
  endfacet
  facet normal 0 0 1
    outer loop
      vertex 8.7 -15.5 22
      vertex 10.3 -10.5 22
      vertex 8.7 -5.5 22
    endloop
  endfacet
  facet normal 0 0 1
    outer loop
      vertex 11.2 -11.4 22
      vertex 8.7 -15.5 22
      vertex 13.7 -15.5 22
    endloop
  endfacet
  facet normal 0 0 1
    outer loop
      vertex 10.3685 -10.8444 22
      vertex 8.7 -15.5 22
      vertex 10.5636 -11.1364 22
    endloop
  endfacet
  facet normal 0 0 1
    outer loop
      vertex 10.3 -10.5 22
      vertex 8.7 -15.5 22
      vertex 10.3685 -10.8444 22
    endloop
  endfacet
  facet normal -1 0 0
    outer loop
      vertex 8.7 -15.5 12
      vertex 8.7 -5.5 22
      vertex 8.7 -5.5 12
    endloop
  endfacet
  facet normal -1 -0 0
    outer loop
      vertex 8.7 -5.5 22
      vertex 8.7 -15.5 12
      vertex 8.7 -15.5 22
    endloop
  endfacet
  facet normal 0 1 -0
    outer loop
      vertex 13.7 -5.5 12
      vertex 8.7 -5.5 22
      vertex 13.7 -5.5 22
    endloop
  endfacet
  facet normal 0 1 0
    outer loop
      vertex 8.7 -5.5 22
      vertex 13.7 -5.5 12
      vertex 8.7 -5.5 12
    endloop
  endfacet
  facet normal 0 -1 0
    outer loop
      vertex 8.7 -15.5 12
      vertex 13.7 -15.5 22
      vertex 8.7 -15.5 22
    endloop
  endfacet
  facet normal 0 -1 -0
    outer loop
      vertex 13.7 -15.5 22
      vertex 8.7 -15.5 12
      vertex 13.7 -15.5 12
    endloop
  endfacet
  facet normal 1 -0 0
    outer loop
      vertex 31.3 -15.5 22
      vertex 31.3 -5.5 12
      vertex 31.3 -5.5 22
    endloop
  endfacet
  facet normal 1 0 0
    outer loop
      vertex 31.3 -5.5 12
      vertex 31.3 -15.5 22
      vertex 31.3 -15.5 12
    endloop
  endfacet
  facet normal 0 0 1
    outer loop
      vertex 31.3 -5.5 22
      vertex 29.7 -10.5 22
      vertex 31.3 -15.5 22
    endloop
  endfacet
  facet normal 0 0 1
    outer loop
      vertex 31.3 -5.5 22
      vertex 29.6315 -10.1556 22
      vertex 29.7 -10.5 22
    endloop
  endfacet
  facet normal 0 0 1
    outer loop
      vertex 31.3 -5.5 22
      vertex 29.4364 -9.8636 22
      vertex 29.6315 -10.1556 22
    endloop
  endfacet
  facet normal 0 0 1
    outer loop
      vertex 31.3 -5.5 22
      vertex 29.1444 -9.66851 22
      vertex 29.4364 -9.8636 22
    endloop
  endfacet
  facet normal 0 0 1
    outer loop
      vertex 31.3 -5.5 22
      vertex 28.8 -9.6 22
      vertex 29.1444 -9.66851 22
    endloop
  endfacet
  facet normal -0 0 1
    outer loop
      vertex 26.3 -5.5 22
      vertex 28.8 -9.6 22
      vertex 31.3 -5.5 22
    endloop
  endfacet
  facet normal 0 0 1
    outer loop
      vertex 28.8 -9.6 22
      vertex 26.3 -5.5 22
      vertex 28.4556 -9.66851 22
    endloop
  endfacet
  facet normal 0 0 1
    outer loop
      vertex 27.9685 -10.1556 22
      vertex 26.3 -5.5 22
      vertex 27.9 -10.5 22
    endloop
  endfacet
  facet normal 0 0 1
    outer loop
      vertex 28.1636 -9.8636 22
      vertex 26.3 -5.5 22
      vertex 27.9685 -10.1556 22
    endloop
  endfacet
  facet normal 0 0 1
    outer loop
      vertex 28.4556 -9.66851 22
      vertex 26.3 -5.5 22
      vertex 28.1636 -9.8636 22
    endloop
  endfacet
  facet normal -0 0 1
    outer loop
      vertex 29.6315 -10.8444 22
      vertex 31.3 -15.5 22
      vertex 29.7 -10.5 22
    endloop
  endfacet
  facet normal -0 0 1
    outer loop
      vertex 29.4364 -11.1364 22
      vertex 31.3 -15.5 22
      vertex 29.6315 -10.8444 22
    endloop
  endfacet
  facet normal -0 0 1
    outer loop
      vertex 29.1444 -11.3315 22
      vertex 31.3 -15.5 22
      vertex 29.4364 -11.1364 22
    endloop
  endfacet
  facet normal -0 0 1
    outer loop
      vertex 28.8 -11.4 22
      vertex 31.3 -15.5 22
      vertex 29.1444 -11.3315 22
    endloop
  endfacet
  facet normal 0 0 1
    outer loop
      vertex 26.3 -15.5 22
      vertex 28.8 -11.4 22
      vertex 28.4556 -11.3315 22
    endloop
  endfacet
  facet normal 0 0 1
    outer loop
      vertex 26.3 -15.5 22
      vertex 28.4556 -11.3315 22
      vertex 28.1636 -11.1364 22
    endloop
  endfacet
  facet normal 0 0 1
    outer loop
      vertex 26.3 -15.5 22
      vertex 27.9 -10.5 22
      vertex 26.3 -5.5 22
    endloop
  endfacet
  facet normal 0 0 1
    outer loop
      vertex 28.8 -11.4 22
      vertex 26.3 -15.5 22
      vertex 31.3 -15.5 22
    endloop
  endfacet
  facet normal 0 0 1
    outer loop
      vertex 27.9685 -10.8444 22
      vertex 26.3 -15.5 22
      vertex 28.1636 -11.1364 22
    endloop
  endfacet
  facet normal 0 0 1
    outer loop
      vertex 27.9 -10.5 22
      vertex 26.3 -15.5 22
      vertex 27.9685 -10.8444 22
    endloop
  endfacet
  facet normal -1 0 0
    outer loop
      vertex 26.3 -15.5 12
      vertex 26.3 -5.5 22
      vertex 26.3 -5.5 12
    endloop
  endfacet
  facet normal -1 -0 0
    outer loop
      vertex 26.3 -5.5 22
      vertex 26.3 -15.5 12
      vertex 26.3 -15.5 22
    endloop
  endfacet
  facet normal 0 1 -0
    outer loop
      vertex 31.3 -5.5 12
      vertex 26.3 -5.5 22
      vertex 31.3 -5.5 22
    endloop
  endfacet
  facet normal 0 1 0
    outer loop
      vertex 26.3 -5.5 22
      vertex 31.3 -5.5 12
      vertex 26.3 -5.5 12
    endloop
  endfacet
  facet normal 0 -1 0
    outer loop
      vertex 26.3 -15.5 12
      vertex 31.3 -15.5 22
      vertex 26.3 -15.5 22
    endloop
  endfacet
  facet normal 0 -1 -0
    outer loop
      vertex 31.3 -15.5 22
      vertex 26.3 -15.5 12
      vertex 31.3 -15.5 12
    endloop
  endfacet
  facet normal 1 -0 0
    outer loop
      vertex 13.7 5.5 22
      vertex 13.7 15.5 12
      vertex 13.7 15.5 22
    endloop
  endfacet
  facet normal 1 0 0
    outer loop
      vertex 13.7 15.5 12
      vertex 13.7 5.5 22
      vertex 13.7 5.5 12
    endloop
  endfacet
  facet normal 0 0 1
    outer loop
      vertex 13.7 15.5 22
      vertex 12.1 10.5 22
      vertex 13.7 5.5 22
    endloop
  endfacet
  facet normal 0 0 1
    outer loop
      vertex 13.7 15.5 22
      vertex 12.0315 10.8444 22
      vertex 12.1 10.5 22
    endloop
  endfacet
  facet normal 0 0 1
    outer loop
      vertex 13.7 15.5 22
      vertex 11.8364 11.1364 22
      vertex 12.0315 10.8444 22
    endloop
  endfacet
  facet normal 0 0 1
    outer loop
      vertex 13.7 15.5 22
      vertex 11.5444 11.3315 22
      vertex 11.8364 11.1364 22
    endloop
  endfacet
  facet normal 0 0 1
    outer loop
      vertex 13.7 15.5 22
      vertex 11.2 11.4 22
      vertex 11.5444 11.3315 22
    endloop
  endfacet
  facet normal -0 0 1
    outer loop
      vertex 8.7 15.5 22
      vertex 11.2 11.4 22
      vertex 13.7 15.5 22
    endloop
  endfacet
  facet normal 0 0 1
    outer loop
      vertex 11.2 11.4 22
      vertex 8.7 15.5 22
      vertex 10.8556 11.3315 22
    endloop
  endfacet
  facet normal 0 0 1
    outer loop
      vertex 10.3685 10.8444 22
      vertex 8.7 15.5 22
      vertex 10.3 10.5 22
    endloop
  endfacet
  facet normal 0 0 1
    outer loop
      vertex 10.5636 11.1364 22
      vertex 8.7 15.5 22
      vertex 10.3685 10.8444 22
    endloop
  endfacet
  facet normal 0 0 1
    outer loop
      vertex 10.8556 11.3315 22
      vertex 8.7 15.5 22
      vertex 10.5636 11.1364 22
    endloop
  endfacet
  facet normal -0 0 1
    outer loop
      vertex 12.0315 10.1556 22
      vertex 13.7 5.5 22
      vertex 12.1 10.5 22
    endloop
  endfacet
  facet normal -0 0 1
    outer loop
      vertex 11.8364 9.8636 22
      vertex 13.7 5.5 22
      vertex 12.0315 10.1556 22
    endloop
  endfacet
  facet normal -0 0 1
    outer loop
      vertex 11.5444 9.66851 22
      vertex 13.7 5.5 22
      vertex 11.8364 9.8636 22
    endloop
  endfacet
  facet normal -0 0 1
    outer loop
      vertex 11.2 9.6 22
      vertex 13.7 5.5 22
      vertex 11.5444 9.66851 22
    endloop
  endfacet
  facet normal 0 0 1
    outer loop
      vertex 8.7 5.5 22
      vertex 11.2 9.6 22
      vertex 10.8556 9.66851 22
    endloop
  endfacet
  facet normal 0 0 1
    outer loop
      vertex 8.7 5.5 22
      vertex 10.8556 9.66851 22
      vertex 10.5636 9.8636 22
    endloop
  endfacet
  facet normal 0 0 1
    outer loop
      vertex 8.7 5.5 22
      vertex 10.3 10.5 22
      vertex 8.7 15.5 22
    endloop
  endfacet
  facet normal 0 0 1
    outer loop
      vertex 11.2 9.6 22
      vertex 8.7 5.5 22
      vertex 13.7 5.5 22
    endloop
  endfacet
  facet normal 0 0 1
    outer loop
      vertex 10.3685 10.1556 22
      vertex 8.7 5.5 22
      vertex 10.5636 9.8636 22
    endloop
  endfacet
  facet normal 0 0 1
    outer loop
      vertex 10.3 10.5 22
      vertex 8.7 5.5 22
      vertex 10.3685 10.1556 22
    endloop
  endfacet
  facet normal -1 0 0
    outer loop
      vertex 8.7 5.5 12
      vertex 8.7 15.5 22
      vertex 8.7 15.5 12
    endloop
  endfacet
  facet normal -1 -0 0
    outer loop
      vertex 8.7 15.5 22
      vertex 8.7 5.5 12
      vertex 8.7 5.5 22
    endloop
  endfacet
  facet normal 0 1 -0
    outer loop
      vertex 13.7 15.5 12
      vertex 8.7 15.5 22
      vertex 13.7 15.5 22
    endloop
  endfacet
  facet normal 0 1 0
    outer loop
      vertex 8.7 15.5 22
      vertex 13.7 15.5 12
      vertex 8.7 15.5 12
    endloop
  endfacet
  facet normal 0 -1 0
    outer loop
      vertex 8.7 5.5 12
      vertex 13.7 5.5 22
      vertex 8.7 5.5 22
    endloop
  endfacet
  facet normal 0 -1 -0
    outer loop
      vertex 13.7 5.5 22
      vertex 8.7 5.5 12
      vertex 13.7 5.5 12
    endloop
  endfacet
  facet normal 1 -0 0
    outer loop
      vertex 31.3 5.5 22
      vertex 31.3 15.5 12
      vertex 31.3 15.5 22
    endloop
  endfacet
  facet normal 1 0 0
    outer loop
      vertex 31.3 15.5 12
      vertex 31.3 5.5 22
      vertex 31.3 5.5 12
    endloop
  endfacet
  facet normal 0 0 1
    outer loop
      vertex 31.3 15.5 22
      vertex 29.7 10.5 22
      vertex 31.3 5.5 22
    endloop
  endfacet
  facet normal 0 0 1
    outer loop
      vertex 31.3 15.5 22
      vertex 29.6315 10.8444 22
      vertex 29.7 10.5 22
    endloop
  endfacet
  facet normal 0 0 1
    outer loop
      vertex 31.3 15.5 22
      vertex 29.4364 11.1364 22
      vertex 29.6315 10.8444 22
    endloop
  endfacet
  facet normal 0 0 1
    outer loop
      vertex 31.3 15.5 22
      vertex 29.1444 11.3315 22
      vertex 29.4364 11.1364 22
    endloop
  endfacet
  facet normal 0 0 1
    outer loop
      vertex 31.3 15.5 22
      vertex 28.8 11.4 22
      vertex 29.1444 11.3315 22
    endloop
  endfacet
  facet normal -0 0 1
    outer loop
      vertex 26.3 15.5 22
      vertex 28.8 11.4 22
      vertex 31.3 15.5 22
    endloop
  endfacet
  facet normal 0 0 1
    outer loop
      vertex 28.8 11.4 22
      vertex 26.3 15.5 22
      vertex 28.4556 11.3315 22
    endloop
  endfacet
  facet normal 0 0 1
    outer loop
      vertex 27.9685 10.8444 22
      vertex 26.3 15.5 22
      vertex 27.9 10.5 22
    endloop
  endfacet
  facet normal 0 0 1
    outer loop
      vertex 28.1636 11.1364 22
      vertex 26.3 15.5 22
      vertex 27.9685 10.8444 22
    endloop
  endfacet
  facet normal 0 0 1
    outer loop
      vertex 28.4556 11.3315 22
      vertex 26.3 15.5 22
      vertex 28.1636 11.1364 22
    endloop
  endfacet
  facet normal -0 0 1
    outer loop
      vertex 29.6315 10.1556 22
      vertex 31.3 5.5 22
      vertex 29.7 10.5 22
    endloop
  endfacet
  facet normal -0 0 1
    outer loop
      vertex 29.4364 9.8636 22
      vertex 31.3 5.5 22
      vertex 29.6315 10.1556 22
    endloop
  endfacet
  facet normal -0 0 1
    outer loop
      vertex 29.1444 9.66851 22
      vertex 31.3 5.5 22
      vertex 29.4364 9.8636 22
    endloop
  endfacet
  facet normal -0 0 1
    outer loop
      vertex 28.8 9.6 22
      vertex 31.3 5.5 22
      vertex 29.1444 9.66851 22
    endloop
  endfacet
  facet normal 0 0 1
    outer loop
      vertex 26.3 5.5 22
      vertex 28.8 9.6 22
      vertex 28.4556 9.66851 22
    endloop
  endfacet
  facet normal 0 0 1
    outer loop
      vertex 26.3 5.5 22
      vertex 28.4556 9.66851 22
      vertex 28.1636 9.8636 22
    endloop
  endfacet
  facet normal 0 0 1
    outer loop
      vertex 26.3 5.5 22
      vertex 27.9 10.5 22
      vertex 26.3 15.5 22
    endloop
  endfacet
  facet normal 0 0 1
    outer loop
      vertex 28.8 9.6 22
      vertex 26.3 5.5 22
      vertex 31.3 5.5 22
    endloop
  endfacet
  facet normal 0 0 1
    outer loop
      vertex 27.9685 10.1556 22
      vertex 26.3 5.5 22
      vertex 28.1636 9.8636 22
    endloop
  endfacet
  facet normal 0 0 1
    outer loop
      vertex 27.9 10.5 22
      vertex 26.3 5.5 22
      vertex 27.9685 10.1556 22
    endloop
  endfacet
  facet normal -1 0 0
    outer loop
      vertex 26.3 5.5 12
      vertex 26.3 15.5 22
      vertex 26.3 15.5 12
    endloop
  endfacet
  facet normal -1 -0 0
    outer loop
      vertex 26.3 15.5 22
      vertex 26.3 5.5 12
      vertex 26.3 5.5 22
    endloop
  endfacet
  facet normal 0 1 -0
    outer loop
      vertex 31.3 15.5 12
      vertex 26.3 15.5 22
      vertex 31.3 15.5 22
    endloop
  endfacet
  facet normal 0 1 0
    outer loop
      vertex 26.3 15.5 22
      vertex 31.3 15.5 12
      vertex 26.3 15.5 12
    endloop
  endfacet
  facet normal 0 -1 0
    outer loop
      vertex 26.3 5.5 12
      vertex 31.3 5.5 22
      vertex 26.3 5.5 22
    endloop
  endfacet
  facet normal 0 -1 -0
    outer loop
      vertex 31.3 5.5 22
      vertex 26.3 5.5 12
      vertex 31.3 5.5 12
    endloop
  endfacet
  facet normal 0.19495 -0.980813 0
    outer loop
      vertex 4.89158 21.5257 12
      vertex 5.27646 21.6022 32
      vertex 4.89158 21.5257 32
    endloop
  endfacet
  facet normal 0.19495 -0.980813 0
    outer loop
      vertex 5.27646 21.6022 32
      vertex 4.89158 21.5257 12
      vertex 5.27646 21.6022 12
    endloop
  endfacet
  facet normal 0.980791 0.195062 0
    outer loop
      vertex 7.47433 24.8916 32
      vertex 7.39778 25.2765 12
      vertex 7.39778 25.2765 32
    endloop
  endfacet
  facet normal 0.980791 0.195062 0
    outer loop
      vertex 7.39778 25.2765 12
      vertex 7.47433 24.8916 32
      vertex 7.47433 24.8916 12
    endloop
  endfacet
  facet normal 0.997858 0.0654112 0
    outer loop
      vertex 7.5 24.5 32
      vertex 7.47433 24.8916 12
      vertex 7.47433 24.8916 32
    endloop
  endfacet
  facet normal 0.997858 0.0654112 0
    outer loop
      vertex 7.47433 24.8916 12
      vertex 7.5 24.5 32
      vertex 7.5 24.5 12
    endloop
  endfacet
  facet normal 0.946905 0.321514 0
    outer loop
      vertex 7.39778 25.2765 32
      vertex 7.27164 25.648 12
      vertex 7.27164 25.648 32
    endloop
  endfacet
  facet normal 0.946905 0.321514 0
    outer loop
      vertex 7.27164 25.648 12
      vertex 7.39778 25.2765 32
      vertex 7.39778 25.2765 12
    endloop
  endfacet
  facet normal 0.89685 -0.442334 0
    outer loop
      vertex 7.09808 23 32
      vertex 7.27164 23.3519 12
      vertex 7.27164 23.3519 32
    endloop
  endfacet
  facet normal 0.89685 -0.442334 0
    outer loop
      vertex 7.27164 23.3519 12
      vertex 7.09808 23 32
      vertex 7.09808 23 12
    endloop
  endfacet
  facet normal 0.997858 -0.0654112 0
    outer loop
      vertex 7.47433 24.1084 32
      vertex 7.5 24.5 12
      vertex 7.5 24.5 32
    endloop
  endfacet
  facet normal 0.997858 -0.0654112 0
    outer loop
      vertex 7.5 24.5 12
      vertex 7.47433 24.1084 32
      vertex 7.47433 24.1084 12
    endloop
  endfacet
  facet normal 0.659428 0.751768 -0
    outer loop
      vertex 6.62132 26.6213 12
      vertex 6.32628 26.8801 32
      vertex 6.62132 26.6213 32
    endloop
  endfacet
  facet normal 0.659428 0.751768 0
    outer loop
      vertex 6.32628 26.8801 32
      vertex 6.62132 26.6213 12
      vertex 6.32628 26.8801 12
    endloop
  endfacet
  facet normal -0.751799 -0.659392 0
    outer loop
      vertex 2.37868 22.3787 12
      vertex 2.11994 22.6737 32
      vertex 2.11994 22.6737 12
    endloop
  endfacet
  facet normal -0.751799 -0.659392 0
    outer loop
      vertex 2.11994 22.6737 32
      vertex 2.37868 22.3787 12
      vertex 2.37868 22.3787 32
    endloop
  endfacet
  facet normal 0.831477 -0.555558 0
    outer loop
      vertex 6.88006 22.6737 32
      vertex 7.09808 23 12
      vertex 7.09808 23 32
    endloop
  endfacet
  facet normal 0.831477 -0.555558 0
    outer loop
      vertex 7.09808 23 12
      vertex 6.88006 22.6737 32
      vertex 6.88006 22.6737 12
    endloop
  endfacet
  facet normal -0.321582 -0.946882 0
    outer loop
      vertex 3.35195 21.7284 12
      vertex 3.72354 21.6022 32
      vertex 3.35195 21.7284 32
    endloop
  endfacet
  facet normal -0.321582 -0.946882 -0
    outer loop
      vertex 3.72354 21.6022 32
      vertex 3.35195 21.7284 12
      vertex 3.72354 21.6022 12
    endloop
  endfacet
  facet normal 0.0654906 -0.997853 0
    outer loop
      vertex 4.5 21.5 12
      vertex 4.89158 21.5257 32
      vertex 4.5 21.5 32
    endloop
  endfacet
  facet normal 0.0654906 -0.997853 0
    outer loop
      vertex 4.89158 21.5257 32
      vertex 4.5 21.5 12
      vertex 4.89158 21.5257 12
    endloop
  endfacet
  facet normal 0.555547 -0.831485 0
    outer loop
      vertex 6 21.9019 12
      vertex 6.32628 22.1199 32
      vertex 6 21.9019 32
    endloop
  endfacet
  facet normal 0.555547 -0.831485 0
    outer loop
      vertex 6.32628 22.1199 32
      vertex 6 21.9019 12
      vertex 6.32628 22.1199 12
    endloop
  endfacet
  facet normal 0.980791 -0.195062 0
    outer loop
      vertex 7.39778 23.7235 32
      vertex 7.47433 24.1084 12
      vertex 7.47433 24.1084 32
    endloop
  endfacet
  facet normal 0.980791 -0.195062 0
    outer loop
      vertex 7.47433 24.1084 12
      vertex 7.39778 23.7235 32
      vertex 7.39778 23.7235 12
    endloop
  endfacet
  facet normal 0.831477 0.555558 0
    outer loop
      vertex 7.09808 26 32
      vertex 6.88006 26.3263 12
      vertex 6.88006 26.3263 32
    endloop
  endfacet
  facet normal 0.831477 0.555558 0
    outer loop
      vertex 6.88006 26.3263 12
      vertex 7.09808 26 32
      vertex 7.09808 26 12
    endloop
  endfacet
  facet normal 0.555448 0.831551 -0
    outer loop
      vertex 6.32628 26.8801 12
      vertex 6.14678 27 32
      vertex 6.32628 26.8801 32
    endloop
  endfacet
  facet normal 0.555448 0.831551 0
    outer loop
      vertex 6.14678 27 32
      vertex 6.32628 26.8801 12
      vertex 6.14678 27 12
    endloop
  endfacet
  facet normal 0.659428 -0.751768 0
    outer loop
      vertex 6.32628 22.1199 12
      vertex 6.62132 22.3787 32
      vertex 6.32628 22.1199 32
    endloop
  endfacet
  facet normal 0.659428 -0.751768 0
    outer loop
      vertex 6.62132 22.3787 32
      vertex 6.32628 22.1199 12
      vertex 6.62132 22.3787 12
    endloop
  endfacet
  facet normal 0.8969 0.442233 0
    outer loop
      vertex 7.27164 25.648 32
      vertex 7.09808 26 12
      vertex 7.09808 26 32
    endloop
  endfacet
  facet normal 0.8969 0.442233 0
    outer loop
      vertex 7.09808 26 12
      vertex 7.27164 25.648 32
      vertex 7.27164 25.648 12
    endloop
  endfacet
  facet normal -0.555547 -0.831485 0
    outer loop
      vertex 2.67372 22.1199 12
      vertex 3 21.9019 32
      vertex 2.67372 22.1199 32
    endloop
  endfacet
  facet normal -0.555547 -0.831485 -0
    outer loop
      vertex 3 21.9019 32
      vertex 2.67372 22.1199 12
      vertex 3 21.9019 12
    endloop
  endfacet
  facet normal -0.659428 -0.751768 0
    outer loop
      vertex 2.37868 22.3787 12
      vertex 2.67372 22.1199 32
      vertex 2.37868 22.3787 32
    endloop
  endfacet
  facet normal -0.659428 -0.751768 -0
    outer loop
      vertex 2.67372 22.1199 32
      vertex 2.37868 22.3787 12
      vertex 2.67372 22.1199 12
    endloop
  endfacet
  facet normal 0.751799 -0.659392 0
    outer loop
      vertex 6.62132 22.3787 32
      vertex 6.88006 22.6737 12
      vertex 6.88006 22.6737 32
    endloop
  endfacet
  facet normal 0.751799 -0.659392 0
    outer loop
      vertex 6.88006 22.6737 12
      vertex 6.62132 22.3787 32
      vertex 6.62132 22.3787 12
    endloop
  endfacet
  facet normal -0.0654906 -0.997853 0
    outer loop
      vertex 4.10842 21.5257 12
      vertex 4.5 21.5 32
      vertex 4.10842 21.5257 32
    endloop
  endfacet
  facet normal -0.0654906 -0.997853 -0
    outer loop
      vertex 4.5 21.5 32
      vertex 4.10842 21.5257 12
      vertex 4.5 21.5 12
    endloop
  endfacet
  facet normal 0.751799 0.659392 0
    outer loop
      vertex 6.88006 26.3263 32
      vertex 6.62132 26.6213 12
      vertex 6.62132 26.6213 32
    endloop
  endfacet
  facet normal 0.751799 0.659392 0
    outer loop
      vertex 6.62132 26.6213 12
      vertex 6.88006 26.3263 32
      vertex 6.88006 26.3263 12
    endloop
  endfacet
  facet normal 0 0 1
    outer loop
      vertex 62.9 -24.5 32
      vertex 65 -24.5 32
      vertex 64.9743 -24.1084 32
    endloop
  endfacet
  facet normal 0 0 1
    outer loop
      vertex 62.9 -24.5 32
      vertex 64.9743 -24.1084 32
      vertex 64.8978 -23.7235 32
    endloop
  endfacet
  facet normal 0 0 1
    outer loop
      vertex 65 -24.5 32
      vertex 62.9 -24.5 32
      vertex 64.9743 -24.8916 32
    endloop
  endfacet
  facet normal 0 0 1
    outer loop
      vertex 62.8315 -24.1556 32
      vertex 64.8978 -23.7235 32
      vertex 64.7716 -23.3519 32
    endloop
  endfacet
  facet normal 0 0 1
    outer loop
      vertex 64.9743 -24.8916 32
      vertex 62.9 -24.5 32
      vertex 64.8978 -25.2765 32
    endloop
  endfacet
  facet normal 0 0 1
    outer loop
      vertex 62.8315 -24.1556 32
      vertex 64.7716 -23.3519 32
      vertex 64.5981 -23 32
    endloop
  endfacet
  facet normal -0 0 1
    outer loop
      vertex 62.8315 -24.8444 32
      vertex 64.8978 -25.2765 32
      vertex 62.9 -24.5 32
    endloop
  endfacet
  facet normal 0 0 1
    outer loop
      vertex 62.8315 -24.1556 32
      vertex 64.5981 -23 32
      vertex 64.3801 -22.6737 32
    endloop
  endfacet
  facet normal 0 0 1
    outer loop
      vertex 64.8978 -25.2765 32
      vertex 62.8315 -24.8444 32
      vertex 64.7716 -25.648 32
    endloop
  endfacet
  facet normal 0 0 1
    outer loop
      vertex 62.6364 -23.8636 32
      vertex 64.3801 -22.6737 32
      vertex 64.1213 -22.3787 32
    endloop
  endfacet
  facet normal 0 0 1
    outer loop
      vertex 64.7716 -25.648 32
      vertex 62.8315 -24.8444 32
      vertex 64.5981 -26 32
    endloop
  endfacet
  facet normal 0 0 1
    outer loop
      vertex 62.6364 -23.8636 32
      vertex 64.1213 -22.3787 32
      vertex 63.8263 -22.1199 32
    endloop
  endfacet
  facet normal 0 0 1
    outer loop
      vertex 64.5981 -26 32
      vertex 62.8315 -24.8444 32
      vertex 64.3801 -26.3263 32
    endloop
  endfacet
  facet normal -0 0 1
    outer loop
      vertex 62.6364 -25.1364 32
      vertex 64.3801 -26.3263 32
      vertex 62.8315 -24.8444 32
    endloop
  endfacet
  facet normal 0 0 1
    outer loop
      vertex 62.6364 -23.8636 32
      vertex 63.8263 -22.1199 32
      vertex 63.5 -21.9019 32
    endloop
  endfacet
  facet normal -0 0 1
    outer loop
      vertex 107.927 16.0435 32
      vertex 110 15 32
      vertex 109.914 16.3053 32
    endloop
  endfacet
  facet normal 0 0 1
    outer loop
      vertex 110 15 32
      vertex 108 14.9346 32
      vertex 110 -15 32
    endloop
  endfacet
  facet normal 0 0 1
    outer loop
      vertex 107.927 16.0435 32
      vertex 109.914 16.3053 32
      vertex 109.659 17.5882 32
    endloop
  endfacet
  facet normal -0 0 1
    outer loop
      vertex 108 -14.9346 32
      vertex 110 -15 32
      vertex 108 14.9346 32
    endloop
  endfacet
  facet normal 0 0 1
    outer loop
      vertex 107.723 17.0695 32
      vertex 109.659 17.5882 32
      vertex 109.239 18.8268 32
    endloop
  endfacet
  facet normal 0 0 1
    outer loop
      vertex 107.927 -16.0435 32
      vertex 110 -15 32
      vertex 108 -14.9346 32
    endloop
  endfacet
  facet normal 0 0 1
    outer loop
      vertex 107.387 18.0598 32
      vertex 109.239 18.8268 32
      vertex 108.66 20 32
    endloop
  endfacet
  facet normal 0 0 1
    outer loop
      vertex 110 -15 32
      vertex 107.927 -16.0435 32
      vertex 109.914 -16.3053 32
    endloop
  endfacet
  facet normal 0 0 1
    outer loop
      vertex 109.914 -16.3053 32
      vertex 107.927 -16.0435 32
      vertex 109.659 -17.5882 32
    endloop
  endfacet
  facet normal 0 0 1
    outer loop
      vertex 106.924 18.9978 32
      vertex 108.66 20 32
      vertex 107.934 21.0876 32
    endloop
  endfacet
  facet normal 0 0 1
    outer loop
      vertex 110 15 32
      vertex 107.927 16.0435 32
      vertex 108 14.9346 32
    endloop
  endfacet
  facet normal 0 0 1
    outer loop
      vertex 109.659 17.5882 32
      vertex 107.723 17.0695 32
      vertex 107.927 16.0435 32
    endloop
  endfacet
  facet normal 0 0 1
    outer loop
      vertex 109.239 18.8268 32
      vertex 107.387 18.0598 32
      vertex 107.723 17.0695 32
    endloop
  endfacet
  facet normal 0 0 1
    outer loop
      vertex 106.343 19.8674 32
      vertex 107.934 21.0876 32
      vertex 107.071 22.0711 32
    endloop
  endfacet
  facet normal 0 0 1
    outer loop
      vertex 108.66 20 32
      vertex 106.924 18.9978 32
      vertex 107.387 18.0598 32
    endloop
  endfacet
  facet normal 0 0 1
    outer loop
      vertex 107.934 21.0876 32
      vertex 106.343 19.8674 32
      vertex 106.924 18.9978 32
    endloop
  endfacet
  facet normal 0 0 1
    outer loop
      vertex 105.654 20.6538 32
      vertex 107.071 22.0711 32
      vertex 106.088 22.9335 32
    endloop
  endfacet
  facet normal 0 0 1
    outer loop
      vertex 107.071 22.0711 32
      vertex 105.654 20.6538 32
      vertex 106.343 19.8674 32
    endloop
  endfacet
  facet normal 0 0 1
    outer loop
      vertex 104.867 21.3434 32
      vertex 106.088 22.9335 32
      vertex 105 23.6602 32
    endloop
  endfacet
  facet normal 0 0 1
    outer loop
      vertex 106.088 22.9335 32
      vertex 104.867 21.3434 32
      vertex 105.654 20.6538 32
    endloop
  endfacet
  facet normal 0 0 1
    outer loop
      vertex 105 23.6602 32
      vertex 103.998 21.9245 32
      vertex 104.867 21.3434 32
    endloop
  endfacet
  facet normal 0 0 1
    outer loop
      vertex 103.827 24.2388 32
      vertex 103.998 21.9245 32
      vertex 105 23.6602 32
    endloop
  endfacet
  facet normal 0 0 1
    outer loop
      vertex 103.827 24.2388 32
      vertex 103.06 22.3871 32
      vertex 103.998 21.9245 32
    endloop
  endfacet
  facet normal 0 0 1
    outer loop
      vertex 102.588 24.6593 32
      vertex 103.06 22.3871 32
      vertex 103.827 24.2388 32
    endloop
  endfacet
  facet normal 0 0 1
    outer loop
      vertex 102.588 24.6593 32
      vertex 102.069 22.7232 32
      vertex 103.06 22.3871 32
    endloop
  endfacet
  facet normal 0 0 1
    outer loop
      vertex 101.305 24.9144 32
      vertex 102.069 22.7232 32
      vertex 102.588 24.6593 32
    endloop
  endfacet
  facet normal 0 0 1
    outer loop
      vertex 101.305 24.9144 32
      vertex 100.987 22.9386 32
      vertex 102.069 22.7232 32
    endloop
  endfacet
  facet normal 0 0 1
    outer loop
      vertex 68.5221 28.9658 32
      vertex 100.987 22.9386 32
      vertex 101.305 24.9144 32
    endloop
  endfacet
  facet normal 0 0 1
    outer loop
      vertex 68.5221 28.9658 32
      vertex 68.3339 26.9738 32
      vertex 100.987 22.9386 32
    endloop
  endfacet
  facet normal 0 0 1
    outer loop
      vertex 68 29 32
      vertex 68.3339 26.9738 32
      vertex 68.5221 28.9658 32
    endloop
  endfacet
  facet normal 0 0 1
    outer loop
      vertex 68 29 32
      vertex 67.9346 27 32
      vertex 68.3339 26.9738 32
    endloop
  endfacet
  facet normal 0 0 1
    outer loop
      vertex 68 29 32
      vertex 63.6468 27 32
      vertex 67.9346 27 32
    endloop
  endfacet
  facet normal 0 0 1
    outer loop
      vertex 64.3801 22.6737 32
      vertex 62.6364 23.8636 32
      vertex 64.1213 22.3787 32
    endloop
  endfacet
  facet normal 0 0 1
    outer loop
      vertex 64.1213 22.3787 32
      vertex 62.6364 23.8636 32
      vertex 63.8263 22.1199 32
    endloop
  endfacet
  facet normal 0 0 1
    outer loop
      vertex 63.6468 27 32
      vertex 62.8315 24.8444 32
      vertex 62.9 24.5 32
    endloop
  endfacet
  facet normal 0 0 1
    outer loop
      vertex 63.6468 27 32
      vertex 62.6364 25.1364 32
      vertex 62.8315 24.8444 32
    endloop
  endfacet
  facet normal 0 0 1
    outer loop
      vertex 63.6468 27 32
      vertex 62.3444 25.3315 32
      vertex 62.6364 25.1364 32
    endloop
  endfacet
  facet normal 0 0 1
    outer loop
      vertex 63.6468 27 32
      vertex 62 25.4 32
      vertex 62.3444 25.3315 32
    endloop
  endfacet
  facet normal -0 0 1
    outer loop
      vertex 60.3532 27 32
      vertex 62 25.4 32
      vertex 63.6468 27 32
    endloop
  endfacet
  facet normal 0 0 1
    outer loop
      vertex 62 25.4 32
      vertex 60.3532 27 32
      vertex 61.6556 25.3315 32
    endloop
  endfacet
  facet normal 0 0 1
    outer loop
      vertex 61.6556 23.6685 32
      vertex 60.5 21.9019 32
      vertex 60.852 21.7284 32
    endloop
  endfacet
  facet normal 0 0 1
    outer loop
      vertex 59.0257 24.8916 32
      vertex 61.1 24.5 32
      vertex 61.1685 24.8444 32
    endloop
  endfacet
  facet normal -0 0 1
    outer loop
      vertex 59.8787 26.6213 32
      vertex 61.3636 25.1364 32
      vertex 60.1737 26.8801 32
    endloop
  endfacet
  facet normal -0 0 1
    outer loop
      vertex 60.1737 26.8801 32
      vertex 61.3636 25.1364 32
      vertex 60.3532 27 32
    endloop
  endfacet
  facet normal 0 0 1
    outer loop
      vertex 61.6556 25.3315 32
      vertex 60.3532 27 32
      vertex 61.3636 25.1364 32
    endloop
  endfacet
  facet normal 0 0 1
    outer loop
      vertex 68 29 32
      vertex 60.3532 27 32
      vertex 63.6468 27 32
    endloop
  endfacet
  facet normal -0 0 1
    outer loop
      vertex 22.3 29 32
      vertex 60.3532 27 32
      vertex 68 29 32
    endloop
  endfacet
  facet normal 0 0 1
    outer loop
      vertex 60.3532 27 32
      vertex 22.3 29 32
      vertex 22.3 27 32
    endloop
  endfacet
  facet normal -0 0 1
    outer loop
      vertex 107.723 -17.0695 32
      vertex 109.659 -17.5882 32
      vertex 107.927 -16.0435 32
    endloop
  endfacet
  facet normal 0 0 1
    outer loop
      vertex 109.659 -17.5882 32
      vertex 107.723 -17.0695 32
      vertex 109.239 -18.8268 32
    endloop
  endfacet
  facet normal -0 0 1
    outer loop
      vertex 107.387 -18.0598 32
      vertex 109.239 -18.8268 32
      vertex 107.723 -17.0695 32
    endloop
  endfacet
  facet normal 0 0 1
    outer loop
      vertex 109.239 -18.8268 32
      vertex 107.387 -18.0598 32
      vertex 108.66 -20 32
    endloop
  endfacet
  facet normal -0 0 1
    outer loop
      vertex 106.924 -18.9978 32
      vertex 108.66 -20 32
      vertex 107.387 -18.0598 32
    endloop
  endfacet
  facet normal 0 0 1
    outer loop
      vertex 108.66 -20 32
      vertex 106.924 -18.9978 32
      vertex 107.934 -21.0876 32
    endloop
  endfacet
  facet normal -0 0 1
    outer loop
      vertex 106.343 -19.8674 32
      vertex 107.934 -21.0876 32
      vertex 106.924 -18.9978 32
    endloop
  endfacet
  facet normal 0 0 1
    outer loop
      vertex 107.934 -21.0876 32
      vertex 106.343 -19.8674 32
      vertex 107.071 -22.0711 32
    endloop
  endfacet
  facet normal -0 0 1
    outer loop
      vertex 105.654 -20.6538 32
      vertex 107.071 -22.0711 32
      vertex 106.343 -19.8674 32
    endloop
  endfacet
  facet normal 0 0 1
    outer loop
      vertex 107.071 -22.0711 32
      vertex 105.654 -20.6538 32
      vertex 106.088 -22.9335 32
    endloop
  endfacet
  facet normal -0 0 1
    outer loop
      vertex 104.867 -21.3434 32
      vertex 106.088 -22.9335 32
      vertex 105.654 -20.6538 32
    endloop
  endfacet
  facet normal 0 0 1
    outer loop
      vertex 106.088 -22.9335 32
      vertex 104.867 -21.3434 32
      vertex 105 -23.6602 32
    endloop
  endfacet
  facet normal -0 0 1
    outer loop
      vertex 103.998 -21.9245 32
      vertex 105 -23.6602 32
      vertex 104.867 -21.3434 32
    endloop
  endfacet
  facet normal 0 0 1
    outer loop
      vertex 103.998 -21.9245 32
      vertex 103.827 -24.2388 32
      vertex 105 -23.6602 32
    endloop
  endfacet
  facet normal -0 0 1
    outer loop
      vertex 103.06 -22.3871 32
      vertex 103.827 -24.2388 32
      vertex 103.998 -21.9245 32
    endloop
  endfacet
  facet normal 0 0 1
    outer loop
      vertex 103.06 -22.3871 32
      vertex 102.588 -24.6593 32
      vertex 103.827 -24.2388 32
    endloop
  endfacet
  facet normal -0 0 1
    outer loop
      vertex 102.069 -22.7232 32
      vertex 102.588 -24.6593 32
      vertex 103.06 -22.3871 32
    endloop
  endfacet
  facet normal 0 0 1
    outer loop
      vertex 102.069 -22.7232 32
      vertex 101.305 -24.9144 32
      vertex 102.588 -24.6593 32
    endloop
  endfacet
  facet normal -0 0 1
    outer loop
      vertex 100.987 -22.9386 32
      vertex 101.305 -24.9144 32
      vertex 102.069 -22.7232 32
    endloop
  endfacet
  facet normal 0 0 1
    outer loop
      vertex 100.987 -22.9386 32
      vertex 68.5221 -28.9658 32
      vertex 101.305 -24.9144 32
    endloop
  endfacet
  facet normal -0 0 1
    outer loop
      vertex 68.3339 -26.9738 32
      vertex 68.5221 -28.9658 32
      vertex 100.987 -22.9386 32
    endloop
  endfacet
  facet normal 0 0 1
    outer loop
      vertex 68.3339 -26.9738 32
      vertex 68 -29 32
      vertex 68.5221 -28.9658 32
    endloop
  endfacet
  facet normal -0 0 1
    outer loop
      vertex 67.9346 -27 32
      vertex 68 -29 32
      vertex 68.3339 -26.9738 32
    endloop
  endfacet
  facet normal -0 0 1
    outer loop
      vertex 63.6468 -27 32
      vertex 68 -29 32
      vertex 67.9346 -27 32
    endloop
  endfacet
  facet normal 0 0 1
    outer loop
      vertex 62.3444 -23.6685 32
      vertex 63.5 -21.9019 32
      vertex 63.148 -21.7284 32
    endloop
  endfacet
  facet normal 0 0 1
    outer loop
      vertex 64.3801 -26.3263 32
      vertex 62.6364 -25.1364 32
      vertex 64.1213 -26.6213 32
    endloop
  endfacet
  facet normal 0 0 1
    outer loop
      vertex 64.1213 -26.6213 32
      vertex 62.6364 -25.1364 32
      vertex 63.8263 -26.8801 32
    endloop
  endfacet
  facet normal 0 0 1
    outer loop
      vertex 63.8263 -26.8801 32
      vertex 62.6364 -25.1364 32
      vertex 63.6468 -27 32
    endloop
  endfacet
  facet normal -0 0 1
    outer loop
      vertex 62.3444 -25.3315 32
      vertex 63.6468 -27 32
      vertex 62.6364 -25.1364 32
    endloop
  endfacet
  facet normal -0 0 1
    outer loop
      vertex 62 -25.4 32
      vertex 63.6468 -27 32
      vertex 62.3444 -25.3315 32
    endloop
  endfacet
  facet normal 0 0 1
    outer loop
      vertex 60.3532 -27 32
      vertex 62 -25.4 32
      vertex 61.6556 -25.3315 32
    endloop
  endfacet
  facet normal 0 0 1
    outer loop
      vertex 60.3532 -27 32
      vertex 61.6556 -25.3315 32
      vertex 61.3636 -25.1364 32
    endloop
  endfacet
  facet normal -0 0 1
    outer loop
      vertex 59.8787 -22.3787 32
      vertex 61.3636 -23.8636 32
      vertex 60.1737 -22.1199 32
    endloop
  endfacet
  facet normal -0 0 1
    outer loop
      vertex 59.6199 -22.6737 32
      vertex 61.3636 -23.8636 32
      vertex 59.8787 -22.3787 32
    endloop
  endfacet
  facet normal 0 0 1
    outer loop
      vertex 61.3636 -23.8636 32
      vertex 59.6199 -22.6737 32
      vertex 61.1685 -24.1556 32
    endloop
  endfacet
  facet normal 0 0 1
    outer loop
      vertex 60.1737 -26.8801 32
      vertex 61.3636 -25.1364 32
      vertex 61.1685 -24.8444 32
    endloop
  endfacet
  facet normal 0 0 1
    outer loop
      vertex 62 -25.4 32
      vertex 60.3532 -27 32
      vertex 63.6468 -27 32
    endloop
  endfacet
  facet normal -0 0 1
    outer loop
      vertex 60.3532 -27 32
      vertex 68 -29 32
      vertex 63.6468 -27 32
    endloop
  endfacet
  facet normal 0 0 1
    outer loop
      vertex 22.3 -29 32
      vertex 60.3532 -27 32
      vertex 22.3 -27 32
    endloop
  endfacet
  facet normal 0 0 1
    outer loop
      vertex 60.3532 -27 32
      vertex 22.3 -29 32
      vertex 68 -29 32
    endloop
  endfacet
  facet normal 0 0 1
    outer loop
      vertex 62.9 24.5 32
      vertex 65 24.5 32
      vertex 64.9743 24.8916 32
    endloop
  endfacet
  facet normal 0 0 1
    outer loop
      vertex 62.9 24.5 32
      vertex 64.9743 24.8916 32
      vertex 64.8978 25.2765 32
    endloop
  endfacet
  facet normal 0 0 1
    outer loop
      vertex 65 24.5 32
      vertex 62.9 24.5 32
      vertex 64.9743 24.1084 32
    endloop
  endfacet
  facet normal 0 0 1
    outer loop
      vertex 62.9 24.5 32
      vertex 64.8978 25.2765 32
      vertex 64.7716 25.648 32
    endloop
  endfacet
  facet normal 0 0 1
    outer loop
      vertex 64.9743 24.1084 32
      vertex 62.9 24.5 32
      vertex 64.8978 23.7235 32
    endloop
  endfacet
  facet normal 0 0 1
    outer loop
      vertex 62.9 24.5 32
      vertex 64.7716 25.648 32
      vertex 64.5981 26 32
    endloop
  endfacet
  facet normal -0 0 1
    outer loop
      vertex 62.8315 24.1556 32
      vertex 64.8978 23.7235 32
      vertex 62.9 24.5 32
    endloop
  endfacet
  facet normal 0 0 1
    outer loop
      vertex 62.9 24.5 32
      vertex 64.5981 26 32
      vertex 64.3801 26.3263 32
    endloop
  endfacet
  facet normal 0 0 1
    outer loop
      vertex 64.8978 23.7235 32
      vertex 62.8315 24.1556 32
      vertex 64.7716 23.3519 32
    endloop
  endfacet
  facet normal 0 0 1
    outer loop
      vertex 62.9 24.5 32
      vertex 64.3801 26.3263 32
      vertex 64.1213 26.6213 32
    endloop
  endfacet
  facet normal 0 0 1
    outer loop
      vertex 64.7716 23.3519 32
      vertex 62.8315 24.1556 32
      vertex 64.5981 23 32
    endloop
  endfacet
  facet normal 0 0 1
    outer loop
      vertex 62.9 24.5 32
      vertex 63.8263 26.8801 32
      vertex 63.6468 27 32
    endloop
  endfacet
  facet normal 0 0 1
    outer loop
      vertex 63.8263 26.8801 32
      vertex 62.9 24.5 32
      vertex 64.1213 26.6213 32
    endloop
  endfacet
  facet normal 0 0 1
    outer loop
      vertex 64.5981 23 32
      vertex 62.8315 24.1556 32
      vertex 64.3801 22.6737 32
    endloop
  endfacet
  facet normal -0 0 1
    outer loop
      vertex 62.6364 23.8636 32
      vertex 64.3801 22.6737 32
      vertex 62.8315 24.1556 32
    endloop
  endfacet
  facet normal -0 0 1
    outer loop
      vertex 59.4019 -23 32
      vertex 61.1685 -24.1556 32
      vertex 59.6199 -22.6737 32
    endloop
  endfacet
  facet normal -0 0 1
    outer loop
      vertex 59.2284 -23.3519 32
      vertex 61.1685 -24.1556 32
      vertex 59.4019 -23 32
    endloop
  endfacet
  facet normal 0 -0 1
    outer loop
      vertex 60.1737 -26.8801 32
      vertex 61.1685 -24.8444 32
      vertex 59.8787 -26.6213 32
    endloop
  endfacet
  facet normal 0 0 1
    outer loop
      vertex 61.3636 -25.1364 32
      vertex 60.1737 -26.8801 32
      vertex 60.3532 -27 32
    endloop
  endfacet
  facet normal -0 0 1
    outer loop
      vertex 59.1022 -23.7235 32
      vertex 61.1685 -24.1556 32
      vertex 59.2284 -23.3519 32
    endloop
  endfacet
  facet normal 0 0 1
    outer loop
      vertex 61.1685 -24.8444 32
      vertex 59.6199 -26.3263 32
      vertex 59.8787 -26.6213 32
    endloop
  endfacet
  facet normal 0 0 1
    outer loop
      vertex 61.1685 -24.1556 32
      vertex 59.1022 -23.7235 32
      vertex 61.1 -24.5 32
    endloop
  endfacet
  facet normal 0 0 1
    outer loop
      vertex 61.1685 -24.8444 32
      vertex 59.4019 -26 32
      vertex 59.6199 -26.3263 32
    endloop
  endfacet
  facet normal -0 0 1
    outer loop
      vertex 59.0257 -24.1084 32
      vertex 61.1 -24.5 32
      vertex 59.1022 -23.7235 32
    endloop
  endfacet
  facet normal 0 0 1
    outer loop
      vertex 61.1685 -24.8444 32
      vertex 59.2284 -25.648 32
      vertex 59.4019 -26 32
    endloop
  endfacet
  facet normal 0 0 1
    outer loop
      vertex 59 -24.5 32
      vertex 61.1 -24.5 32
      vertex 59.0257 -24.1084 32
    endloop
  endfacet
  facet normal 0 0 1
    outer loop
      vertex 61.1685 -24.8444 32
      vertex 59.1022 -25.2765 32
      vertex 59.2284 -25.648 32
    endloop
  endfacet
  facet normal 0 -0 1
    outer loop
      vertex 59.0257 -24.8916 32
      vertex 61.1 -24.5 32
      vertex 59 -24.5 32
    endloop
  endfacet
  facet normal 0 0 1
    outer loop
      vertex 61.1685 -24.8444 32
      vertex 59.0257 -24.8916 32
      vertex 59.1022 -25.2765 32
    endloop
  endfacet
  facet normal 0 0 1
    outer loop
      vertex 61.1 -24.5 32
      vertex 59.0257 -24.8916 32
      vertex 61.1685 -24.8444 32
    endloop
  endfacet
  facet normal -0 0 1
    outer loop
      vertex 59.6199 26.3263 32
      vertex 61.3636 25.1364 32
      vertex 59.8787 26.6213 32
    endloop
  endfacet
  facet normal 0 0 1
    outer loop
      vertex 61.1685 24.1556 32
      vertex 60.1737 22.1199 32
      vertex 60.5 21.9019 32
    endloop
  endfacet
  facet normal 0 0 1
    outer loop
      vertex 61.3636 25.1364 32
      vertex 59.6199 26.3263 32
      vertex 61.1685 24.8444 32
    endloop
  endfacet
  facet normal 0 0 1
    outer loop
      vertex 61.1685 24.1556 32
      vertex 59.8787 22.3787 32
      vertex 60.1737 22.1199 32
    endloop
  endfacet
  facet normal -0 0 1
    outer loop
      vertex 59.4019 26 32
      vertex 61.1685 24.8444 32
      vertex 59.6199 26.3263 32
    endloop
  endfacet
  facet normal 0 0 1
    outer loop
      vertex 61.1685 24.1556 32
      vertex 59.6199 22.6737 32
      vertex 59.8787 22.3787 32
    endloop
  endfacet
  facet normal -0 0 1
    outer loop
      vertex 59.2284 25.648 32
      vertex 61.1685 24.8444 32
      vertex 59.4019 26 32
    endloop
  endfacet
  facet normal 0 0 1
    outer loop
      vertex 61.1685 24.1556 32
      vertex 59.4019 23 32
      vertex 59.6199 22.6737 32
    endloop
  endfacet
  facet normal -0 0 1
    outer loop
      vertex 59.1022 25.2765 32
      vertex 61.1685 24.8444 32
      vertex 59.2284 25.648 32
    endloop
  endfacet
  facet normal 0 0 1
    outer loop
      vertex 61.1685 24.1556 32
      vertex 59.2284 23.3519 32
      vertex 59.4019 23 32
    endloop
  endfacet
  facet normal -0 0 1
    outer loop
      vertex 59.0257 24.8916 32
      vertex 61.1685 24.8444 32
      vertex 59.1022 25.2765 32
    endloop
  endfacet
  facet normal 0 0 1
    outer loop
      vertex 61.1685 24.1556 32
      vertex 59.1022 23.7235 32
      vertex 59.2284 23.3519 32
    endloop
  endfacet
  facet normal 0 0 1
    outer loop
      vertex 61.1 24.5 32
      vertex 59.0257 24.8916 32
      vertex 59 24.5 32
    endloop
  endfacet
  facet normal 0 0 1
    outer loop
      vertex 61.1 24.5 32
      vertex 59.0257 24.1084 32
      vertex 59.1022 23.7235 32
    endloop
  endfacet
  facet normal 0 0 1
    outer loop
      vertex 61.1 24.5 32
      vertex 59 24.5 32
      vertex 59.0257 24.1084 32
    endloop
  endfacet
  facet normal 0 0 1
    outer loop
      vertex 64.8978 -23.7235 32
      vertex 62.8315 -24.1556 32
      vertex 62.9 -24.5 32
    endloop
  endfacet
  facet normal 0 0 1
    outer loop
      vertex 62.3444 -23.6685 32
      vertex 63.148 -21.7284 32
      vertex 62.7765 -21.6022 32
    endloop
  endfacet
  facet normal 0 0 1
    outer loop
      vertex 64.3801 -22.6737 32
      vertex 62.6364 -23.8636 32
      vertex 62.8315 -24.1556 32
    endloop
  endfacet
  facet normal 0 0 1
    outer loop
      vertex 62.3444 -23.6685 32
      vertex 62.7765 -21.6022 32
      vertex 62.3916 -21.5257 32
    endloop
  endfacet
  facet normal 0 0 1
    outer loop
      vertex 63.5 -21.9019 32
      vertex 62.3444 -23.6685 32
      vertex 62.6364 -23.8636 32
    endloop
  endfacet
  facet normal 0 0 1
    outer loop
      vertex 62 -23.6 32
      vertex 62.3916 -21.5257 32
      vertex 62 -21.5 32
    endloop
  endfacet
  facet normal 0 0 1
    outer loop
      vertex 62.3916 -21.5257 32
      vertex 62 -23.6 32
      vertex 62.3444 -23.6685 32
    endloop
  endfacet
  facet normal -0 0 1
    outer loop
      vertex 61.6084 -21.5257 32
      vertex 62 -23.6 32
      vertex 62 -21.5 32
    endloop
  endfacet
  facet normal 0 0 1
    outer loop
      vertex 62 -23.6 32
      vertex 61.6084 -21.5257 32
      vertex 61.6556 -23.6685 32
    endloop
  endfacet
  facet normal -0 0 1
    outer loop
      vertex 61.2235 -21.6022 32
      vertex 61.6556 -23.6685 32
      vertex 61.6084 -21.5257 32
    endloop
  endfacet
  facet normal -0 0 1
    outer loop
      vertex 60.852 -21.7284 32
      vertex 61.6556 -23.6685 32
      vertex 61.2235 -21.6022 32
    endloop
  endfacet
  facet normal -0 0 1
    outer loop
      vertex 60.5 -21.9019 32
      vertex 61.6556 -23.6685 32
      vertex 60.852 -21.7284 32
    endloop
  endfacet
  facet normal 0 0 1
    outer loop
      vertex 61.6556 -23.6685 32
      vertex 60.5 -21.9019 32
      vertex 61.3636 -23.8636 32
    endloop
  endfacet
  facet normal -0 0 1
    outer loop
      vertex 60.1737 -22.1199 32
      vertex 61.3636 -23.8636 32
      vertex 60.5 -21.9019 32
    endloop
  endfacet
  facet normal 0 0 1
    outer loop
      vertex 63.8263 22.1199 32
      vertex 62.6364 23.8636 32
      vertex 63.5 21.9019 32
    endloop
  endfacet
  facet normal -0 0 1
    outer loop
      vertex 62.3444 23.6685 32
      vertex 63.5 21.9019 32
      vertex 62.6364 23.8636 32
    endloop
  endfacet
  facet normal 0 0 1
    outer loop
      vertex 63.5 21.9019 32
      vertex 62.3444 23.6685 32
      vertex 63.148 21.7284 32
    endloop
  endfacet
  facet normal 0 0 1
    outer loop
      vertex 63.148 21.7284 32
      vertex 62.3444 23.6685 32
      vertex 62.7765 21.6022 32
    endloop
  endfacet
  facet normal 0 0 1
    outer loop
      vertex 62.7765 21.6022 32
      vertex 62.3444 23.6685 32
      vertex 62.3916 21.5257 32
    endloop
  endfacet
  facet normal -0 0 1
    outer loop
      vertex 62 23.6 32
      vertex 62.3916 21.5257 32
      vertex 62.3444 23.6685 32
    endloop
  endfacet
  facet normal 0 0 1
    outer loop
      vertex 62 23.6 32
      vertex 62 21.5 32
      vertex 62.3916 21.5257 32
    endloop
  endfacet
  facet normal 0 0 1
    outer loop
      vertex 61.6084 21.5257 32
      vertex 62 23.6 32
      vertex 61.6556 23.6685 32
    endloop
  endfacet
  facet normal 0 0 1
    outer loop
      vertex 62 23.6 32
      vertex 61.6084 21.5257 32
      vertex 62 21.5 32
    endloop
  endfacet
  facet normal 0 0 1
    outer loop
      vertex 60.5 21.9019 32
      vertex 61.6556 23.6685 32
      vertex 61.3636 23.8636 32
    endloop
  endfacet
  facet normal 0 0 1
    outer loop
      vertex 61.6556 23.6685 32
      vertex 61.2235 21.6022 32
      vertex 61.6084 21.5257 32
    endloop
  endfacet
  facet normal 0 0 1
    outer loop
      vertex 60.5 21.9019 32
      vertex 61.3636 23.8636 32
      vertex 61.1685 24.1556 32
    endloop
  endfacet
  facet normal 0 0 1
    outer loop
      vertex 59.1022 23.7235 32
      vertex 61.1685 24.1556 32
      vertex 61.1 24.5 32
    endloop
  endfacet
  facet normal 0 0 1
    outer loop
      vertex 61.6556 23.6685 32
      vertex 60.852 21.7284 32
      vertex 61.2235 21.6022 32
    endloop
  endfacet
  facet normal 0 0 1
    outer loop
      vertex 5.4 -24.5 32
      vertex 7.5 -24.5 32
      vertex 7.47433 -24.1084 32
    endloop
  endfacet
  facet normal 0 0 1
    outer loop
      vertex 5.4 -24.5 32
      vertex 7.47433 -24.1084 32
      vertex 7.39778 -23.7235 32
    endloop
  endfacet
  facet normal 0 0 1
    outer loop
      vertex 7.5 -24.5 32
      vertex 5.4 -24.5 32
      vertex 7.47433 -24.8916 32
    endloop
  endfacet
  facet normal 0 0 1
    outer loop
      vertex 5.33149 -24.1556 32
      vertex 7.39778 -23.7235 32
      vertex 7.27164 -23.3519 32
    endloop
  endfacet
  facet normal 0 0 1
    outer loop
      vertex 7.47433 -24.8916 32
      vertex 5.4 -24.5 32
      vertex 7.39778 -25.2765 32
    endloop
  endfacet
  facet normal 0 0 1
    outer loop
      vertex 5.33149 -24.1556 32
      vertex 7.27164 -23.3519 32
      vertex 7.09808 -23 32
    endloop
  endfacet
  facet normal -0 0 1
    outer loop
      vertex 5.33149 -24.8444 32
      vertex 7.39778 -25.2765 32
      vertex 5.4 -24.5 32
    endloop
  endfacet
  facet normal 0 0 1
    outer loop
      vertex 5.33149 -24.1556 32
      vertex 7.09808 -23 32
      vertex 6.88006 -22.6737 32
    endloop
  endfacet
  facet normal 0 0 1
    outer loop
      vertex 7.39778 -25.2765 32
      vertex 5.33149 -24.8444 32
      vertex 7.27164 -25.648 32
    endloop
  endfacet
  facet normal 0 0 1
    outer loop
      vertex 5.1364 -23.8636 32
      vertex 6.88006 -22.6737 32
      vertex 6.62132 -22.3787 32
    endloop
  endfacet
  facet normal 0 0 1
    outer loop
      vertex 7.27164 -25.648 32
      vertex 5.33149 -24.8444 32
      vertex 7.09808 -26 32
    endloop
  endfacet
  facet normal 0 0 1
    outer loop
      vertex 5.1364 -23.8636 32
      vertex 6.62132 -22.3787 32
      vertex 6.32628 -22.1199 32
    endloop
  endfacet
  facet normal 0 0 1
    outer loop
      vertex 7.09808 -26 32
      vertex 5.33149 -24.8444 32
      vertex 6.88006 -26.3263 32
    endloop
  endfacet
  facet normal -0 0 1
    outer loop
      vertex 5.1364 -25.1364 32
      vertex 6.88006 -26.3263 32
      vertex 5.33149 -24.8444 32
    endloop
  endfacet
  facet normal 0 0 1
    outer loop
      vertex 5.1364 -23.8636 32
      vertex 6.32628 -22.1199 32
      vertex 6 -21.9019 32
    endloop
  endfacet
  facet normal -0 0 1
    outer loop
      vertex 6.14678 -27 32
      vertex 17.7 -29 32
      vertex 17.7 -27 32
    endloop
  endfacet
  facet normal 0 0 1
    outer loop
      vertex 4.84441 -23.6685 32
      vertex 6 -21.9019 32
      vertex 5.64805 -21.7284 32
    endloop
  endfacet
  facet normal 0 0 1
    outer loop
      vertex 6.88006 -26.3263 32
      vertex 5.1364 -25.1364 32
      vertex 6.62132 -26.6213 32
    endloop
  endfacet
  facet normal 0 0 1
    outer loop
      vertex 6.62132 -26.6213 32
      vertex 5.1364 -25.1364 32
      vertex 6.32628 -26.8801 32
    endloop
  endfacet
  facet normal 0 0 1
    outer loop
      vertex 6.32628 -26.8801 32
      vertex 5.1364 -25.1364 32
      vertex 6.14678 -27 32
    endloop
  endfacet
  facet normal -0 0 1
    outer loop
      vertex 4.84441 -25.3315 32
      vertex 6.14678 -27 32
      vertex 5.1364 -25.1364 32
    endloop
  endfacet
  facet normal -0 0 1
    outer loop
      vertex 4.5 -25.4 32
      vertex 6.14678 -27 32
      vertex 4.84441 -25.3315 32
    endloop
  endfacet
  facet normal 0 0 1
    outer loop
      vertex 4 -29 32
      vertex 4.5 -25.4 32
      vertex 4.15558 -25.3315 32
    endloop
  endfacet
  facet normal 0 0 1
    outer loop
      vertex 6.14678 -27 32
      vertex 4 -29 32
      vertex 17.7 -29 32
    endloop
  endfacet
  facet normal 0 0 1
    outer loop
      vertex 4.5 -25.4 32
      vertex 4 -29 32
      vertex 6.14678 -27 32
    endloop
  endfacet
  facet normal 0 0 1
    outer loop
      vertex 2 -28.4641 32
      vertex 4.15558 -25.3315 32
      vertex 3.8636 -25.1364 32
    endloop
  endfacet
  facet normal 0 0 1
    outer loop
      vertex 0.535889 -27 32
      vertex 3.8636 -25.1364 32
      vertex 3.66851 -24.8444 32
    endloop
  endfacet
  facet normal 0 0 1
    outer loop
      vertex 0 -25 32
      vertex 3.66851 -24.8444 32
      vertex 3.6 -24.5 32
    endloop
  endfacet
  facet normal 0 0 1
    outer loop
      vertex 4.15558 -25.3315 32
      vertex 3.47789 -28.9658 32
      vertex 4 -29 32
    endloop
  endfacet
  facet normal 0 0 1
    outer loop
      vertex 7.39778 -23.7235 32
      vertex 5.33149 -24.1556 32
      vertex 5.4 -24.5 32
    endloop
  endfacet
  facet normal 0 0 1
    outer loop
      vertex 4.84441 -23.6685 32
      vertex 5.64805 -21.7284 32
      vertex 5.27646 -21.6022 32
    endloop
  endfacet
  facet normal 0 0 1
    outer loop
      vertex 6.88006 -22.6737 32
      vertex 5.1364 -23.8636 32
      vertex 5.33149 -24.1556 32
    endloop
  endfacet
  facet normal 0 0 1
    outer loop
      vertex 4.84441 -23.6685 32
      vertex 5.27646 -21.6022 32
      vertex 4.89158 -21.5257 32
    endloop
  endfacet
  facet normal 0 0 1
    outer loop
      vertex 6 -21.9019 32
      vertex 4.84441 -23.6685 32
      vertex 5.1364 -23.8636 32
    endloop
  endfacet
  facet normal 0 0 1
    outer loop
      vertex 4.5 -23.6 32
      vertex 4.89158 -21.5257 32
      vertex 4.5 -21.5 32
    endloop
  endfacet
  facet normal 0 0 1
    outer loop
      vertex 4.89158 -21.5257 32
      vertex 4.5 -23.6 32
      vertex 4.84441 -23.6685 32
    endloop
  endfacet
  facet normal -0 0 1
    outer loop
      vertex 4.10842 -21.5257 32
      vertex 4.5 -23.6 32
      vertex 4.5 -21.5 32
    endloop
  endfacet
  facet normal 0 0 1
    outer loop
      vertex 4.5 -23.6 32
      vertex 4.10842 -21.5257 32
      vertex 4.15558 -23.6685 32
    endloop
  endfacet
  facet normal -0 0 1
    outer loop
      vertex 3.72354 -21.6022 32
      vertex 4.15558 -23.6685 32
      vertex 4.10842 -21.5257 32
    endloop
  endfacet
  facet normal -0 0 1
    outer loop
      vertex 3.35195 -21.7284 32
      vertex 4.15558 -23.6685 32
      vertex 3.72354 -21.6022 32
    endloop
  endfacet
  facet normal -0 0 1
    outer loop
      vertex 3 -21.9019 32
      vertex 4.15558 -23.6685 32
      vertex 3.35195 -21.7284 32
    endloop
  endfacet
  facet normal 0 0 1
    outer loop
      vertex 4.15558 -23.6685 32
      vertex 3 -21.9019 32
      vertex 3.8636 -23.8636 32
    endloop
  endfacet
  facet normal -0 0 1
    outer loop
      vertex 2.67372 -22.1199 32
      vertex 3.8636 -23.8636 32
      vertex 3 -21.9019 32
    endloop
  endfacet
  facet normal -0 0 1
    outer loop
      vertex 2.37868 -22.3787 32
      vertex 3.8636 -23.8636 32
      vertex 2.67372 -22.1199 32
    endloop
  endfacet
  facet normal -0 0 1
    outer loop
      vertex 2.11994 -22.6737 32
      vertex 3.8636 -23.8636 32
      vertex 2.37868 -22.3787 32
    endloop
  endfacet
  facet normal 0 0 1
    outer loop
      vertex 0 -25 32
      vertex 3.6 -24.5 32
      vertex 2 -22.8532 32
    endloop
  endfacet
  facet normal -0 0 1
    outer loop
      vertex 2 -22.8532 32
      vertex 3.8636 -23.8636 32
      vertex 2.11994 -22.6737 32
    endloop
  endfacet
  facet normal 0 0 1
    outer loop
      vertex 4.15558 -25.3315 32
      vertex 2.96472 -28.8637 32
      vertex 3.47789 -28.9658 32
    endloop
  endfacet
  facet normal 0 0 1
    outer loop
      vertex 3.8636 -23.8636 32
      vertex 2 -22.8532 32
      vertex 3.66851 -24.1556 32
    endloop
  endfacet
  facet normal 0 0 1
    outer loop
      vertex 3.66851 -24.1556 32
      vertex 2 -22.8532 32
      vertex 3.6 -24.5 32
    endloop
  endfacet
  facet normal 0 0 1
    outer loop
      vertex 4.15558 -25.3315 32
      vertex 2.46925 -28.6955 32
      vertex 2.96472 -28.8637 32
    endloop
  endfacet
  facet normal 0 0 1
    outer loop
      vertex 4.15558 -25.3315 32
      vertex 2 -28.4641 32
      vertex 2.46925 -28.6955 32
    endloop
  endfacet
  facet normal 0 0 1
    outer loop
      vertex 17.7 29 32
      vertex 6.14678 27 32
      vertex 17.7 27 32
    endloop
  endfacet
  facet normal 0 0 1
    outer loop
      vertex 6.88006 22.6737 32
      vertex 5.1364 23.8636 32
      vertex 6.62132 22.3787 32
    endloop
  endfacet
  facet normal 0 0 1
    outer loop
      vertex 6.62132 22.3787 32
      vertex 5.1364 23.8636 32
      vertex 6.32628 22.1199 32
    endloop
  endfacet
  facet normal 0 0 1
    outer loop
      vertex 6.14678 27 32
      vertex 5.33149 24.8444 32
      vertex 5.4 24.5 32
    endloop
  endfacet
  facet normal 0 0 1
    outer loop
      vertex 6.14678 27 32
      vertex 5.1364 25.1364 32
      vertex 5.33149 24.8444 32
    endloop
  endfacet
  facet normal 0 0 1
    outer loop
      vertex 6.14678 27 32
      vertex 4.84441 25.3315 32
      vertex 5.1364 25.1364 32
    endloop
  endfacet
  facet normal 0 0 1
    outer loop
      vertex 6.14678 27 32
      vertex 4.5 25.4 32
      vertex 4.84441 25.3315 32
    endloop
  endfacet
  facet normal 0 0 1
    outer loop
      vertex 4 29 32
      vertex 4.5 25.4 32
      vertex 6.14678 27 32
    endloop
  endfacet
  facet normal -0 0 1
    outer loop
      vertex 4 29 32
      vertex 6.14678 27 32
      vertex 17.7 29 32
    endloop
  endfacet
  facet normal 0 0 1
    outer loop
      vertex 4.5 25.4 32
      vertex 4 29 32
      vertex 4.15558 25.3315 32
    endloop
  endfacet
  facet normal -0 0 1
    outer loop
      vertex 3.47789 28.9658 32
      vertex 4.15558 25.3315 32
      vertex 4 29 32
    endloop
  endfacet
  facet normal -0 0 1
    outer loop
      vertex 2.96472 28.8637 32
      vertex 4.15558 25.3315 32
      vertex 3.47789 28.9658 32
    endloop
  endfacet
  facet normal -0 0 1
    outer loop
      vertex 2.46925 28.6955 32
      vertex 4.15558 25.3315 32
      vertex 2.96472 28.8637 32
    endloop
  endfacet
  facet normal -0 0 1
    outer loop
      vertex 2 28.4641 32
      vertex 4.15558 25.3315 32
      vertex 2.46925 28.6955 32
    endloop
  endfacet
  facet normal 0 0 1
    outer loop
      vertex 5.4 24.5 32
      vertex 7.5 24.5 32
      vertex 7.47433 24.8916 32
    endloop
  endfacet
  facet normal 0 0 1
    outer loop
      vertex 5.4 24.5 32
      vertex 7.47433 24.8916 32
      vertex 7.39778 25.2765 32
    endloop
  endfacet
  facet normal 0 0 1
    outer loop
      vertex 7.5 24.5 32
      vertex 5.4 24.5 32
      vertex 7.47433 24.1084 32
    endloop
  endfacet
  facet normal 0 0 1
    outer loop
      vertex 5.4 24.5 32
      vertex 7.39778 25.2765 32
      vertex 7.27164 25.648 32
    endloop
  endfacet
  facet normal 0 0 1
    outer loop
      vertex 7.47433 24.1084 32
      vertex 5.4 24.5 32
      vertex 7.39778 23.7235 32
    endloop
  endfacet
  facet normal 0 0 1
    outer loop
      vertex 5.4 24.5 32
      vertex 7.27164 25.648 32
      vertex 7.09808 26 32
    endloop
  endfacet
  facet normal -0 0 1
    outer loop
      vertex 5.33149 24.1556 32
      vertex 7.39778 23.7235 32
      vertex 5.4 24.5 32
    endloop
  endfacet
  facet normal 0 0 1
    outer loop
      vertex 5.4 24.5 32
      vertex 7.09808 26 32
      vertex 6.88006 26.3263 32
    endloop
  endfacet
  facet normal 0 0 1
    outer loop
      vertex 7.39778 23.7235 32
      vertex 5.33149 24.1556 32
      vertex 7.27164 23.3519 32
    endloop
  endfacet
  facet normal 0 0 1
    outer loop
      vertex 5.4 24.5 32
      vertex 6.88006 26.3263 32
      vertex 6.62132 26.6213 32
    endloop
  endfacet
  facet normal 0 0 1
    outer loop
      vertex 7.27164 23.3519 32
      vertex 5.33149 24.1556 32
      vertex 7.09808 23 32
    endloop
  endfacet
  facet normal 0 0 1
    outer loop
      vertex 5.4 24.5 32
      vertex 6.32628 26.8801 32
      vertex 6.14678 27 32
    endloop
  endfacet
  facet normal 0 0 1
    outer loop
      vertex 6.32628 26.8801 32
      vertex 5.4 24.5 32
      vertex 6.62132 26.6213 32
    endloop
  endfacet
  facet normal 0 0 1
    outer loop
      vertex 7.09808 23 32
      vertex 5.33149 24.1556 32
      vertex 6.88006 22.6737 32
    endloop
  endfacet
  facet normal -0 0 1
    outer loop
      vertex 5.1364 23.8636 32
      vertex 6.88006 22.6737 32
      vertex 5.33149 24.1556 32
    endloop
  endfacet
  facet normal 0 0 1
    outer loop
      vertex 6.32628 22.1199 32
      vertex 5.1364 23.8636 32
      vertex 6 21.9019 32
    endloop
  endfacet
  facet normal -0 0 1
    outer loop
      vertex 4.84441 23.6685 32
      vertex 6 21.9019 32
      vertex 5.1364 23.8636 32
    endloop
  endfacet
  facet normal 0 0 1
    outer loop
      vertex 6 21.9019 32
      vertex 4.84441 23.6685 32
      vertex 5.64805 21.7284 32
    endloop
  endfacet
  facet normal 0 0 1
    outer loop
      vertex 5.64805 21.7284 32
      vertex 4.84441 23.6685 32
      vertex 5.27646 21.6022 32
    endloop
  endfacet
  facet normal 0 0 1
    outer loop
      vertex 5.27646 21.6022 32
      vertex 4.84441 23.6685 32
      vertex 4.89158 21.5257 32
    endloop
  endfacet
  facet normal -0 0 1
    outer loop
      vertex 4.5 23.6 32
      vertex 4.89158 21.5257 32
      vertex 4.84441 23.6685 32
    endloop
  endfacet
  facet normal 0 0 1
    outer loop
      vertex 4.5 23.6 32
      vertex 4.5 21.5 32
      vertex 4.89158 21.5257 32
    endloop
  endfacet
  facet normal 0 0 1
    outer loop
      vertex 4.10842 21.5257 32
      vertex 4.5 23.6 32
      vertex 4.15558 23.6685 32
    endloop
  endfacet
  facet normal 0 0 1
    outer loop
      vertex 4.5 23.6 32
      vertex 4.10842 21.5257 32
      vertex 4.5 21.5 32
    endloop
  endfacet
  facet normal 0 0 1
    outer loop
      vertex 3 21.9019 32
      vertex 4.15558 23.6685 32
      vertex 3.8636 23.8636 32
    endloop
  endfacet
  facet normal 0 0 1
    outer loop
      vertex 4.15558 23.6685 32
      vertex 3.72354 21.6022 32
      vertex 4.10842 21.5257 32
    endloop
  endfacet
  facet normal 0 0 1
    outer loop
      vertex 2 22.8532 32
      vertex 3.8636 23.8636 32
      vertex 3.66851 24.1556 32
    endloop
  endfacet
  facet normal 0 0 1
    outer loop
      vertex 2 22.8532 32
      vertex 3.66851 24.1556 32
      vertex 3.6 24.5 32
    endloop
  endfacet
  facet normal 0 0 1
    outer loop
      vertex 4.15558 23.6685 32
      vertex 3.35195 21.7284 32
      vertex 3.72354 21.6022 32
    endloop
  endfacet
  facet normal 0 0 1
    outer loop
      vertex 4.15558 25.3315 32
      vertex 2 28.4641 32
      vertex 3.8636 25.1364 32
    endloop
  endfacet
  facet normal 0 0 1
    outer loop
      vertex 3.8636 23.8636 32
      vertex 2 22.8532 32
      vertex 2.11994 22.6737 32
    endloop
  endfacet
  facet normal -0 0 1
    outer loop
      vertex 1.56494 28.1734 32
      vertex 3.8636 25.1364 32
      vertex 2 28.4641 32
    endloop
  endfacet
  facet normal 0 0 1
    outer loop
      vertex 4.15558 23.6685 32
      vertex 3 21.9019 32
      vertex 3.35195 21.7284 32
    endloop
  endfacet
  facet normal -0 0 1
    outer loop
      vertex 1.17157 27.8284 32
      vertex 3.8636 25.1364 32
      vertex 1.56494 28.1734 32
    endloop
  endfacet
  facet normal 0 0 1
    outer loop
      vertex 3.8636 23.8636 32
      vertex 2.67372 22.1199 32
      vertex 3 21.9019 32
    endloop
  endfacet
  facet normal 0 0 1
    outer loop
      vertex 3.8636 23.8636 32
      vertex 2.37868 22.3787 32
      vertex 2.67372 22.1199 32
    endloop
  endfacet
  facet normal -0 0 1
    outer loop
      vertex 0.826584 27.435 32
      vertex 3.8636 25.1364 32
      vertex 1.17157 27.8284 32
    endloop
  endfacet
  facet normal 0 0 1
    outer loop
      vertex 3.8636 23.8636 32
      vertex 2.11994 22.6737 32
      vertex 2.37868 22.3787 32
    endloop
  endfacet
  facet normal -0 0 1
    outer loop
      vertex 0.535889 27 32
      vertex 3.8636 25.1364 32
      vertex 0.826584 27.435 32
    endloop
  endfacet
  facet normal 0 0 1
    outer loop
      vertex 2 22.8532 32
      vertex 0 25 32
      vertex 2 -22.8532 32
    endloop
  endfacet
  facet normal 0 0 1
    outer loop
      vertex 3.8636 25.1364 32
      vertex 0.535889 27 32
      vertex 3.66851 24.8444 32
    endloop
  endfacet
  facet normal 0 0 1
    outer loop
      vertex 0 -25 32
      vertex 2 -22.8532 32
      vertex 0 25 32
    endloop
  endfacet
  facet normal -0 0 1
    outer loop
      vertex 0.304474 26.5307 32
      vertex 3.66851 24.8444 32
      vertex 0.535889 27 32
    endloop
  endfacet
  facet normal 0 0 1
    outer loop
      vertex 3.66851 -24.8444 32
      vertex 0 -25 32
      vertex 0.0342102 -25.5221 32
    endloop
  endfacet
  facet normal -0 0 1
    outer loop
      vertex 0.136292 26.0353 32
      vertex 3.66851 24.8444 32
      vertex 0.304474 26.5307 32
    endloop
  endfacet
  facet normal 0 0 1
    outer loop
      vertex 3.8636 -25.1364 32
      vertex 1.56494 -28.1734 32
      vertex 2 -28.4641 32
    endloop
  endfacet
  facet normal -0 0 1
    outer loop
      vertex 0.0342102 25.5221 32
      vertex 3.66851 24.8444 32
      vertex 0.136292 26.0353 32
    endloop
  endfacet
  facet normal 0 0 1
    outer loop
      vertex 3.8636 -25.1364 32
      vertex 1.17157 -27.8284 32
      vertex 1.56494 -28.1734 32
    endloop
  endfacet
  facet normal -0 0 1
    outer loop
      vertex 0 25 32
      vertex 3.66851 24.8444 32
      vertex 0.0342102 25.5221 32
    endloop
  endfacet
  facet normal 0 0 1
    outer loop
      vertex 3.8636 -25.1364 32
      vertex 0.826584 -27.435 32
      vertex 1.17157 -27.8284 32
    endloop
  endfacet
  facet normal 0 0 1
    outer loop
      vertex 3.66851 24.8444 32
      vertex 0 25 32
      vertex 3.6 24.5 32
    endloop
  endfacet
  facet normal 0 0 1
    outer loop
      vertex 3.8636 -25.1364 32
      vertex 0.535889 -27 32
      vertex 0.826584 -27.435 32
    endloop
  endfacet
  facet normal 0 0 1
    outer loop
      vertex 3.6 24.5 32
      vertex 0 25 32
      vertex 2 22.8532 32
    endloop
  endfacet
  facet normal 0 0 1
    outer loop
      vertex 3.66851 -24.8444 32
      vertex 0.304474 -26.5307 32
      vertex 0.535889 -27 32
    endloop
  endfacet
  facet normal 0 0 1
    outer loop
      vertex 3.66851 -24.8444 32
      vertex 0.136292 -26.0353 32
      vertex 0.304474 -26.5307 32
    endloop
  endfacet
  facet normal 0 0 1
    outer loop
      vertex 3.66851 -24.8444 32
      vertex 0.0342102 -25.5221 32
      vertex 0.136292 -26.0353 32
    endloop
  endfacet
  facet normal 0.321582 -0.946882 0
    outer loop
      vertex 5.27646 21.6022 12
      vertex 5.64805 21.7284 32
      vertex 5.27646 21.6022 32
    endloop
  endfacet
  facet normal 0.321582 -0.946882 0
    outer loop
      vertex 5.64805 21.7284 32
      vertex 5.27646 21.6022 12
      vertex 5.64805 21.7284 12
    endloop
  endfacet
  facet normal 0.44216 -0.896936 0
    outer loop
      vertex 5.64805 21.7284 12
      vertex 6 21.9019 32
      vertex 5.64805 21.7284 32
    endloop
  endfacet
  facet normal 0.44216 -0.896936 0
    outer loop
      vertex 6 21.9019 32
      vertex 5.64805 21.7284 12
      vertex 6 21.9019 12
    endloop
  endfacet
  facet normal 0.946931 -0.321437 0
    outer loop
      vertex 7.27164 23.3519 32
      vertex 7.39778 23.7235 12
      vertex 7.39778 23.7235 32
    endloop
  endfacet
  facet normal 0.946931 -0.321437 0
    outer loop
      vertex 7.39778 23.7235 12
      vertex 7.27164 23.3519 32
      vertex 7.27164 23.3519 12
    endloop
  endfacet
  facet normal -0.19495 -0.980813 0
    outer loop
      vertex 3.72354 21.6022 12
      vertex 4.10842 21.5257 32
      vertex 3.72354 21.6022 32
    endloop
  endfacet
  facet normal -0.19495 -0.980813 -0
    outer loop
      vertex 4.10842 21.5257 32
      vertex 3.72354 21.6022 12
      vertex 4.10842 21.5257 12
    endloop
  endfacet
  facet normal -0.44216 -0.896936 0
    outer loop
      vertex 3 21.9019 12
      vertex 3.35195 21.7284 32
      vertex 3 21.9019 32
    endloop
  endfacet
  facet normal -0.44216 -0.896936 -0
    outer loop
      vertex 3.35195 21.7284 32
      vertex 3 21.9019 12
      vertex 3.35195 21.7284 12
    endloop
  endfacet
  facet normal -0.831465 -0.555576 0
    outer loop
      vertex 2.11994 22.6737 12
      vertex 2 22.8532 32
      vertex 2 22.8532 12
    endloop
  endfacet
  facet normal -0.831465 -0.555576 0
    outer loop
      vertex 2 22.8532 32
      vertex 2.11994 22.6737 12
      vertex 2.11994 22.6737 32
    endloop
  endfacet
  facet normal 0.980791 0.195062 0
    outer loop
      vertex 7.47433 -24.1084 32
      vertex 7.39778 -23.7235 12
      vertex 7.39778 -23.7235 32
    endloop
  endfacet
  facet normal 0.980791 0.195062 0
    outer loop
      vertex 7.39778 -23.7235 12
      vertex 7.47433 -24.1084 32
      vertex 7.47433 -24.1084 12
    endloop
  endfacet
  facet normal 0.997858 0.0654112 0
    outer loop
      vertex 7.5 -24.5 32
      vertex 7.47433 -24.1084 12
      vertex 7.47433 -24.1084 32
    endloop
  endfacet
  facet normal 0.997858 0.0654112 0
    outer loop
      vertex 7.47433 -24.1084 12
      vertex 7.5 -24.5 32
      vertex 7.5 -24.5 12
    endloop
  endfacet
  facet normal 0.946905 -0.321514 0
    outer loop
      vertex 7.27164 -25.648 32
      vertex 7.39778 -25.2765 12
      vertex 7.39778 -25.2765 32
    endloop
  endfacet
  facet normal 0.946905 -0.321514 0
    outer loop
      vertex 7.39778 -25.2765 12
      vertex 7.27164 -25.648 32
      vertex 7.27164 -25.648 12
    endloop
  endfacet
  facet normal 0.997858 -0.0654112 0
    outer loop
      vertex 7.47433 -24.8916 32
      vertex 7.5 -24.5 12
      vertex 7.5 -24.5 32
    endloop
  endfacet
  facet normal 0.997858 -0.0654112 0
    outer loop
      vertex 7.5 -24.5 12
      vertex 7.47433 -24.8916 32
      vertex 7.47433 -24.8916 12
    endloop
  endfacet
  facet normal 0.89685 0.442334 0
    outer loop
      vertex 7.27164 -23.3519 32
      vertex 7.09808 -23 12
      vertex 7.09808 -23 32
    endloop
  endfacet
  facet normal 0.89685 0.442334 0
    outer loop
      vertex 7.09808 -23 12
      vertex 7.27164 -23.3519 32
      vertex 7.27164 -23.3519 12
    endloop
  endfacet
  facet normal 0.659428 0.751768 -0
    outer loop
      vertex 6.62132 -22.3787 12
      vertex 6.32628 -22.1199 32
      vertex 6.62132 -22.3787 32
    endloop
  endfacet
  facet normal 0.659428 0.751768 0
    outer loop
      vertex 6.32628 -22.1199 32
      vertex 6.62132 -22.3787 12
      vertex 6.32628 -22.1199 12
    endloop
  endfacet
  facet normal 0.321582 0.946882 -0
    outer loop
      vertex 5.64805 -21.7284 12
      vertex 5.27646 -21.6022 32
      vertex 5.64805 -21.7284 32
    endloop
  endfacet
  facet normal 0.321582 0.946882 0
    outer loop
      vertex 5.27646 -21.6022 32
      vertex 5.64805 -21.7284 12
      vertex 5.27646 -21.6022 12
    endloop
  endfacet
  facet normal 0.8969 -0.442233 0
    outer loop
      vertex 7.09808 -26 32
      vertex 7.27164 -25.648 12
      vertex 7.27164 -25.648 32
    endloop
  endfacet
  facet normal 0.8969 -0.442233 0
    outer loop
      vertex 7.27164 -25.648 12
      vertex 7.09808 -26 32
      vertex 7.09808 -26 12
    endloop
  endfacet
  facet normal -0.751799 0.659392 0
    outer loop
      vertex 2.11994 -22.6737 12
      vertex 2.37868 -22.3787 32
      vertex 2.37868 -22.3787 12
    endloop
  endfacet
  facet normal -0.751799 0.659392 0
    outer loop
      vertex 2.37868 -22.3787 32
      vertex 2.11994 -22.6737 12
      vertex 2.11994 -22.6737 32
    endloop
  endfacet
  facet normal 0.751799 -0.659392 0
    outer loop
      vertex 6.62132 -26.6213 32
      vertex 6.88006 -26.3263 12
      vertex 6.88006 -26.3263 32
    endloop
  endfacet
  facet normal 0.751799 -0.659392 0
    outer loop
      vertex 6.88006 -26.3263 12
      vertex 6.62132 -26.6213 32
      vertex 6.62132 -26.6213 12
    endloop
  endfacet
  facet normal 0.831477 0.555558 0
    outer loop
      vertex 7.09808 -23 32
      vertex 6.88006 -22.6737 12
      vertex 6.88006 -22.6737 32
    endloop
  endfacet
  facet normal 0.831477 0.555558 0
    outer loop
      vertex 6.88006 -22.6737 12
      vertex 7.09808 -23 32
      vertex 7.09808 -23 12
    endloop
  endfacet
  facet normal 0.44216 0.896936 -0
    outer loop
      vertex 6 -21.9019 12
      vertex 5.64805 -21.7284 32
      vertex 6 -21.9019 32
    endloop
  endfacet
  facet normal 0.44216 0.896936 0
    outer loop
      vertex 5.64805 -21.7284 32
      vertex 6 -21.9019 12
      vertex 5.64805 -21.7284 12
    endloop
  endfacet
  facet normal -0.0654906 0.997853 0
    outer loop
      vertex 4.5 -21.5 12
      vertex 4.10842 -21.5257 32
      vertex 4.5 -21.5 32
    endloop
  endfacet
  facet normal -0.0654906 0.997853 0
    outer loop
      vertex 4.10842 -21.5257 32
      vertex 4.5 -21.5 12
      vertex 4.10842 -21.5257 12
    endloop
  endfacet
  facet normal 0.555547 0.831485 -0
    outer loop
      vertex 6.32628 -22.1199 12
      vertex 6 -21.9019 32
      vertex 6.32628 -22.1199 32
    endloop
  endfacet
  facet normal 0.555547 0.831485 0
    outer loop
      vertex 6 -21.9019 32
      vertex 6.32628 -22.1199 12
      vertex 6 -21.9019 12
    endloop
  endfacet
  facet normal 0.980791 -0.195062 0
    outer loop
      vertex 7.39778 -25.2765 32
      vertex 7.47433 -24.8916 12
      vertex 7.47433 -24.8916 32
    endloop
  endfacet
  facet normal 0.980791 -0.195062 0
    outer loop
      vertex 7.47433 -24.8916 12
      vertex 7.39778 -25.2765 32
      vertex 7.39778 -25.2765 12
    endloop
  endfacet
  facet normal 0.0654906 0.997853 -0
    outer loop
      vertex 4.89158 -21.5257 12
      vertex 4.5 -21.5 32
      vertex 4.89158 -21.5257 32
    endloop
  endfacet
  facet normal 0.0654906 0.997853 0
    outer loop
      vertex 4.5 -21.5 32
      vertex 4.89158 -21.5257 12
      vertex 4.5 -21.5 12
    endloop
  endfacet
  facet normal -0.659428 0.751768 0
    outer loop
      vertex 2.67372 -22.1199 12
      vertex 2.37868 -22.3787 32
      vertex 2.67372 -22.1199 32
    endloop
  endfacet
  facet normal -0.659428 0.751768 0
    outer loop
      vertex 2.37868 -22.3787 32
      vertex 2.67372 -22.1199 12
      vertex 2.37868 -22.3787 12
    endloop
  endfacet
  facet normal -0.19495 0.980813 0
    outer loop
      vertex 4.10842 -21.5257 12
      vertex 3.72354 -21.6022 32
      vertex 4.10842 -21.5257 32
    endloop
  endfacet
  facet normal -0.19495 0.980813 0
    outer loop
      vertex 3.72354 -21.6022 32
      vertex 4.10842 -21.5257 12
      vertex 3.72354 -21.6022 12
    endloop
  endfacet
  facet normal 0.555448 -0.831551 0
    outer loop
      vertex 6.14678 -27 12
      vertex 6.32628 -26.8801 32
      vertex 6.14678 -27 32
    endloop
  endfacet
  facet normal 0.555448 -0.831551 0
    outer loop
      vertex 6.32628 -26.8801 32
      vertex 6.14678 -27 12
      vertex 6.32628 -26.8801 12
    endloop
  endfacet
  facet normal 0.659428 -0.751768 0
    outer loop
      vertex 6.32628 -26.8801 12
      vertex 6.62132 -26.6213 32
      vertex 6.32628 -26.8801 32
    endloop
  endfacet
  facet normal 0.659428 -0.751768 0
    outer loop
      vertex 6.62132 -26.6213 32
      vertex 6.32628 -26.8801 12
      vertex 6.62132 -26.6213 12
    endloop
  endfacet
  facet normal 0.831477 -0.555558 0
    outer loop
      vertex 6.88006 -26.3263 32
      vertex 7.09808 -26 12
      vertex 7.09808 -26 32
    endloop
  endfacet
  facet normal 0.831477 -0.555558 0
    outer loop
      vertex 7.09808 -26 12
      vertex 6.88006 -26.3263 32
      vertex 6.88006 -26.3263 12
    endloop
  endfacet
  facet normal 0.19495 0.980813 -0
    outer loop
      vertex 5.27646 -21.6022 12
      vertex 4.89158 -21.5257 32
      vertex 5.27646 -21.6022 32
    endloop
  endfacet
  facet normal 0.19495 0.980813 0
    outer loop
      vertex 4.89158 -21.5257 32
      vertex 5.27646 -21.6022 12
      vertex 4.89158 -21.5257 12
    endloop
  endfacet
  facet normal -0.555547 0.831485 0
    outer loop
      vertex 3 -21.9019 12
      vertex 2.67372 -22.1199 32
      vertex 3 -21.9019 32
    endloop
  endfacet
  facet normal -0.555547 0.831485 0
    outer loop
      vertex 2.67372 -22.1199 32
      vertex 3 -21.9019 12
      vertex 2.67372 -22.1199 12
    endloop
  endfacet
  facet normal 0.751799 0.659392 0
    outer loop
      vertex 6.88006 -22.6737 32
      vertex 6.62132 -22.3787 12
      vertex 6.62132 -22.3787 32
    endloop
  endfacet
  facet normal 0.751799 0.659392 0
    outer loop
      vertex 6.62132 -22.3787 12
      vertex 6.88006 -22.6737 32
      vertex 6.88006 -22.6737 12
    endloop
  endfacet
  facet normal 0.946931 0.321437 0
    outer loop
      vertex 7.39778 -23.7235 32
      vertex 7.27164 -23.3519 12
      vertex 7.27164 -23.3519 32
    endloop
  endfacet
  facet normal 0.946931 0.321437 0
    outer loop
      vertex 7.27164 -23.3519 12
      vertex 7.39778 -23.7235 32
      vertex 7.39778 -23.7235 12
    endloop
  endfacet
  facet normal -0.44216 0.896936 0
    outer loop
      vertex 3.35195 -21.7284 12
      vertex 3 -21.9019 32
      vertex 3.35195 -21.7284 32
    endloop
  endfacet
  facet normal -0.44216 0.896936 0
    outer loop
      vertex 3 -21.9019 32
      vertex 3.35195 -21.7284 12
      vertex 3 -21.9019 12
    endloop
  endfacet
  facet normal -0.321582 0.946882 0
    outer loop
      vertex 3.72354 -21.6022 12
      vertex 3.35195 -21.7284 32
      vertex 3.72354 -21.6022 32
    endloop
  endfacet
  facet normal -0.321582 0.946882 0
    outer loop
      vertex 3.35195 -21.7284 32
      vertex 3.72354 -21.6022 12
      vertex 3.35195 -21.7284 12
    endloop
  endfacet
  facet normal -0.831465 0.555576 0
    outer loop
      vertex 2 -22.8532 12
      vertex 2.11994 -22.6737 32
      vertex 2.11994 -22.6737 12
    endloop
  endfacet
  facet normal -0.831465 0.555576 0
    outer loop
      vertex 2.11994 -22.6737 32
      vertex 2 -22.8532 12
      vertex 2 -22.8532 32
    endloop
  endfacet
  facet normal -0.946885 -0.321574 0
    outer loop
      vertex 59.2284 23.3519 12
      vertex 59.1022 23.7235 32
      vertex 59.1022 23.7235 12
    endloop
  endfacet
  facet normal -0.946885 -0.321574 0
    outer loop
      vertex 59.1022 23.7235 32
      vertex 59.2284 23.3519 12
      vertex 59.2284 23.3519 32
    endloop
  endfacet
  facet normal 0.19494 -0.980815 0
    outer loop
      vertex 62.3916 21.5257 12
      vertex 62.7765 21.6022 32
      vertex 62.3916 21.5257 32
    endloop
  endfacet
  facet normal 0.19494 -0.980815 0
    outer loop
      vertex 62.7765 21.6022 32
      vertex 62.3916 21.5257 12
      vertex 62.7765 21.6022 12
    endloop
  endfacet
  facet normal 0.980815 0.19494 0
    outer loop
      vertex 64.9743 24.8916 32
      vertex 64.8978 25.2765 12
      vertex 64.8978 25.2765 32
    endloop
  endfacet
  facet normal 0.980815 0.19494 0
    outer loop
      vertex 64.8978 25.2765 12
      vertex 64.9743 24.8916 32
      vertex 64.9743 24.8916 12
    endloop
  endfacet
  facet normal 0.997853 0.0654873 0
    outer loop
      vertex 65 24.5 32
      vertex 64.9743 24.8916 12
      vertex 64.9743 24.8916 32
    endloop
  endfacet
  facet normal 0.997853 0.0654873 0
    outer loop
      vertex 64.9743 24.8916 12
      vertex 65 24.5 32
      vertex 65 24.5 12
    endloop
  endfacet
  facet normal 0.946858 0.321651 0
    outer loop
      vertex 64.8978 25.2765 32
      vertex 64.7716 25.648 12
      vertex 64.7716 25.648 32
    endloop
  endfacet
  facet normal 0.946858 0.321651 0
    outer loop
      vertex 64.7716 25.648 12
      vertex 64.8978 25.2765 32
      vertex 64.8978 25.2765 12
    endloop
  endfacet
  facet normal 0.896911 -0.442211 0
    outer loop
      vertex 64.5981 23 32
      vertex 64.7716 23.3519 12
      vertex 64.7716 23.3519 32
    endloop
  endfacet
  facet normal 0.896911 -0.442211 0
    outer loop
      vertex 64.7716 23.3519 12
      vertex 64.5981 23 32
      vertex 64.5981 23 12
    endloop
  endfacet
  facet normal 0.997853 -0.0654873 0
    outer loop
      vertex 64.9743 24.1084 32
      vertex 65 24.5 12
      vertex 65 24.5 32
    endloop
  endfacet
  facet normal 0.997853 -0.0654873 0
    outer loop
      vertex 65 24.5 12
      vertex 64.9743 24.1084 32
      vertex 64.9743 24.1084 12
    endloop
  endfacet
  facet normal 0.659478 0.751724 -0
    outer loop
      vertex 64.1213 26.6213 12
      vertex 63.8263 26.8801 32
      vertex 64.1213 26.6213 32
    endloop
  endfacet
  facet normal 0.659478 0.751724 0
    outer loop
      vertex 63.8263 26.8801 32
      vertex 64.1213 26.6213 12
      vertex 63.8263 26.8801 12
    endloop
  endfacet
  facet normal -0.659478 0.751724 0
    outer loop
      vertex 60.1737 26.8801 12
      vertex 59.8787 26.6213 32
      vertex 60.1737 26.8801 32
    endloop
  endfacet
  facet normal -0.659478 0.751724 0
    outer loop
      vertex 59.8787 26.6213 32
      vertex 60.1737 26.8801 12
      vertex 59.8787 26.6213 12
    endloop
  endfacet
  facet normal -0.997853 0.0654873 0
    outer loop
      vertex 59 24.5 12
      vertex 59.0257 24.8916 32
      vertex 59.0257 24.8916 12
    endloop
  endfacet
  facet normal -0.997853 0.0654873 0
    outer loop
      vertex 59.0257 24.8916 32
      vertex 59 24.5 12
      vertex 59 24.5 32
    endloop
  endfacet
  facet normal -0.751724 -0.659478 0
    outer loop
      vertex 59.8787 22.3787 12
      vertex 59.6199 22.6737 32
      vertex 59.6199 22.6737 12
    endloop
  endfacet
  facet normal -0.751724 -0.659478 0
    outer loop
      vertex 59.6199 22.6737 32
      vertex 59.8787 22.3787 12
      vertex 59.8787 22.3787 32
    endloop
  endfacet
  facet normal -0.980815 -0.19494 0
    outer loop
      vertex 59.1022 23.7235 12
      vertex 59.0257 24.1084 32
      vertex 59.0257 24.1084 12
    endloop
  endfacet
  facet normal -0.980815 -0.19494 0
    outer loop
      vertex 59.0257 24.1084 32
      vertex 59.1022 23.7235 12
      vertex 59.1022 23.7235 32
    endloop
  endfacet
  facet normal 0.831501 -0.555523 0
    outer loop
      vertex 64.3801 22.6737 32
      vertex 64.5981 23 12
      vertex 64.5981 23 32
    endloop
  endfacet
  facet normal 0.831501 -0.555523 0
    outer loop
      vertex 64.5981 23 12
      vertex 64.3801 22.6737 32
      vertex 64.3801 22.6737 12
    endloop
  endfacet
  facet normal -0.896961 0.44211 0
    outer loop
      vertex 59.2284 25.648 12
      vertex 59.4019 26 32
      vertex 59.4019 26 12
    endloop
  endfacet
  facet normal -0.896961 0.44211 0
    outer loop
      vertex 59.4019 26 32
      vertex 59.2284 25.648 12
      vertex 59.2284 25.648 32
    endloop
  endfacet
  facet normal -0.831501 0.555523 0
    outer loop
      vertex 59.4019 26 12
      vertex 59.6199 26.3263 32
      vertex 59.6199 26.3263 12
    endloop
  endfacet
  facet normal -0.831501 0.555523 0
    outer loop
      vertex 59.6199 26.3263 32
      vertex 59.4019 26 12
      vertex 59.4019 26 32
    endloop
  endfacet
  facet normal -0.321651 -0.946858 0
    outer loop
      vertex 60.852 21.7284 12
      vertex 61.2235 21.6022 32
      vertex 60.852 21.7284 32
    endloop
  endfacet
  facet normal -0.321651 -0.946858 -0
    outer loop
      vertex 61.2235 21.6022 32
      vertex 60.852 21.7284 12
      vertex 61.2235 21.6022 12
    endloop
  endfacet
  facet normal 0.0654873 -0.997853 0
    outer loop
      vertex 62 21.5 12
      vertex 62.3916 21.5257 32
      vertex 62 21.5 32
    endloop
  endfacet
  facet normal 0.0654873 -0.997853 0
    outer loop
      vertex 62.3916 21.5257 32
      vertex 62 21.5 12
      vertex 62.3916 21.5257 12
    endloop
  endfacet
  facet normal 0.555523 -0.831501 0
    outer loop
      vertex 63.5 21.9019 12
      vertex 63.8263 22.1199 32
      vertex 63.5 21.9019 32
    endloop
  endfacet
  facet normal 0.555523 -0.831501 0
    outer loop
      vertex 63.8263 22.1199 32
      vertex 63.5 21.9019 12
      vertex 63.8263 22.1199 12
    endloop
  endfacet
  facet normal 0.980815 -0.19494 0
    outer loop
      vertex 64.8978 23.7235 32
      vertex 64.9743 24.1084 12
      vertex 64.9743 24.1084 32
    endloop
  endfacet
  facet normal 0.980815 -0.19494 0
    outer loop
      vertex 64.9743 24.1084 12
      vertex 64.8978 23.7235 32
      vertex 64.8978 23.7235 12
    endloop
  endfacet
  facet normal -0.751724 0.659478 0
    outer loop
      vertex 59.6199 26.3263 12
      vertex 59.8787 26.6213 32
      vertex 59.8787 26.6213 12
    endloop
  endfacet
  facet normal -0.751724 0.659478 0
    outer loop
      vertex 59.8787 26.6213 32
      vertex 59.6199 26.3263 12
      vertex 59.6199 26.3263 32
    endloop
  endfacet
  facet normal -0.980815 0.19494 0
    outer loop
      vertex 59.0257 24.8916 12
      vertex 59.1022 25.2765 32
      vertex 59.1022 25.2765 12
    endloop
  endfacet
  facet normal -0.980815 0.19494 0
    outer loop
      vertex 59.1022 25.2765 32
      vertex 59.0257 24.8916 12
      vertex 59.0257 24.8916 32
    endloop
  endfacet
  facet normal 0.831501 0.555523 0
    outer loop
      vertex 64.5981 26 32
      vertex 64.3801 26.3263 12
      vertex 64.3801 26.3263 32
    endloop
  endfacet
  facet normal 0.831501 0.555523 0
    outer loop
      vertex 64.3801 26.3263 12
      vertex 64.5981 26 32
      vertex 64.5981 26 12
    endloop
  endfacet
  facet normal 0.555448 0.831551 -0
    outer loop
      vertex 63.8263 26.8801 12
      vertex 63.6468 27 32
      vertex 63.8263 26.8801 32
    endloop
  endfacet
  facet normal 0.555448 0.831551 0
    outer loop
      vertex 63.6468 27 32
      vertex 63.8263 26.8801 12
      vertex 63.6468 27 12
    endloop
  endfacet
  facet normal -0.997853 -0.0654873 0
    outer loop
      vertex 59.0257 24.1084 12
      vertex 59 24.5 32
      vertex 59 24.5 12
    endloop
  endfacet
  facet normal -0.997853 -0.0654873 0
    outer loop
      vertex 59 24.5 32
      vertex 59.0257 24.1084 12
      vertex 59.0257 24.1084 32
    endloop
  endfacet
  facet normal 0.659478 -0.751724 0
    outer loop
      vertex 63.8263 22.1199 12
      vertex 64.1213 22.3787 32
      vertex 63.8263 22.1199 32
    endloop
  endfacet
  facet normal 0.659478 -0.751724 0
    outer loop
      vertex 64.1213 22.3787 32
      vertex 63.8263 22.1199 12
      vertex 64.1213 22.3787 12
    endloop
  endfacet
  facet normal 0.896961 0.44211 0
    outer loop
      vertex 64.7716 25.648 32
      vertex 64.5981 26 12
      vertex 64.5981 26 32
    endloop
  endfacet
  facet normal 0.896961 0.44211 0
    outer loop
      vertex 64.5981 26 12
      vertex 64.7716 25.648 32
      vertex 64.7716 25.648 12
    endloop
  endfacet
  facet normal 0.946885 -0.321574 0
    outer loop
      vertex 64.7716 23.3519 32
      vertex 64.8978 23.7235 12
      vertex 64.8978 23.7235 32
    endloop
  endfacet
  facet normal 0.946885 -0.321574 0
    outer loop
      vertex 64.8978 23.7235 12
      vertex 64.7716 23.3519 32
      vertex 64.7716 23.3519 12
    endloop
  endfacet
  facet normal -0.555523 -0.831501 0
    outer loop
      vertex 60.1737 22.1199 12
      vertex 60.5 21.9019 32
      vertex 60.1737 22.1199 32
    endloop
  endfacet
  facet normal -0.555523 -0.831501 -0
    outer loop
      vertex 60.5 21.9019 32
      vertex 60.1737 22.1199 12
      vertex 60.5 21.9019 12
    endloop
  endfacet
  facet normal -0.659478 -0.751724 0
    outer loop
      vertex 59.8787 22.3787 12
      vertex 60.1737 22.1199 32
      vertex 59.8787 22.3787 32
    endloop
  endfacet
  facet normal -0.659478 -0.751724 -0
    outer loop
      vertex 60.1737 22.1199 32
      vertex 59.8787 22.3787 12
      vertex 60.1737 22.1199 12
    endloop
  endfacet
  facet normal 0.751724 -0.659478 0
    outer loop
      vertex 64.1213 22.3787 32
      vertex 64.3801 22.6737 12
      vertex 64.3801 22.6737 32
    endloop
  endfacet
  facet normal 0.751724 -0.659478 0
    outer loop
      vertex 64.3801 22.6737 12
      vertex 64.1213 22.3787 32
      vertex 64.1213 22.3787 12
    endloop
  endfacet
  facet normal -0.896911 -0.442211 0
    outer loop
      vertex 59.4019 23 12
      vertex 59.2284 23.3519 32
      vertex 59.2284 23.3519 12
    endloop
  endfacet
  facet normal -0.896911 -0.442211 0
    outer loop
      vertex 59.2284 23.3519 32
      vertex 59.4019 23 12
      vertex 59.4019 23 32
    endloop
  endfacet
  facet normal -0.0654873 -0.997853 0
    outer loop
      vertex 61.6084 21.5257 12
      vertex 62 21.5 32
      vertex 61.6084 21.5257 32
    endloop
  endfacet
  facet normal -0.0654873 -0.997853 -0
    outer loop
      vertex 62 21.5 32
      vertex 61.6084 21.5257 12
      vertex 62 21.5 12
    endloop
  endfacet
  facet normal 0.751724 0.659478 0
    outer loop
      vertex 64.3801 26.3263 32
      vertex 64.1213 26.6213 12
      vertex 64.1213 26.6213 32
    endloop
  endfacet
  facet normal 0.751724 0.659478 0
    outer loop
      vertex 64.1213 26.6213 12
      vertex 64.3801 26.3263 32
      vertex 64.3801 26.3263 12
    endloop
  endfacet
  facet normal -0.555448 0.831551 0
    outer loop
      vertex 60.3532 27 12
      vertex 60.1737 26.8801 32
      vertex 60.3532 27 32
    endloop
  endfacet
  facet normal -0.555448 0.831551 0
    outer loop
      vertex 60.1737 26.8801 32
      vertex 60.3532 27 12
      vertex 60.1737 26.8801 12
    endloop
  endfacet
  facet normal 0.321651 -0.946858 0
    outer loop
      vertex 62.7765 21.6022 12
      vertex 63.148 21.7284 32
      vertex 62.7765 21.6022 32
    endloop
  endfacet
  facet normal 0.321651 -0.946858 0
    outer loop
      vertex 63.148 21.7284 32
      vertex 62.7765 21.6022 12
      vertex 63.148 21.7284 12
    endloop
  endfacet
  facet normal 0.44211 -0.896961 0
    outer loop
      vertex 63.148 21.7284 12
      vertex 63.5 21.9019 32
      vertex 63.148 21.7284 32
    endloop
  endfacet
  facet normal 0.44211 -0.896961 0
    outer loop
      vertex 63.5 21.9019 32
      vertex 63.148 21.7284 12
      vertex 63.5 21.9019 12
    endloop
  endfacet
  facet normal -0.19494 -0.980815 0
    outer loop
      vertex 61.2235 21.6022 12
      vertex 61.6084 21.5257 32
      vertex 61.2235 21.6022 32
    endloop
  endfacet
  facet normal -0.19494 -0.980815 -0
    outer loop
      vertex 61.6084 21.5257 32
      vertex 61.2235 21.6022 12
      vertex 61.6084 21.5257 12
    endloop
  endfacet
  facet normal -0.44211 -0.896961 0
    outer loop
      vertex 60.5 21.9019 12
      vertex 60.852 21.7284 32
      vertex 60.5 21.9019 32
    endloop
  endfacet
  facet normal -0.44211 -0.896961 -0
    outer loop
      vertex 60.852 21.7284 32
      vertex 60.5 21.9019 12
      vertex 60.852 21.7284 12
    endloop
  endfacet
  facet normal -0.831501 -0.555523 0
    outer loop
      vertex 59.6199 22.6737 12
      vertex 59.4019 23 32
      vertex 59.4019 23 12
    endloop
  endfacet
  facet normal -0.831501 -0.555523 0
    outer loop
      vertex 59.4019 23 32
      vertex 59.6199 22.6737 12
      vertex 59.6199 22.6737 32
    endloop
  endfacet
  facet normal -0.946858 0.321651 0
    outer loop
      vertex 59.1022 25.2765 12
      vertex 59.2284 25.648 32
      vertex 59.2284 25.648 12
    endloop
  endfacet
  facet normal -0.946858 0.321651 0
    outer loop
      vertex 59.2284 25.648 32
      vertex 59.1022 25.2765 12
      vertex 59.1022 25.2765 32
    endloop
  endfacet
  facet normal 0.980815 0.19494 0
    outer loop
      vertex 64.9743 -24.1084 32
      vertex 64.8978 -23.7235 12
      vertex 64.8978 -23.7235 32
    endloop
  endfacet
  facet normal 0.980815 0.19494 0
    outer loop
      vertex 64.8978 -23.7235 12
      vertex 64.9743 -24.1084 32
      vertex 64.9743 -24.1084 12
    endloop
  endfacet
  facet normal 0.997853 0.0654873 0
    outer loop
      vertex 65 -24.5 32
      vertex 64.9743 -24.1084 12
      vertex 64.9743 -24.1084 32
    endloop
  endfacet
  facet normal 0.997853 0.0654873 0
    outer loop
      vertex 64.9743 -24.1084 12
      vertex 65 -24.5 32
      vertex 65 -24.5 12
    endloop
  endfacet
  facet normal -0.896961 -0.44211 0
    outer loop
      vertex 59.4019 -26 12
      vertex 59.2284 -25.648 32
      vertex 59.2284 -25.648 12
    endloop
  endfacet
  facet normal -0.896961 -0.44211 0
    outer loop
      vertex 59.2284 -25.648 32
      vertex 59.4019 -26 12
      vertex 59.4019 -26 32
    endloop
  endfacet
  facet normal -0.555448 -0.831551 0
    outer loop
      vertex 60.1737 -26.8801 12
      vertex 60.3532 -27 32
      vertex 60.1737 -26.8801 32
    endloop
  endfacet
  facet normal -0.555448 -0.831551 -0
    outer loop
      vertex 60.3532 -27 32
      vertex 60.1737 -26.8801 12
      vertex 60.3532 -27 12
    endloop
  endfacet
  facet normal 0.946858 -0.321651 0
    outer loop
      vertex 64.7716 -25.648 32
      vertex 64.8978 -25.2765 12
      vertex 64.8978 -25.2765 32
    endloop
  endfacet
  facet normal 0.946858 -0.321651 0
    outer loop
      vertex 64.8978 -25.2765 12
      vertex 64.7716 -25.648 32
      vertex 64.7716 -25.648 12
    endloop
  endfacet
  facet normal 0.997853 -0.0654873 0
    outer loop
      vertex 64.9743 -24.8916 32
      vertex 65 -24.5 12
      vertex 65 -24.5 32
    endloop
  endfacet
  facet normal 0.997853 -0.0654873 0
    outer loop
      vertex 65 -24.5 12
      vertex 64.9743 -24.8916 32
      vertex 64.9743 -24.8916 12
    endloop
  endfacet
  facet normal 0.896911 0.442211 0
    outer loop
      vertex 64.7716 -23.3519 32
      vertex 64.5981 -23 12
      vertex 64.5981 -23 32
    endloop
  endfacet
  facet normal 0.896911 0.442211 0
    outer loop
      vertex 64.5981 -23 12
      vertex 64.7716 -23.3519 32
      vertex 64.7716 -23.3519 12
    endloop
  endfacet
  facet normal 0.659478 0.751724 -0
    outer loop
      vertex 64.1213 -22.3787 12
      vertex 63.8263 -22.1199 32
      vertex 64.1213 -22.3787 32
    endloop
  endfacet
  facet normal 0.659478 0.751724 0
    outer loop
      vertex 63.8263 -22.1199 32
      vertex 64.1213 -22.3787 12
      vertex 63.8263 -22.1199 12
    endloop
  endfacet
  facet normal 0.321651 0.946858 -0
    outer loop
      vertex 63.148 -21.7284 12
      vertex 62.7765 -21.6022 32
      vertex 63.148 -21.7284 32
    endloop
  endfacet
  facet normal 0.321651 0.946858 0
    outer loop
      vertex 62.7765 -21.6022 32
      vertex 63.148 -21.7284 12
      vertex 62.7765 -21.6022 12
    endloop
  endfacet
  facet normal -0.321651 0.946858 0
    outer loop
      vertex 61.2235 -21.6022 12
      vertex 60.852 -21.7284 32
      vertex 61.2235 -21.6022 32
    endloop
  endfacet
  facet normal -0.321651 0.946858 0
    outer loop
      vertex 60.852 -21.7284 32
      vertex 61.2235 -21.6022 12
      vertex 60.852 -21.7284 12
    endloop
  endfacet
  facet normal 0.896961 -0.44211 0
    outer loop
      vertex 64.5981 -26 32
      vertex 64.7716 -25.648 12
      vertex 64.7716 -25.648 32
    endloop
  endfacet
  facet normal 0.896961 -0.44211 0
    outer loop
      vertex 64.7716 -25.648 12
      vertex 64.5981 -26 32
      vertex 64.5981 -26 12
    endloop
  endfacet
  facet normal -0.946858 -0.321651 0
    outer loop
      vertex 59.2284 -25.648 12
      vertex 59.1022 -25.2765 32
      vertex 59.1022 -25.2765 12
    endloop
  endfacet
  facet normal -0.946858 -0.321651 0
    outer loop
      vertex 59.1022 -25.2765 32
      vertex 59.2284 -25.648 12
      vertex 59.2284 -25.648 32
    endloop
  endfacet
  facet normal -0.946885 0.321574 0
    outer loop
      vertex 59.1022 -23.7235 12
      vertex 59.2284 -23.3519 32
      vertex 59.2284 -23.3519 12
    endloop
  endfacet
  facet normal -0.946885 0.321574 0
    outer loop
      vertex 59.2284 -23.3519 32
      vertex 59.1022 -23.7235 12
      vertex 59.1022 -23.7235 32
    endloop
  endfacet
  facet normal -0.997853 -0.0654873 0
    outer loop
      vertex 59.0257 -24.8916 12
      vertex 59 -24.5 32
      vertex 59 -24.5 12
    endloop
  endfacet
  facet normal -0.997853 -0.0654873 0
    outer loop
      vertex 59 -24.5 32
      vertex 59.0257 -24.8916 12
      vertex 59.0257 -24.8916 32
    endloop
  endfacet
  facet normal -0.980815 0.19494 0
    outer loop
      vertex 59.0257 -24.1084 12
      vertex 59.1022 -23.7235 32
      vertex 59.1022 -23.7235 12
    endloop
  endfacet
  facet normal -0.980815 0.19494 0
    outer loop
      vertex 59.1022 -23.7235 32
      vertex 59.0257 -24.1084 12
      vertex 59.0257 -24.1084 32
    endloop
  endfacet
  facet normal -0.751724 -0.659478 0
    outer loop
      vertex 59.8787 -26.6213 12
      vertex 59.6199 -26.3263 32
      vertex 59.6199 -26.3263 12
    endloop
  endfacet
  facet normal -0.751724 -0.659478 0
    outer loop
      vertex 59.6199 -26.3263 32
      vertex 59.8787 -26.6213 12
      vertex 59.8787 -26.6213 32
    endloop
  endfacet
  facet normal -0.751724 0.659478 0
    outer loop
      vertex 59.6199 -22.6737 12
      vertex 59.8787 -22.3787 32
      vertex 59.8787 -22.3787 12
    endloop
  endfacet
  facet normal -0.751724 0.659478 0
    outer loop
      vertex 59.8787 -22.3787 32
      vertex 59.6199 -22.6737 12
      vertex 59.6199 -22.6737 32
    endloop
  endfacet
  facet normal 0.751724 -0.659478 0
    outer loop
      vertex 64.1213 -26.6213 32
      vertex 64.3801 -26.3263 12
      vertex 64.3801 -26.3263 32
    endloop
  endfacet
  facet normal 0.751724 -0.659478 0
    outer loop
      vertex 64.3801 -26.3263 12
      vertex 64.1213 -26.6213 32
      vertex 64.1213 -26.6213 12
    endloop
  endfacet
  facet normal 0.831501 0.555523 0
    outer loop
      vertex 64.5981 -23 32
      vertex 64.3801 -22.6737 12
      vertex 64.3801 -22.6737 32
    endloop
  endfacet
  facet normal 0.831501 0.555523 0
    outer loop
      vertex 64.3801 -22.6737 12
      vertex 64.5981 -23 32
      vertex 64.5981 -23 12
    endloop
  endfacet
  facet normal 0.44211 0.896961 -0
    outer loop
      vertex 63.5 -21.9019 12
      vertex 63.148 -21.7284 32
      vertex 63.5 -21.9019 32
    endloop
  endfacet
  facet normal 0.44211 0.896961 0
    outer loop
      vertex 63.148 -21.7284 32
      vertex 63.5 -21.9019 12
      vertex 63.148 -21.7284 12
    endloop
  endfacet
  facet normal -0.997853 0.0654873 0
    outer loop
      vertex 59 -24.5 12
      vertex 59.0257 -24.1084 32
      vertex 59.0257 -24.1084 12
    endloop
  endfacet
  facet normal -0.997853 0.0654873 0
    outer loop
      vertex 59.0257 -24.1084 32
      vertex 59 -24.5 12
      vertex 59 -24.5 32
    endloop
  endfacet
  facet normal -0.0654873 0.997853 0
    outer loop
      vertex 62 -21.5 12
      vertex 61.6084 -21.5257 32
      vertex 62 -21.5 32
    endloop
  endfacet
  facet normal -0.0654873 0.997853 0
    outer loop
      vertex 61.6084 -21.5257 32
      vertex 62 -21.5 12
      vertex 61.6084 -21.5257 12
    endloop
  endfacet
  facet normal 0.555523 0.831501 -0
    outer loop
      vertex 63.8263 -22.1199 12
      vertex 63.5 -21.9019 32
      vertex 63.8263 -22.1199 32
    endloop
  endfacet
  facet normal 0.555523 0.831501 0
    outer loop
      vertex 63.5 -21.9019 32
      vertex 63.8263 -22.1199 12
      vertex 63.5 -21.9019 12
    endloop
  endfacet
  facet normal 0.980815 -0.19494 0
    outer loop
      vertex 64.8978 -25.2765 32
      vertex 64.9743 -24.8916 12
      vertex 64.9743 -24.8916 32
    endloop
  endfacet
  facet normal 0.980815 -0.19494 0
    outer loop
      vertex 64.9743 -24.8916 12
      vertex 64.8978 -25.2765 32
      vertex 64.8978 -25.2765 12
    endloop
  endfacet
  facet normal 0.0654873 0.997853 -0
    outer loop
      vertex 62.3916 -21.5257 12
      vertex 62 -21.5 32
      vertex 62.3916 -21.5257 32
    endloop
  endfacet
  facet normal 0.0654873 0.997853 0
    outer loop
      vertex 62 -21.5 32
      vertex 62.3916 -21.5257 12
      vertex 62 -21.5 12
    endloop
  endfacet
  facet normal -0.659478 0.751724 0
    outer loop
      vertex 60.1737 -22.1199 12
      vertex 59.8787 -22.3787 32
      vertex 60.1737 -22.1199 32
    endloop
  endfacet
  facet normal -0.659478 0.751724 0
    outer loop
      vertex 59.8787 -22.3787 32
      vertex 60.1737 -22.1199 12
      vertex 59.8787 -22.3787 12
    endloop
  endfacet
  facet normal -0.831501 -0.555523 0
    outer loop
      vertex 59.6199 -26.3263 12
      vertex 59.4019 -26 32
      vertex 59.4019 -26 12
    endloop
  endfacet
  facet normal -0.831501 -0.555523 0
    outer loop
      vertex 59.4019 -26 32
      vertex 59.6199 -26.3263 12
      vertex 59.6199 -26.3263 32
    endloop
  endfacet
  facet normal -0.19494 0.980815 0
    outer loop
      vertex 61.6084 -21.5257 12
      vertex 61.2235 -21.6022 32
      vertex 61.6084 -21.5257 32
    endloop
  endfacet
  facet normal -0.19494 0.980815 0
    outer loop
      vertex 61.2235 -21.6022 32
      vertex 61.6084 -21.5257 12
      vertex 61.2235 -21.6022 12
    endloop
  endfacet
  facet normal -0.980815 -0.19494 0
    outer loop
      vertex 59.1022 -25.2765 12
      vertex 59.0257 -24.8916 32
      vertex 59.0257 -24.8916 12
    endloop
  endfacet
  facet normal -0.980815 -0.19494 0
    outer loop
      vertex 59.0257 -24.8916 32
      vertex 59.1022 -25.2765 12
      vertex 59.1022 -25.2765 32
    endloop
  endfacet
  facet normal 0.555448 -0.831551 0
    outer loop
      vertex 63.6468 -27 12
      vertex 63.8263 -26.8801 32
      vertex 63.6468 -27 32
    endloop
  endfacet
  facet normal 0.555448 -0.831551 0
    outer loop
      vertex 63.8263 -26.8801 32
      vertex 63.6468 -27 12
      vertex 63.8263 -26.8801 12
    endloop
  endfacet
  facet normal 0.659478 -0.751724 0
    outer loop
      vertex 63.8263 -26.8801 12
      vertex 64.1213 -26.6213 32
      vertex 63.8263 -26.8801 32
    endloop
  endfacet
  facet normal 0.659478 -0.751724 0
    outer loop
      vertex 64.1213 -26.6213 32
      vertex 63.8263 -26.8801 12
      vertex 64.1213 -26.6213 12
    endloop
  endfacet
  facet normal 0.831501 -0.555523 0
    outer loop
      vertex 64.3801 -26.3263 32
      vertex 64.5981 -26 12
      vertex 64.5981 -26 32
    endloop
  endfacet
  facet normal 0.831501 -0.555523 0
    outer loop
      vertex 64.5981 -26 12
      vertex 64.3801 -26.3263 32
      vertex 64.3801 -26.3263 12
    endloop
  endfacet
  facet normal 0.19494 0.980815 -0
    outer loop
      vertex 62.7765 -21.6022 12
      vertex 62.3916 -21.5257 32
      vertex 62.7765 -21.6022 32
    endloop
  endfacet
  facet normal 0.19494 0.980815 0
    outer loop
      vertex 62.3916 -21.5257 32
      vertex 62.7765 -21.6022 12
      vertex 62.3916 -21.5257 12
    endloop
  endfacet
  facet normal -0.896911 0.442211 0
    outer loop
      vertex 59.2284 -23.3519 12
      vertex 59.4019 -23 32
      vertex 59.4019 -23 12
    endloop
  endfacet
  facet normal -0.896911 0.442211 0
    outer loop
      vertex 59.4019 -23 32
      vertex 59.2284 -23.3519 12
      vertex 59.2284 -23.3519 32
    endloop
  endfacet
  facet normal -0.555523 0.831501 0
    outer loop
      vertex 60.5 -21.9019 12
      vertex 60.1737 -22.1199 32
      vertex 60.5 -21.9019 32
    endloop
  endfacet
  facet normal -0.555523 0.831501 0
    outer loop
      vertex 60.1737 -22.1199 32
      vertex 60.5 -21.9019 12
      vertex 60.1737 -22.1199 12
    endloop
  endfacet
  facet normal 0.751724 0.659478 0
    outer loop
      vertex 64.3801 -22.6737 32
      vertex 64.1213 -22.3787 12
      vertex 64.1213 -22.3787 32
    endloop
  endfacet
  facet normal 0.751724 0.659478 0
    outer loop
      vertex 64.1213 -22.3787 12
      vertex 64.3801 -22.6737 32
      vertex 64.3801 -22.6737 12
    endloop
  endfacet
  facet normal 0.946885 0.321574 0
    outer loop
      vertex 64.8978 -23.7235 32
      vertex 64.7716 -23.3519 12
      vertex 64.7716 -23.3519 32
    endloop
  endfacet
  facet normal 0.946885 0.321574 0
    outer loop
      vertex 64.7716 -23.3519 12
      vertex 64.8978 -23.7235 32
      vertex 64.8978 -23.7235 12
    endloop
  endfacet
  facet normal -0.44211 0.896961 0
    outer loop
      vertex 60.852 -21.7284 12
      vertex 60.5 -21.9019 32
      vertex 60.852 -21.7284 32
    endloop
  endfacet
  facet normal -0.44211 0.896961 0
    outer loop
      vertex 60.5 -21.9019 32
      vertex 60.852 -21.7284 12
      vertex 60.5 -21.9019 12
    endloop
  endfacet
  facet normal -0.831501 0.555523 0
    outer loop
      vertex 59.4019 -23 12
      vertex 59.6199 -22.6737 32
      vertex 59.6199 -22.6737 12
    endloop
  endfacet
  facet normal -0.831501 0.555523 0
    outer loop
      vertex 59.6199 -22.6737 32
      vertex 59.4019 -23 12
      vertex 59.4019 -23 32
    endloop
  endfacet
  facet normal -0.659478 -0.751724 0
    outer loop
      vertex 59.8787 -26.6213 12
      vertex 60.1737 -26.8801 32
      vertex 59.8787 -26.6213 32
    endloop
  endfacet
  facet normal -0.659478 -0.751724 -0
    outer loop
      vertex 60.1737 -26.8801 32
      vertex 59.8787 -26.6213 12
      vertex 60.1737 -26.8801 12
    endloop
  endfacet
  facet normal 0.980789 0.19507 0
    outer loop
      vertex 40.6107 -16.1263 16
      vertex 40.5533 -15.8377 12
      vertex 40.5533 -15.8377 16
    endloop
  endfacet
  facet normal 0.980789 0.19507 0
    outer loop
      vertex 40.5533 -15.8377 12
      vertex 40.6107 -16.1263 16
      vertex 40.6107 -16.1263 12
    endloop
  endfacet
  facet normal 0.997848 0.0655719 0
    outer loop
      vertex 40.63 -16.42 16
      vertex 40.6107 -16.1263 12
      vertex 40.6107 -16.1263 16
    endloop
  endfacet
  facet normal 0.997848 0.0655719 0
    outer loop
      vertex 40.6107 -16.1263 12
      vertex 40.63 -16.42 16
      vertex 40.63 -16.42 12
    endloop
  endfacet
  facet normal 0.946936 0.321421 0
    outer loop
      vertex 40.5533 -15.8377 16
      vertex 40.4587 -15.559 12
      vertex 40.4587 -15.559 16
    endloop
  endfacet
  facet normal 0.946936 0.321421 0
    outer loop
      vertex 40.4587 -15.559 12
      vertex 40.5533 -15.8377 16
      vertex 40.5533 -15.8377 12
    endloop
  endfacet
  facet normal 0.555797 -0.831318 0
    outer loop
      vertex 39.505 -18.3686 12
      vertex 39.7497 -18.205 16
      vertex 39.505 -18.3686 16
    endloop
  endfacet
  facet normal 0.555797 -0.831318 0
    outer loop
      vertex 39.7497 -18.205 16
      vertex 39.505 -18.3686 12
      vertex 39.7497 -18.205 12
    endloop
  endfacet
  facet normal 0.321421 -0.946936 0
    outer loop
      vertex 38.9623 -18.5933 12
      vertex 39.241 -18.4987 16
      vertex 38.9623 -18.5933 16
    endloop
  endfacet
  facet normal 0.321421 -0.946936 0
    outer loop
      vertex 39.241 -18.4987 16
      vertex 38.9623 -18.5933 12
      vertex 39.241 -18.4987 12
    endloop
  endfacet
  facet normal 0.831318 0.555797 0
    outer loop
      vertex 40.3286 -15.295 16
      vertex 40.165 -15.0503 12
      vertex 40.165 -15.0503 16
    endloop
  endfacet
  facet normal 0.831318 0.555797 0
    outer loop
      vertex 40.165 -15.0503 12
      vertex 40.3286 -15.295 16
      vertex 40.3286 -15.295 12
    endloop
  endfacet
  facet normal 0.896995 0.442042 0
    outer loop
      vertex 40.4587 -15.559 16
      vertex 40.3286 -15.295 12
      vertex 40.3286 -15.295 16
    endloop
  endfacet
  facet normal 0.896995 0.442042 0
    outer loop
      vertex 40.3286 -15.295 12
      vertex 40.4587 -15.559 16
      vertex 40.4587 -15.559 12
    endloop
  endfacet
  facet normal 0.831318 -0.555797 0
    outer loop
      vertex 40.165 -17.7897 16
      vertex 40.3286 -17.545 12
      vertex 40.3286 -17.545 16
    endloop
  endfacet
  facet normal 0.831318 -0.555797 0
    outer loop
      vertex 40.3286 -17.545 12
      vertex 40.165 -17.7897 16
      vertex 40.165 -17.7897 12
    endloop
  endfacet
  facet normal 0.195397 0.980724 -0
    outer loop
      vertex 38.9623 -14.2467 12
      vertex 38.6737 -14.1892 16
      vertex 38.9623 -14.2467 16
    endloop
  endfacet
  facet normal 0.195397 0.980724 0
    outer loop
      vertex 38.6737 -14.1892 16
      vertex 38.9623 -14.2467 12
      vertex 38.6737 -14.1892 12
    endloop
  endfacet
  facet normal 0.946936 -0.321421 0
    outer loop
      vertex 40.4587 -17.281 16
      vertex 40.5533 -17.0023 12
      vertex 40.5533 -17.0023 16
    endloop
  endfacet
  facet normal 0.946936 -0.321421 0
    outer loop
      vertex 40.5533 -17.0023 12
      vertex 40.4587 -17.281 16
      vertex 40.4587 -17.281 12
    endloop
  endfacet
  facet normal -0.659202 0.751966 0
    outer loop
      vertex 37.0103 -14.635 12
      vertex 36.789 -14.829 16
      vertex 37.0103 -14.635 16
    endloop
  endfacet
  facet normal -0.659202 0.751966 0
    outer loop
      vertex 36.789 -14.829 16
      vertex 37.0103 -14.635 12
      vertex 36.789 -14.829 12
    endloop
  endfacet
  facet normal -0.195397 0.980724 0
    outer loop
      vertex 38.0863 -14.1892 12
      vertex 37.7977 -14.2467 16
      vertex 38.0863 -14.1892 16
    endloop
  endfacet
  facet normal -0.195397 0.980724 0
    outer loop
      vertex 37.7977 -14.2467 16
      vertex 38.0863 -14.1892 12
      vertex 37.7977 -14.2467 12
    endloop
  endfacet
  facet normal -0.555797 0.831318 0
    outer loop
      vertex 37.255 -14.4714 12
      vertex 37.0103 -14.635 16
      vertex 37.255 -14.4714 16
    endloop
  endfacet
  facet normal -0.555797 0.831318 0
    outer loop
      vertex 37.0103 -14.635 16
      vertex 37.255 -14.4714 12
      vertex 37.0103 -14.635 12
    endloop
  endfacet
  facet normal -0.831318 -0.555797 0
    outer loop
      vertex 36.595 -17.7897 12
      vertex 36.4314 -17.545 16
      vertex 36.4314 -17.545 12
    endloop
  endfacet
  facet normal -0.831318 -0.555797 0
    outer loop
      vertex 36.4314 -17.545 16
      vertex 36.595 -17.7897 12
      vertex 36.595 -17.7897 16
    endloop
  endfacet
  facet normal 0.19507 -0.980789 0
    outer loop
      vertex 38.6737 -18.6507 12
      vertex 38.9623 -18.5933 16
      vertex 38.6737 -18.6507 16
    endloop
  endfacet
  facet normal 0.19507 -0.980789 0
    outer loop
      vertex 38.9623 -18.5933 16
      vertex 38.6737 -18.6507 12
      vertex 38.9623 -18.5933 12
    endloop
  endfacet
  facet normal 0.659202 0.751966 -0
    outer loop
      vertex 39.971 -14.829 12
      vertex 39.7497 -14.635 16
      vertex 39.971 -14.829 16
    endloop
  endfacet
  facet normal 0.659202 0.751966 0
    outer loop
      vertex 39.7497 -14.635 16
      vertex 39.971 -14.829 12
      vertex 39.7497 -14.635 12
    endloop
  endfacet
  facet normal 0.321421 0.946936 -0
    outer loop
      vertex 39.241 -14.3413 12
      vertex 38.9623 -14.2467 16
      vertex 39.241 -14.3413 16
    endloop
  endfacet
  facet normal 0.321421 0.946936 0
    outer loop
      vertex 38.9623 -14.2467 16
      vertex 39.241 -14.3413 12
      vertex 38.9623 -14.2467 12
    endloop
  endfacet
  facet normal -0.321421 0.946936 0
    outer loop
      vertex 37.7977 -14.2467 12
      vertex 37.519 -14.3413 16
      vertex 37.7977 -14.2467 16
    endloop
  endfacet
  facet normal -0.321421 0.946936 0
    outer loop
      vertex 37.519 -14.3413 16
      vertex 37.7977 -14.2467 12
      vertex 37.519 -14.3413 12
    endloop
  endfacet
  facet normal 0.751966 0.659202 0
    outer loop
      vertex 40.165 -15.0503 16
      vertex 39.971 -14.829 12
      vertex 39.971 -14.829 16
    endloop
  endfacet
  facet normal 0.751966 0.659202 0
    outer loop
      vertex 39.971 -14.829 12
      vertex 40.165 -15.0503 16
      vertex 40.165 -15.0503 12
    endloop
  endfacet
  facet normal -0.980724 0.195397 0
    outer loop
      vertex 36.1492 -16.1263 12
      vertex 36.2067 -15.8377 16
      vertex 36.2067 -15.8377 12
    endloop
  endfacet
  facet normal -0.980724 0.195397 0
    outer loop
      vertex 36.2067 -15.8377 16
      vertex 36.1492 -16.1263 12
      vertex 36.1492 -16.1263 16
    endloop
  endfacet
  facet normal 0.751966 -0.659202 0
    outer loop
      vertex 39.971 -18.011 16
      vertex 40.165 -17.7897 12
      vertex 40.165 -17.7897 16
    endloop
  endfacet
  facet normal 0.751966 -0.659202 0
    outer loop
      vertex 40.165 -17.7897 12
      vertex 39.971 -18.011 16
      vertex 39.971 -18.011 12
    endloop
  endfacet
  facet normal -0.442042 0.896995 0
    outer loop
      vertex 37.519 -14.3413 12
      vertex 37.255 -14.4714 16
      vertex 37.519 -14.3413 16
    endloop
  endfacet
  facet normal -0.442042 0.896995 0
    outer loop
      vertex 37.255 -14.4714 16
      vertex 37.519 -14.3413 12
      vertex 37.255 -14.4714 12
    endloop
  endfacet
  facet normal 0.442042 -0.896995 0
    outer loop
      vertex 39.241 -18.4987 12
      vertex 39.505 -18.3686 16
      vertex 39.241 -18.4987 16
    endloop
  endfacet
  facet normal 0.442042 -0.896995 0
    outer loop
      vertex 39.505 -18.3686 16
      vertex 39.241 -18.4987 12
      vertex 39.505 -18.3686 12
    endloop
  endfacet
  facet normal -0.0655719 -0.997848 0
    outer loop
      vertex 38.0863 -18.6507 12
      vertex 38.38 -18.67 16
      vertex 38.0863 -18.6507 16
    endloop
  endfacet
  facet normal -0.0655719 -0.997848 -0
    outer loop
      vertex 38.38 -18.67 16
      vertex 38.0863 -18.6507 12
      vertex 38.38 -18.67 12
    endloop
  endfacet
  facet normal 0.980789 -0.19507 0
    outer loop
      vertex 40.5533 -17.0023 16
      vertex 40.6107 -16.7137 12
      vertex 40.6107 -16.7137 16
    endloop
  endfacet
  facet normal 0.980789 -0.19507 0
    outer loop
      vertex 40.6107 -16.7137 12
      vertex 40.5533 -17.0023 16
      vertex 40.5533 -17.0023 12
    endloop
  endfacet
  facet normal -0.19507 -0.980789 0
    outer loop
      vertex 37.7977 -18.5933 12
      vertex 38.0863 -18.6507 16
      vertex 37.7977 -18.5933 16
    endloop
  endfacet
  facet normal -0.19507 -0.980789 -0
    outer loop
      vertex 38.0863 -18.6507 16
      vertex 37.7977 -18.5933 12
      vertex 38.0863 -18.6507 12
    endloop
  endfacet
  facet normal -0.980724 -0.195397 0
    outer loop
      vertex 36.2067 -17.0023 12
      vertex 36.1492 -16.7137 16
      vertex 36.1492 -16.7137 12
    endloop
  endfacet
  facet normal -0.980724 -0.195397 0
    outer loop
      vertex 36.1492 -16.7137 16
      vertex 36.2067 -17.0023 12
      vertex 36.2067 -17.0023 16
    endloop
  endfacet
  facet normal 0.659202 -0.751966 0
    outer loop
      vertex 39.7497 -18.205 12
      vertex 39.971 -18.011 16
      vertex 39.7497 -18.205 16
    endloop
  endfacet
  facet normal 0.659202 -0.751966 0
    outer loop
      vertex 39.971 -18.011 16
      vertex 39.7497 -18.205 12
      vertex 39.971 -18.011 12
    endloop
  endfacet
  facet normal 0.997848 -0.0655719 0
    outer loop
      vertex 40.6107 -16.7137 16
      vertex 40.63 -16.42 12
      vertex 40.63 -16.42 16
    endloop
  endfacet
  facet normal 0.997848 -0.0655719 0
    outer loop
      vertex 40.63 -16.42 12
      vertex 40.6107 -16.7137 16
      vertex 40.6107 -16.7137 12
    endloop
  endfacet
  facet normal -0.99787 0.0652336 0
    outer loop
      vertex 36.13 -16.42 12
      vertex 36.1492 -16.1263 16
      vertex 36.1492 -16.1263 12
    endloop
  endfacet
  facet normal -0.99787 0.0652336 0
    outer loop
      vertex 36.1492 -16.1263 16
      vertex 36.13 -16.42 12
      vertex 36.13 -16.42 16
    endloop
  endfacet
  facet normal -0.946936 -0.321421 0
    outer loop
      vertex 36.3013 -17.281 12
      vertex 36.2067 -17.0023 16
      vertex 36.2067 -17.0023 12
    endloop
  endfacet
  facet normal -0.946936 -0.321421 0
    outer loop
      vertex 36.2067 -17.0023 16
      vertex 36.3013 -17.281 12
      vertex 36.3013 -17.281 16
    endloop
  endfacet
  facet normal -0.896995 0.442042 0
    outer loop
      vertex 36.3013 -15.559 12
      vertex 36.4314 -15.295 16
      vertex 36.4314 -15.295 12
    endloop
  endfacet
  facet normal -0.896995 0.442042 0
    outer loop
      vertex 36.4314 -15.295 16
      vertex 36.3013 -15.559 12
      vertex 36.3013 -15.559 16
    endloop
  endfacet
  facet normal -0.659202 -0.751966 0
    outer loop
      vertex 36.789 -18.011 12
      vertex 37.0103 -18.205 16
      vertex 36.789 -18.011 16
    endloop
  endfacet
  facet normal -0.659202 -0.751966 -0
    outer loop
      vertex 37.0103 -18.205 16
      vertex 36.789 -18.011 12
      vertex 37.0103 -18.205 12
    endloop
  endfacet
  facet normal 0.0652336 0.99787 -0
    outer loop
      vertex 38.6737 -14.1892 12
      vertex 38.38 -14.17 16
      vertex 38.6737 -14.1892 16
    endloop
  endfacet
  facet normal 0.0652336 0.99787 0
    outer loop
      vertex 38.38 -14.17 16
      vertex 38.6737 -14.1892 12
      vertex 38.38 -14.17 12
    endloop
  endfacet
  facet normal -0.751966 -0.659202 0
    outer loop
      vertex 36.789 -18.011 12
      vertex 36.595 -17.7897 16
      vertex 36.595 -17.7897 12
    endloop
  endfacet
  facet normal -0.751966 -0.659202 0
    outer loop
      vertex 36.595 -17.7897 16
      vertex 36.789 -18.011 12
      vertex 36.789 -18.011 16
    endloop
  endfacet
  facet normal 0.896995 -0.442042 0
    outer loop
      vertex 40.3286 -17.545 16
      vertex 40.4587 -17.281 12
      vertex 40.4587 -17.281 16
    endloop
  endfacet
  facet normal 0.896995 -0.442042 0
    outer loop
      vertex 40.4587 -17.281 12
      vertex 40.3286 -17.545 16
      vertex 40.3286 -17.545 12
    endloop
  endfacet
  facet normal -0.442042 -0.896995 0
    outer loop
      vertex 37.255 -18.3686 12
      vertex 37.519 -18.4987 16
      vertex 37.255 -18.3686 16
    endloop
  endfacet
  facet normal -0.442042 -0.896995 -0
    outer loop
      vertex 37.519 -18.4987 16
      vertex 37.255 -18.3686 12
      vertex 37.519 -18.4987 12
    endloop
  endfacet
  facet normal -0.555797 -0.831318 0
    outer loop
      vertex 37.0103 -18.205 12
      vertex 37.255 -18.3686 16
      vertex 37.0103 -18.205 16
    endloop
  endfacet
  facet normal -0.555797 -0.831318 -0
    outer loop
      vertex 37.255 -18.3686 16
      vertex 37.0103 -18.205 12
      vertex 37.255 -18.3686 12
    endloop
  endfacet
  facet normal 0.555797 0.831318 -0
    outer loop
      vertex 39.7497 -14.635 12
      vertex 39.505 -14.4714 16
      vertex 39.7497 -14.635 16
    endloop
  endfacet
  facet normal 0.555797 0.831318 0
    outer loop
      vertex 39.505 -14.4714 16
      vertex 39.7497 -14.635 12
      vertex 39.505 -14.4714 12
    endloop
  endfacet
  facet normal 0.442042 0.896995 -0
    outer loop
      vertex 39.505 -14.4714 12
      vertex 39.241 -14.3413 16
      vertex 39.505 -14.4714 16
    endloop
  endfacet
  facet normal 0.442042 0.896995 0
    outer loop
      vertex 39.241 -14.3413 16
      vertex 39.505 -14.4714 12
      vertex 39.241 -14.3413 12
    endloop
  endfacet
  facet normal -0.896995 -0.442042 0
    outer loop
      vertex 36.4314 -17.545 12
      vertex 36.3013 -17.281 16
      vertex 36.3013 -17.281 12
    endloop
  endfacet
  facet normal -0.896995 -0.442042 0
    outer loop
      vertex 36.3013 -17.281 16
      vertex 36.4314 -17.545 12
      vertex 36.4314 -17.545 16
    endloop
  endfacet
  facet normal -0.0652336 0.99787 0
    outer loop
      vertex 38.38 -14.17 12
      vertex 38.0863 -14.1892 16
      vertex 38.38 -14.17 16
    endloop
  endfacet
  facet normal -0.0652336 0.99787 0
    outer loop
      vertex 38.0863 -14.1892 16
      vertex 38.38 -14.17 12
      vertex 38.0863 -14.1892 12
    endloop
  endfacet
  facet normal -0.321421 -0.946936 0
    outer loop
      vertex 37.519 -18.4987 12
      vertex 37.7977 -18.5933 16
      vertex 37.519 -18.4987 16
    endloop
  endfacet
  facet normal -0.321421 -0.946936 -0
    outer loop
      vertex 37.7977 -18.5933 16
      vertex 37.519 -18.4987 12
      vertex 37.7977 -18.5933 12
    endloop
  endfacet
  facet normal 0.0655719 -0.997848 0
    outer loop
      vertex 38.38 -18.67 12
      vertex 38.6737 -18.6507 16
      vertex 38.38 -18.67 16
    endloop
  endfacet
  facet normal 0.0655719 -0.997848 0
    outer loop
      vertex 38.6737 -18.6507 16
      vertex 38.38 -18.67 12
      vertex 38.6737 -18.6507 12
    endloop
  endfacet
  facet normal -0.99787 -0.0652336 0
    outer loop
      vertex 36.1492 -16.7137 12
      vertex 36.13 -16.42 16
      vertex 36.13 -16.42 12
    endloop
  endfacet
  facet normal -0.99787 -0.0652336 0
    outer loop
      vertex 36.13 -16.42 16
      vertex 36.1492 -16.7137 12
      vertex 36.1492 -16.7137 16
    endloop
  endfacet
  facet normal -0.946936 0.321421 0
    outer loop
      vertex 36.2067 -15.8377 12
      vertex 36.3013 -15.559 16
      vertex 36.3013 -15.559 12
    endloop
  endfacet
  facet normal -0.946936 0.321421 0
    outer loop
      vertex 36.3013 -15.559 16
      vertex 36.2067 -15.8377 12
      vertex 36.2067 -15.8377 16
    endloop
  endfacet
  facet normal -0.831318 0.555797 0
    outer loop
      vertex 36.4314 -15.295 12
      vertex 36.595 -15.0503 16
      vertex 36.595 -15.0503 12
    endloop
  endfacet
  facet normal -0.831318 0.555797 0
    outer loop
      vertex 36.595 -15.0503 16
      vertex 36.4314 -15.295 12
      vertex 36.4314 -15.295 16
    endloop
  endfacet
  facet normal 0 0 1
    outer loop
      vertex 39.18 -16.42 16
      vertex 40.63 -16.42 16
      vertex 40.6107 -16.1263 16
    endloop
  endfacet
  facet normal 0 0 1
    outer loop
      vertex 39.18 -16.42 16
      vertex 40.6107 -16.1263 16
      vertex 40.5533 -15.8377 16
    endloop
  endfacet
  facet normal 0 0 1
    outer loop
      vertex 40.63 -16.42 16
      vertex 39.18 -16.42 16
      vertex 40.6107 -16.7137 16
    endloop
  endfacet
  facet normal 0 0 1
    outer loop
      vertex 39.1191 -16.1139 16
      vertex 40.5533 -15.8377 16
      vertex 40.4587 -15.559 16
    endloop
  endfacet
  facet normal 0 0 1
    outer loop
      vertex 40.6107 -16.7137 16
      vertex 39.18 -16.42 16
      vertex 40.5533 -17.0023 16
    endloop
  endfacet
  facet normal 0 0 1
    outer loop
      vertex 39.1191 -16.1139 16
      vertex 40.4587 -15.559 16
      vertex 40.3286 -15.295 16
    endloop
  endfacet
  facet normal -0 0 1
    outer loop
      vertex 39.1191 -16.7261 16
      vertex 40.5533 -17.0023 16
      vertex 39.18 -16.42 16
    endloop
  endfacet
  facet normal 0 0 1
    outer loop
      vertex 39.1191 -16.1139 16
      vertex 40.3286 -15.295 16
      vertex 40.165 -15.0503 16
    endloop
  endfacet
  facet normal 0 0 1
    outer loop
      vertex 40.5533 -17.0023 16
      vertex 39.1191 -16.7261 16
      vertex 40.4587 -17.281 16
    endloop
  endfacet
  facet normal 0 0 1
    outer loop
      vertex 38.9457 -15.8543 16
      vertex 40.165 -15.0503 16
      vertex 39.971 -14.829 16
    endloop
  endfacet
  facet normal 0 0 1
    outer loop
      vertex 40.4587 -17.281 16
      vertex 39.1191 -16.7261 16
      vertex 40.3286 -17.545 16
    endloop
  endfacet
  facet normal 0 0 1
    outer loop
      vertex 38.9457 -15.8543 16
      vertex 39.971 -14.829 16
      vertex 39.7497 -14.635 16
    endloop
  endfacet
  facet normal 0 0 1
    outer loop
      vertex 40.3286 -17.545 16
      vertex 39.1191 -16.7261 16
      vertex 40.165 -17.7897 16
    endloop
  endfacet
  facet normal 0 0 1
    outer loop
      vertex 38.9457 -15.8543 16
      vertex 39.7497 -14.635 16
      vertex 39.505 -14.4714 16
    endloop
  endfacet
  facet normal -0 0 1
    outer loop
      vertex 38.9457 -16.9857 16
      vertex 40.165 -17.7897 16
      vertex 39.1191 -16.7261 16
    endloop
  endfacet
  facet normal 0 0 1
    outer loop
      vertex 38.6861 -15.6809 16
      vertex 39.505 -14.4714 16
      vertex 39.241 -14.3413 16
    endloop
  endfacet
  facet normal 0 0 1
    outer loop
      vertex 40.165 -17.7897 16
      vertex 38.9457 -16.9857 16
      vertex 39.971 -18.011 16
    endloop
  endfacet
  facet normal 0 0 1
    outer loop
      vertex 39.971 -18.011 16
      vertex 38.9457 -16.9857 16
      vertex 39.7497 -18.205 16
    endloop
  endfacet
  facet normal 0 0 1
    outer loop
      vertex 40.5533 -15.8377 16
      vertex 39.1191 -16.1139 16
      vertex 39.18 -16.42 16
    endloop
  endfacet
  facet normal 0 0 1
    outer loop
      vertex 38.6861 -15.6809 16
      vertex 39.241 -14.3413 16
      vertex 38.9623 -14.2467 16
    endloop
  endfacet
  facet normal 0 0 1
    outer loop
      vertex 40.165 -15.0503 16
      vertex 38.9457 -15.8543 16
      vertex 39.1191 -16.1139 16
    endloop
  endfacet
  facet normal 0 0 1
    outer loop
      vertex 39.505 -14.4714 16
      vertex 38.6861 -15.6809 16
      vertex 38.9457 -15.8543 16
    endloop
  endfacet
  facet normal 0 0 1
    outer loop
      vertex 38.6737 -14.1892 16
      vertex 38.6861 -15.6809 16
      vertex 38.9623 -14.2467 16
    endloop
  endfacet
  facet normal 0 0 1
    outer loop
      vertex 38.38 -15.62 16
      vertex 38.6737 -14.1892 16
      vertex 38.38 -14.17 16
    endloop
  endfacet
  facet normal 0 0 1
    outer loop
      vertex 38.6737 -14.1892 16
      vertex 38.38 -15.62 16
      vertex 38.6861 -15.6809 16
    endloop
  endfacet
  facet normal -0 0 1
    outer loop
      vertex 38.0863 -14.1892 16
      vertex 38.38 -15.62 16
      vertex 38.38 -14.17 16
    endloop
  endfacet
  facet normal 0 0 1
    outer loop
      vertex 38.0863 -14.1892 16
      vertex 38.0739 -15.6809 16
      vertex 38.38 -15.62 16
    endloop
  endfacet
  facet normal -0 0 1
    outer loop
      vertex 37.7977 -14.2467 16
      vertex 38.0739 -15.6809 16
      vertex 38.0863 -14.1892 16
    endloop
  endfacet
  facet normal -0 0 1
    outer loop
      vertex 37.519 -14.3413 16
      vertex 38.0739 -15.6809 16
      vertex 37.7977 -14.2467 16
    endloop
  endfacet
  facet normal -0 0 1
    outer loop
      vertex 37.255 -14.4714 16
      vertex 38.0739 -15.6809 16
      vertex 37.519 -14.3413 16
    endloop
  endfacet
  facet normal 0 0 1
    outer loop
      vertex 38.0739 -15.6809 16
      vertex 37.255 -14.4714 16
      vertex 37.8143 -15.8543 16
    endloop
  endfacet
  facet normal -0 0 1
    outer loop
      vertex 37.0103 -14.635 16
      vertex 37.8143 -15.8543 16
      vertex 37.255 -14.4714 16
    endloop
  endfacet
  facet normal 0 0 1
    outer loop
      vertex 39.7497 -18.205 16
      vertex 38.9457 -16.9857 16
      vertex 39.505 -18.3686 16
    endloop
  endfacet
  facet normal -0 0 1
    outer loop
      vertex 38.6861 -17.1591 16
      vertex 39.505 -18.3686 16
      vertex 38.9457 -16.9857 16
    endloop
  endfacet
  facet normal 0 0 1
    outer loop
      vertex 39.505 -18.3686 16
      vertex 38.6861 -17.1591 16
      vertex 39.241 -18.4987 16
    endloop
  endfacet
  facet normal 0 0 1
    outer loop
      vertex 39.241 -18.4987 16
      vertex 38.6861 -17.1591 16
      vertex 38.9623 -18.5933 16
    endloop
  endfacet
  facet normal 0 0 1
    outer loop
      vertex 38.6861 -17.1591 16
      vertex 38.6737 -18.6507 16
      vertex 38.9623 -18.5933 16
    endloop
  endfacet
  facet normal -0 0 1
    outer loop
      vertex 38.38 -17.22 16
      vertex 38.6737 -18.6507 16
      vertex 38.6861 -17.1591 16
    endloop
  endfacet
  facet normal 0 0 1
    outer loop
      vertex 38.38 -17.22 16
      vertex 38.38 -18.67 16
      vertex 38.6737 -18.6507 16
    endloop
  endfacet
  facet normal 0 0 1
    outer loop
      vertex 38.38 -17.22 16
      vertex 38.0863 -18.6507 16
      vertex 38.38 -18.67 16
    endloop
  endfacet
  facet normal 0 0 1
    outer loop
      vertex 38.0739 -17.1591 16
      vertex 38.0863 -18.6507 16
      vertex 38.38 -17.22 16
    endloop
  endfacet
  facet normal 0 0 1
    outer loop
      vertex 37.255 -18.3686 16
      vertex 38.0739 -17.1591 16
      vertex 37.8143 -16.9857 16
    endloop
  endfacet
  facet normal 0 0 1
    outer loop
      vertex 38.0739 -17.1591 16
      vertex 37.7977 -18.5933 16
      vertex 38.0863 -18.6507 16
    endloop
  endfacet
  facet normal 0 0 1
    outer loop
      vertex 36.595 -17.7897 16
      vertex 37.8143 -16.9857 16
      vertex 37.6409 -16.7261 16
    endloop
  endfacet
  facet normal 0 0 1
    outer loop
      vertex 36.2067 -17.0023 16
      vertex 37.6409 -16.7261 16
      vertex 37.58 -16.42 16
    endloop
  endfacet
  facet normal 0 0 1
    outer loop
      vertex 38.0739 -17.1591 16
      vertex 37.519 -18.4987 16
      vertex 37.7977 -18.5933 16
    endloop
  endfacet
  facet normal -0 0 1
    outer loop
      vertex 36.789 -14.829 16
      vertex 37.8143 -15.8543 16
      vertex 37.0103 -14.635 16
    endloop
  endfacet
  facet normal -0 0 1
    outer loop
      vertex 36.595 -15.0503 16
      vertex 37.8143 -15.8543 16
      vertex 36.789 -14.829 16
    endloop
  endfacet
  facet normal 0 0 1
    outer loop
      vertex 38.0739 -17.1591 16
      vertex 37.255 -18.3686 16
      vertex 37.519 -18.4987 16
    endloop
  endfacet
  facet normal 0 0 1
    outer loop
      vertex 37.8143 -15.8543 16
      vertex 36.595 -15.0503 16
      vertex 37.6409 -16.1139 16
    endloop
  endfacet
  facet normal 0 0 1
    outer loop
      vertex 37.8143 -16.9857 16
      vertex 37.0103 -18.205 16
      vertex 37.255 -18.3686 16
    endloop
  endfacet
  facet normal -0 0 1
    outer loop
      vertex 36.4314 -15.295 16
      vertex 37.6409 -16.1139 16
      vertex 36.595 -15.0503 16
    endloop
  endfacet
  facet normal 0 0 1
    outer loop
      vertex 37.8143 -16.9857 16
      vertex 36.789 -18.011 16
      vertex 37.0103 -18.205 16
    endloop
  endfacet
  facet normal -0 0 1
    outer loop
      vertex 36.3013 -15.559 16
      vertex 37.6409 -16.1139 16
      vertex 36.4314 -15.295 16
    endloop
  endfacet
  facet normal 0 0 1
    outer loop
      vertex 37.8143 -16.9857 16
      vertex 36.595 -17.7897 16
      vertex 36.789 -18.011 16
    endloop
  endfacet
  facet normal -0 0 1
    outer loop
      vertex 36.2067 -15.8377 16
      vertex 37.6409 -16.1139 16
      vertex 36.3013 -15.559 16
    endloop
  endfacet
  facet normal 0 0 1
    outer loop
      vertex 37.6409 -16.7261 16
      vertex 36.4314 -17.545 16
      vertex 36.595 -17.7897 16
    endloop
  endfacet
  facet normal 0 0 1
    outer loop
      vertex 37.6409 -16.1139 16
      vertex 36.2067 -15.8377 16
      vertex 37.58 -16.42 16
    endloop
  endfacet
  facet normal 0 0 1
    outer loop
      vertex 37.6409 -16.7261 16
      vertex 36.3013 -17.281 16
      vertex 36.4314 -17.545 16
    endloop
  endfacet
  facet normal -0 0 1
    outer loop
      vertex 36.1492 -16.1263 16
      vertex 37.58 -16.42 16
      vertex 36.2067 -15.8377 16
    endloop
  endfacet
  facet normal 0 0 1
    outer loop
      vertex 37.6409 -16.7261 16
      vertex 36.2067 -17.0023 16
      vertex 36.3013 -17.281 16
    endloop
  endfacet
  facet normal 0 0 1
    outer loop
      vertex 36.13 -16.42 16
      vertex 37.58 -16.42 16
      vertex 36.1492 -16.1263 16
    endloop
  endfacet
  facet normal 0 0 1
    outer loop
      vertex 37.58 -16.42 16
      vertex 36.1492 -16.7137 16
      vertex 36.2067 -17.0023 16
    endloop
  endfacet
  facet normal 0 0 1
    outer loop
      vertex 37.58 -16.42 16
      vertex 36.13 -16.42 16
      vertex 36.1492 -16.7137 16
    endloop
  endfacet
  facet normal -0.751966 0.659202 0
    outer loop
      vertex 36.595 -15.0503 12
      vertex 36.789 -14.829 16
      vertex 36.789 -14.829 12
    endloop
  endfacet
  facet normal -0.751966 0.659202 0
    outer loop
      vertex 36.789 -14.829 16
      vertex 36.595 -15.0503 12
      vertex 36.595 -15.0503 16
    endloop
  endfacet
  facet normal -0.896995 -0.442042 0
    outer loop
      vertex 36.4314 23.095 12
      vertex 36.3013 23.359 16
      vertex 36.3013 23.359 12
    endloop
  endfacet
  facet normal -0.896995 -0.442042 0
    outer loop
      vertex 36.3013 23.359 16
      vertex 36.4314 23.095 12
      vertex 36.4314 23.095 16
    endloop
  endfacet
  facet normal 0.980789 0.19507 0
    outer loop
      vertex 40.6107 24.5137 16
      vertex 40.5533 24.8023 12
      vertex 40.5533 24.8023 16
    endloop
  endfacet
  facet normal 0.980789 0.19507 0
    outer loop
      vertex 40.5533 24.8023 12
      vertex 40.6107 24.5137 16
      vertex 40.6107 24.5137 12
    endloop
  endfacet
  facet normal 0.997848 0.0655719 0
    outer loop
      vertex 40.63 24.22 16
      vertex 40.6107 24.5137 12
      vertex 40.6107 24.5137 16
    endloop
  endfacet
  facet normal 0.997848 0.0655719 0
    outer loop
      vertex 40.6107 24.5137 12
      vertex 40.63 24.22 16
      vertex 40.63 24.22 12
    endloop
  endfacet
  facet normal 0.946936 0.321421 0
    outer loop
      vertex 40.5533 24.8023 16
      vertex 40.4587 25.081 12
      vertex 40.4587 25.081 16
    endloop
  endfacet
  facet normal 0.946936 0.321421 0
    outer loop
      vertex 40.4587 25.081 12
      vertex 40.5533 24.8023 16
      vertex 40.5533 24.8023 12
    endloop
  endfacet
  facet normal 0.321421 0.946936 -0
    outer loop
      vertex 39.241 26.2987 12
      vertex 38.9623 26.3933 16
      vertex 39.241 26.2987 16
    endloop
  endfacet
  facet normal 0.321421 0.946936 0
    outer loop
      vertex 38.9623 26.3933 16
      vertex 39.241 26.2987 12
      vertex 38.9623 26.3933 12
    endloop
  endfacet
  facet normal -0.659202 0.751966 0
    outer loop
      vertex 37.0103 26.005 12
      vertex 36.789 25.811 16
      vertex 37.0103 26.005 16
    endloop
  endfacet
  facet normal -0.659202 0.751966 0
    outer loop
      vertex 36.789 25.811 16
      vertex 37.0103 26.005 12
      vertex 36.789 25.811 12
    endloop
  endfacet
  facet normal -0.946936 0.321421 0
    outer loop
      vertex 36.2067 24.8023 12
      vertex 36.3013 25.081 16
      vertex 36.3013 25.081 12
    endloop
  endfacet
  facet normal -0.946936 0.321421 0
    outer loop
      vertex 36.3013 25.081 16
      vertex 36.2067 24.8023 12
      vertex 36.2067 24.8023 16
    endloop
  endfacet
  facet normal 0.751966 -0.659202 0
    outer loop
      vertex 39.971 22.629 16
      vertex 40.165 22.8503 12
      vertex 40.165 22.8503 16
    endloop
  endfacet
  facet normal 0.751966 -0.659202 0
    outer loop
      vertex 40.165 22.8503 12
      vertex 39.971 22.629 16
      vertex 39.971 22.629 12
    endloop
  endfacet
  facet normal 0.0652336 0.99787 -0
    outer loop
      vertex 38.6737 26.4508 12
      vertex 38.38 26.47 16
      vertex 38.6737 26.4508 16
    endloop
  endfacet
  facet normal 0.0652336 0.99787 0
    outer loop
      vertex 38.38 26.47 16
      vertex 38.6737 26.4508 12
      vertex 38.38 26.47 12
    endloop
  endfacet
  facet normal 0.997848 -0.0655719 0
    outer loop
      vertex 40.6107 23.9263 16
      vertex 40.63 24.22 12
      vertex 40.63 24.22 16
    endloop
  endfacet
  facet normal 0.997848 -0.0655719 0
    outer loop
      vertex 40.63 24.22 12
      vertex 40.6107 23.9263 16
      vertex 40.6107 23.9263 12
    endloop
  endfacet
  facet normal 0.321421 -0.946936 0
    outer loop
      vertex 38.9623 22.0467 12
      vertex 39.241 22.1413 16
      vertex 38.9623 22.0467 16
    endloop
  endfacet
  facet normal 0.321421 -0.946936 0
    outer loop
      vertex 39.241 22.1413 16
      vertex 38.9623 22.0467 12
      vertex 39.241 22.1413 12
    endloop
  endfacet
  facet normal 0.831318 0.555797 0
    outer loop
      vertex 40.3286 25.345 16
      vertex 40.165 25.5897 12
      vertex 40.165 25.5897 16
    endloop
  endfacet
  facet normal 0.831318 0.555797 0
    outer loop
      vertex 40.165 25.5897 12
      vertex 40.3286 25.345 16
      vertex 40.3286 25.345 12
    endloop
  endfacet
  facet normal 0.896995 0.442042 0
    outer loop
      vertex 40.4587 25.081 16
      vertex 40.3286 25.345 12
      vertex 40.3286 25.345 16
    endloop
  endfacet
  facet normal 0.896995 0.442042 0
    outer loop
      vertex 40.3286 25.345 12
      vertex 40.4587 25.081 16
      vertex 40.4587 25.081 12
    endloop
  endfacet
  facet normal 0.195397 0.980724 -0
    outer loop
      vertex 38.9623 26.3933 12
      vertex 38.6737 26.4508 16
      vertex 38.9623 26.3933 16
    endloop
  endfacet
  facet normal 0.195397 0.980724 0
    outer loop
      vertex 38.6737 26.4508 16
      vertex 38.9623 26.3933 12
      vertex 38.6737 26.4508 12
    endloop
  endfacet
  facet normal -0.321421 0.946936 0
    outer loop
      vertex 37.7977 26.3933 12
      vertex 37.519 26.2987 16
      vertex 37.7977 26.3933 16
    endloop
  endfacet
  facet normal -0.321421 0.946936 0
    outer loop
      vertex 37.519 26.2987 16
      vertex 37.7977 26.3933 12
      vertex 37.519 26.2987 12
    endloop
  endfacet
  facet normal -0.321421 -0.946936 0
    outer loop
      vertex 37.519 22.1413 12
      vertex 37.7977 22.0467 16
      vertex 37.519 22.1413 16
    endloop
  endfacet
  facet normal -0.321421 -0.946936 -0
    outer loop
      vertex 37.7977 22.0467 16
      vertex 37.519 22.1413 12
      vertex 37.7977 22.0467 12
    endloop
  endfacet
  facet normal 0.0652336 -0.99787 0
    outer loop
      vertex 38.38 21.97 12
      vertex 38.6737 21.9892 16
      vertex 38.38 21.97 16
    endloop
  endfacet
  facet normal 0.0652336 -0.99787 0
    outer loop
      vertex 38.6737 21.9892 16
      vertex 38.38 21.97 12
      vertex 38.6737 21.9892 12
    endloop
  endfacet
  facet normal -0.751966 -0.659202 0
    outer loop
      vertex 36.789 22.629 12
      vertex 36.595 22.8503 16
      vertex 36.595 22.8503 12
    endloop
  endfacet
  facet normal -0.751966 -0.659202 0
    outer loop
      vertex 36.595 22.8503 16
      vertex 36.789 22.629 12
      vertex 36.789 22.629 16
    endloop
  endfacet
  facet normal 0.442042 -0.896995 0
    outer loop
      vertex 39.241 22.1413 12
      vertex 39.505 22.2714 16
      vertex 39.241 22.1413 16
    endloop
  endfacet
  facet normal 0.442042 -0.896995 0
    outer loop
      vertex 39.505 22.2714 16
      vertex 39.241 22.1413 12
      vertex 39.505 22.2714 12
    endloop
  endfacet
  facet normal -0.442042 0.896995 0
    outer loop
      vertex 37.519 26.2987 12
      vertex 37.255 26.1686 16
      vertex 37.519 26.2987 16
    endloop
  endfacet
  facet normal -0.442042 0.896995 0
    outer loop
      vertex 37.255 26.1686 16
      vertex 37.519 26.2987 12
      vertex 37.255 26.1686 12
    endloop
  endfacet
  facet normal -0.195397 -0.980724 0
    outer loop
      vertex 37.7977 22.0467 12
      vertex 38.0863 21.9892 16
      vertex 37.7977 22.0467 16
    endloop
  endfacet
  facet normal -0.195397 -0.980724 -0
    outer loop
      vertex 38.0863 21.9892 16
      vertex 37.7977 22.0467 12
      vertex 38.0863 21.9892 12
    endloop
  endfacet
  facet normal 0.831318 -0.555797 0
    outer loop
      vertex 40.165 22.8503 16
      vertex 40.3286 23.095 12
      vertex 40.3286 23.095 16
    endloop
  endfacet
  facet normal 0.831318 -0.555797 0
    outer loop
      vertex 40.3286 23.095 12
      vertex 40.165 22.8503 16
      vertex 40.165 22.8503 12
    endloop
  endfacet
  facet normal 0.195397 -0.980724 0
    outer loop
      vertex 38.6737 21.9892 12
      vertex 38.9623 22.0467 16
      vertex 38.6737 21.9892 16
    endloop
  endfacet
  facet normal 0.195397 -0.980724 0
    outer loop
      vertex 38.9623 22.0467 16
      vertex 38.6737 21.9892 12
      vertex 38.9623 22.0467 12
    endloop
  endfacet
  facet normal 0.555797 -0.831318 0
    outer loop
      vertex 39.505 22.2714 12
      vertex 39.7497 22.435 16
      vertex 39.505 22.2714 16
    endloop
  endfacet
  facet normal 0.555797 -0.831318 0
    outer loop
      vertex 39.7497 22.435 16
      vertex 39.505 22.2714 12
      vertex 39.7497 22.435 12
    endloop
  endfacet
  facet normal 0.659202 0.751966 -0
    outer loop
      vertex 39.971 25.811 12
      vertex 39.7497 26.005 16
      vertex 39.971 25.811 16
    endloop
  endfacet
  facet normal 0.659202 0.751966 0
    outer loop
      vertex 39.7497 26.005 16
      vertex 39.971 25.811 12
      vertex 39.7497 26.005 12
    endloop
  endfacet
  facet normal -0.0652336 -0.99787 0
    outer loop
      vertex 38.0863 21.9892 12
      vertex 38.38 21.97 16
      vertex 38.0863 21.9892 16
    endloop
  endfacet
  facet normal -0.0652336 -0.99787 -0
    outer loop
      vertex 38.38 21.97 16
      vertex 38.0863 21.9892 12
      vertex 38.38 21.97 12
    endloop
  endfacet
  facet normal 0.659202 -0.751966 0
    outer loop
      vertex 39.7497 22.435 12
      vertex 39.971 22.629 16
      vertex 39.7497 22.435 16
    endloop
  endfacet
  facet normal 0.659202 -0.751966 0
    outer loop
      vertex 39.971 22.629 16
      vertex 39.7497 22.435 12
      vertex 39.971 22.629 12
    endloop
  endfacet
  facet normal -0.980724 0.195397 0
    outer loop
      vertex 36.1492 24.5137 12
      vertex 36.2067 24.8023 16
      vertex 36.2067 24.8023 12
    endloop
  endfacet
  facet normal -0.980724 0.195397 0
    outer loop
      vertex 36.2067 24.8023 16
      vertex 36.1492 24.5137 12
      vertex 36.1492 24.5137 16
    endloop
  endfacet
  facet normal -0.555797 0.831318 0
    outer loop
      vertex 37.255 26.1686 12
      vertex 37.0103 26.005 16
      vertex 37.255 26.1686 16
    endloop
  endfacet
  facet normal -0.555797 0.831318 0
    outer loop
      vertex 37.0103 26.005 16
      vertex 37.255 26.1686 12
      vertex 37.0103 26.005 12
    endloop
  endfacet
  facet normal -0.195397 0.980724 0
    outer loop
      vertex 38.0863 26.4508 12
      vertex 37.7977 26.3933 16
      vertex 38.0863 26.4508 16
    endloop
  endfacet
  facet normal -0.195397 0.980724 0
    outer loop
      vertex 37.7977 26.3933 16
      vertex 38.0863 26.4508 12
      vertex 37.7977 26.3933 12
    endloop
  endfacet
  facet normal 0.896995 -0.442042 0
    outer loop
      vertex 40.3286 23.095 16
      vertex 40.4587 23.359 12
      vertex 40.4587 23.359 16
    endloop
  endfacet
  facet normal 0.896995 -0.442042 0
    outer loop
      vertex 40.4587 23.359 12
      vertex 40.3286 23.095 16
      vertex 40.3286 23.095 12
    endloop
  endfacet
  facet normal 0.442042 0.896995 -0
    outer loop
      vertex 39.505 26.1686 12
      vertex 39.241 26.2987 16
      vertex 39.505 26.1686 16
    endloop
  endfacet
  facet normal 0.442042 0.896995 0
    outer loop
      vertex 39.241 26.2987 16
      vertex 39.505 26.1686 12
      vertex 39.241 26.2987 12
    endloop
  endfacet
  facet normal -0.946936 -0.321421 0
    outer loop
      vertex 36.3013 23.359 12
      vertex 36.2067 23.6377 16
      vertex 36.2067 23.6377 12
    endloop
  endfacet
  facet normal -0.946936 -0.321421 0
    outer loop
      vertex 36.2067 23.6377 16
      vertex 36.3013 23.359 12
      vertex 36.3013 23.359 16
    endloop
  endfacet
  facet normal 0.751966 0.659202 0
    outer loop
      vertex 40.165 25.5897 16
      vertex 39.971 25.811 12
      vertex 39.971 25.811 16
    endloop
  endfacet
  facet normal 0.751966 0.659202 0
    outer loop
      vertex 39.971 25.811 12
      vertex 40.165 25.5897 16
      vertex 40.165 25.5897 12
    endloop
  endfacet
  facet normal -0.980724 -0.195397 0
    outer loop
      vertex 36.2067 23.6377 12
      vertex 36.1492 23.9263 16
      vertex 36.1492 23.9263 12
    endloop
  endfacet
  facet normal -0.980724 -0.195397 0
    outer loop
      vertex 36.1492 23.9263 16
      vertex 36.2067 23.6377 12
      vertex 36.2067 23.6377 16
    endloop
  endfacet
  facet normal -0.896995 0.442042 0
    outer loop
      vertex 36.3013 25.081 12
      vertex 36.4314 25.345 16
      vertex 36.4314 25.345 12
    endloop
  endfacet
  facet normal -0.896995 0.442042 0
    outer loop
      vertex 36.4314 25.345 16
      vertex 36.3013 25.081 12
      vertex 36.3013 25.081 16
    endloop
  endfacet
  facet normal -0.99787 0.0652336 0
    outer loop
      vertex 36.13 24.22 12
      vertex 36.1492 24.5137 16
      vertex 36.1492 24.5137 12
    endloop
  endfacet
  facet normal -0.99787 0.0652336 0
    outer loop
      vertex 36.1492 24.5137 16
      vertex 36.13 24.22 12
      vertex 36.13 24.22 16
    endloop
  endfacet
  facet normal 0.980789 -0.19507 0
    outer loop
      vertex 40.5533 23.6377 16
      vertex 40.6107 23.9263 12
      vertex 40.6107 23.9263 16
    endloop
  endfacet
  facet normal 0.980789 -0.19507 0
    outer loop
      vertex 40.6107 23.9263 12
      vertex 40.5533 23.6377 16
      vertex 40.5533 23.6377 12
    endloop
  endfacet
  facet normal 0.555797 0.831318 -0
    outer loop
      vertex 39.7497 26.005 12
      vertex 39.505 26.1686 16
      vertex 39.7497 26.005 16
    endloop
  endfacet
  facet normal 0.555797 0.831318 0
    outer loop
      vertex 39.505 26.1686 16
      vertex 39.7497 26.005 12
      vertex 39.505 26.1686 12
    endloop
  endfacet
  facet normal -0.751966 0.659202 0
    outer loop
      vertex 36.595 25.5897 12
      vertex 36.789 25.811 16
      vertex 36.789 25.811 12
    endloop
  endfacet
  facet normal -0.751966 0.659202 0
    outer loop
      vertex 36.789 25.811 16
      vertex 36.595 25.5897 12
      vertex 36.595 25.5897 16
    endloop
  endfacet
  facet normal -0.442042 -0.896995 0
    outer loop
      vertex 37.255 22.2714 12
      vertex 37.519 22.1413 16
      vertex 37.255 22.2714 16
    endloop
  endfacet
  facet normal -0.442042 -0.896995 -0
    outer loop
      vertex 37.519 22.1413 16
      vertex 37.255 22.2714 12
      vertex 37.519 22.1413 12
    endloop
  endfacet
  facet normal -0.831318 -0.555797 0
    outer loop
      vertex 36.595 22.8503 12
      vertex 36.4314 23.095 16
      vertex 36.4314 23.095 12
    endloop
  endfacet
  facet normal -0.831318 -0.555797 0
    outer loop
      vertex 36.4314 23.095 16
      vertex 36.595 22.8503 12
      vertex 36.595 22.8503 16
    endloop
  endfacet
  facet normal 0.946936 -0.321421 0
    outer loop
      vertex 40.4587 23.359 16
      vertex 40.5533 23.6377 12
      vertex 40.5533 23.6377 16
    endloop
  endfacet
  facet normal 0.946936 -0.321421 0
    outer loop
      vertex 40.5533 23.6377 12
      vertex 40.4587 23.359 16
      vertex 40.4587 23.359 12
    endloop
  endfacet
  facet normal -0.99787 -0.0652336 0
    outer loop
      vertex 36.1492 23.9263 12
      vertex 36.13 24.22 16
      vertex 36.13 24.22 12
    endloop
  endfacet
  facet normal -0.99787 -0.0652336 0
    outer loop
      vertex 36.13 24.22 16
      vertex 36.1492 23.9263 12
      vertex 36.1492 23.9263 16
    endloop
  endfacet
  facet normal -0.0652336 0.99787 0
    outer loop
      vertex 38.38 26.47 12
      vertex 38.0863 26.4508 16
      vertex 38.38 26.47 16
    endloop
  endfacet
  facet normal -0.0652336 0.99787 0
    outer loop
      vertex 38.0863 26.4508 16
      vertex 38.38 26.47 12
      vertex 38.0863 26.4508 12
    endloop
  endfacet
  facet normal 0 0 1
    outer loop
      vertex 39.18 24.22 16
      vertex 40.63 24.22 16
      vertex 40.6107 24.5137 16
    endloop
  endfacet
  facet normal 0 0 1
    outer loop
      vertex 39.18 24.22 16
      vertex 40.6107 24.5137 16
      vertex 40.5533 24.8023 16
    endloop
  endfacet
  facet normal 0 0 1
    outer loop
      vertex 40.63 24.22 16
      vertex 39.18 24.22 16
      vertex 40.6107 23.9263 16
    endloop
  endfacet
  facet normal 0 0 1
    outer loop
      vertex 39.1191 24.5261 16
      vertex 40.5533 24.8023 16
      vertex 40.4587 25.081 16
    endloop
  endfacet
  facet normal 0 0 1
    outer loop
      vertex 40.6107 23.9263 16
      vertex 39.18 24.22 16
      vertex 40.5533 23.6377 16
    endloop
  endfacet
  facet normal 0 0 1
    outer loop
      vertex 39.1191 24.5261 16
      vertex 40.4587 25.081 16
      vertex 40.3286 25.345 16
    endloop
  endfacet
  facet normal -0 0 1
    outer loop
      vertex 39.1191 23.9139 16
      vertex 40.5533 23.6377 16
      vertex 39.18 24.22 16
    endloop
  endfacet
  facet normal 0 0 1
    outer loop
      vertex 39.1191 24.5261 16
      vertex 40.3286 25.345 16
      vertex 40.165 25.5897 16
    endloop
  endfacet
  facet normal 0 0 1
    outer loop
      vertex 40.5533 23.6377 16
      vertex 39.1191 23.9139 16
      vertex 40.4587 23.359 16
    endloop
  endfacet
  facet normal 0 0 1
    outer loop
      vertex 38.9457 24.7857 16
      vertex 40.165 25.5897 16
      vertex 39.971 25.811 16
    endloop
  endfacet
  facet normal 0 0 1
    outer loop
      vertex 40.4587 23.359 16
      vertex 39.1191 23.9139 16
      vertex 40.3286 23.095 16
    endloop
  endfacet
  facet normal 0 0 1
    outer loop
      vertex 38.9457 24.7857 16
      vertex 39.971 25.811 16
      vertex 39.7497 26.005 16
    endloop
  endfacet
  facet normal 0 0 1
    outer loop
      vertex 40.3286 23.095 16
      vertex 39.1191 23.9139 16
      vertex 40.165 22.8503 16
    endloop
  endfacet
  facet normal 0 0 1
    outer loop
      vertex 38.9457 24.7857 16
      vertex 39.7497 26.005 16
      vertex 39.505 26.1686 16
    endloop
  endfacet
  facet normal -0 0 1
    outer loop
      vertex 38.9457 23.6543 16
      vertex 40.165 22.8503 16
      vertex 39.1191 23.9139 16
    endloop
  endfacet
  facet normal 0 0 1
    outer loop
      vertex 38.6861 24.9591 16
      vertex 39.505 26.1686 16
      vertex 39.241 26.2987 16
    endloop
  endfacet
  facet normal 0 0 1
    outer loop
      vertex 40.165 22.8503 16
      vertex 38.9457 23.6543 16
      vertex 39.971 22.629 16
    endloop
  endfacet
  facet normal 0 0 1
    outer loop
      vertex 39.971 22.629 16
      vertex 38.9457 23.6543 16
      vertex 39.7497 22.435 16
    endloop
  endfacet
  facet normal 0 0 1
    outer loop
      vertex 40.5533 24.8023 16
      vertex 39.1191 24.5261 16
      vertex 39.18 24.22 16
    endloop
  endfacet
  facet normal 0 0 1
    outer loop
      vertex 38.6861 24.9591 16
      vertex 39.241 26.2987 16
      vertex 38.9623 26.3933 16
    endloop
  endfacet
  facet normal 0 0 1
    outer loop
      vertex 40.165 25.5897 16
      vertex 38.9457 24.7857 16
      vertex 39.1191 24.5261 16
    endloop
  endfacet
  facet normal 0 0 1
    outer loop
      vertex 39.505 26.1686 16
      vertex 38.6861 24.9591 16
      vertex 38.9457 24.7857 16
    endloop
  endfacet
  facet normal 0 0 1
    outer loop
      vertex 38.6737 26.4508 16
      vertex 38.6861 24.9591 16
      vertex 38.9623 26.3933 16
    endloop
  endfacet
  facet normal 0 0 1
    outer loop
      vertex 38.38 25.02 16
      vertex 38.6737 26.4508 16
      vertex 38.38 26.47 16
    endloop
  endfacet
  facet normal 0 0 1
    outer loop
      vertex 38.6737 26.4508 16
      vertex 38.38 25.02 16
      vertex 38.6861 24.9591 16
    endloop
  endfacet
  facet normal -0 0 1
    outer loop
      vertex 38.0863 26.4508 16
      vertex 38.38 25.02 16
      vertex 38.38 26.47 16
    endloop
  endfacet
  facet normal 0 0 1
    outer loop
      vertex 38.0863 26.4508 16
      vertex 38.0739 24.9591 16
      vertex 38.38 25.02 16
    endloop
  endfacet
  facet normal -0 0 1
    outer loop
      vertex 37.7977 26.3933 16
      vertex 38.0739 24.9591 16
      vertex 38.0863 26.4508 16
    endloop
  endfacet
  facet normal -0 0 1
    outer loop
      vertex 37.519 26.2987 16
      vertex 38.0739 24.9591 16
      vertex 37.7977 26.3933 16
    endloop
  endfacet
  facet normal -0 0 1
    outer loop
      vertex 37.255 26.1686 16
      vertex 38.0739 24.9591 16
      vertex 37.519 26.2987 16
    endloop
  endfacet
  facet normal 0 0 1
    outer loop
      vertex 38.0739 24.9591 16
      vertex 37.255 26.1686 16
      vertex 37.8143 24.7857 16
    endloop
  endfacet
  facet normal -0 0 1
    outer loop
      vertex 37.0103 26.005 16
      vertex 37.8143 24.7857 16
      vertex 37.255 26.1686 16
    endloop
  endfacet
  facet normal 0 0 1
    outer loop
      vertex 39.7497 22.435 16
      vertex 38.9457 23.6543 16
      vertex 39.505 22.2714 16
    endloop
  endfacet
  facet normal -0 0 1
    outer loop
      vertex 38.6861 23.4809 16
      vertex 39.505 22.2714 16
      vertex 38.9457 23.6543 16
    endloop
  endfacet
  facet normal 0 0 1
    outer loop
      vertex 39.505 22.2714 16
      vertex 38.6861 23.4809 16
      vertex 39.241 22.1413 16
    endloop
  endfacet
  facet normal 0 0 1
    outer loop
      vertex 39.241 22.1413 16
      vertex 38.6861 23.4809 16
      vertex 38.9623 22.0467 16
    endloop
  endfacet
  facet normal 0 0 1
    outer loop
      vertex 38.6861 23.4809 16
      vertex 38.6737 21.9892 16
      vertex 38.9623 22.0467 16
    endloop
  endfacet
  facet normal -0 0 1
    outer loop
      vertex 38.38 23.42 16
      vertex 38.6737 21.9892 16
      vertex 38.6861 23.4809 16
    endloop
  endfacet
  facet normal 0 0 1
    outer loop
      vertex 38.38 23.42 16
      vertex 38.38 21.97 16
      vertex 38.6737 21.9892 16
    endloop
  endfacet
  facet normal 0 0 1
    outer loop
      vertex 38.38 23.42 16
      vertex 38.0863 21.9892 16
      vertex 38.38 21.97 16
    endloop
  endfacet
  facet normal 0 0 1
    outer loop
      vertex 38.0739 23.4809 16
      vertex 38.0863 21.9892 16
      vertex 38.38 23.42 16
    endloop
  endfacet
  facet normal 0 0 1
    outer loop
      vertex 37.255 22.2714 16
      vertex 38.0739 23.4809 16
      vertex 37.8143 23.6543 16
    endloop
  endfacet
  facet normal 0 0 1
    outer loop
      vertex 38.0739 23.4809 16
      vertex 37.7977 22.0467 16
      vertex 38.0863 21.9892 16
    endloop
  endfacet
  facet normal 0 0 1
    outer loop
      vertex 36.595 22.8503 16
      vertex 37.8143 23.6543 16
      vertex 37.6409 23.9139 16
    endloop
  endfacet
  facet normal 0 0 1
    outer loop
      vertex 36.2067 23.6377 16
      vertex 37.6409 23.9139 16
      vertex 37.58 24.22 16
    endloop
  endfacet
  facet normal 0 0 1
    outer loop
      vertex 38.0739 23.4809 16
      vertex 37.519 22.1413 16
      vertex 37.7977 22.0467 16
    endloop
  endfacet
  facet normal -0 0 1
    outer loop
      vertex 36.789 25.811 16
      vertex 37.8143 24.7857 16
      vertex 37.0103 26.005 16
    endloop
  endfacet
  facet normal -0 0 1
    outer loop
      vertex 36.595 25.5897 16
      vertex 37.8143 24.7857 16
      vertex 36.789 25.811 16
    endloop
  endfacet
  facet normal 0 0 1
    outer loop
      vertex 38.0739 23.4809 16
      vertex 37.255 22.2714 16
      vertex 37.519 22.1413 16
    endloop
  endfacet
  facet normal 0 0 1
    outer loop
      vertex 37.8143 24.7857 16
      vertex 36.595 25.5897 16
      vertex 37.6409 24.5261 16
    endloop
  endfacet
  facet normal 0 0 1
    outer loop
      vertex 37.8143 23.6543 16
      vertex 37.0103 22.435 16
      vertex 37.255 22.2714 16
    endloop
  endfacet
  facet normal -0 0 1
    outer loop
      vertex 36.4314 25.345 16
      vertex 37.6409 24.5261 16
      vertex 36.595 25.5897 16
    endloop
  endfacet
  facet normal 0 0 1
    outer loop
      vertex 37.8143 23.6543 16
      vertex 36.789 22.629 16
      vertex 37.0103 22.435 16
    endloop
  endfacet
  facet normal -0 0 1
    outer loop
      vertex 36.3013 25.081 16
      vertex 37.6409 24.5261 16
      vertex 36.4314 25.345 16
    endloop
  endfacet
  facet normal 0 0 1
    outer loop
      vertex 37.8143 23.6543 16
      vertex 36.595 22.8503 16
      vertex 36.789 22.629 16
    endloop
  endfacet
  facet normal -0 0 1
    outer loop
      vertex 36.2067 24.8023 16
      vertex 37.6409 24.5261 16
      vertex 36.3013 25.081 16
    endloop
  endfacet
  facet normal 0 0 1
    outer loop
      vertex 37.6409 23.9139 16
      vertex 36.4314 23.095 16
      vertex 36.595 22.8503 16
    endloop
  endfacet
  facet normal 0 0 1
    outer loop
      vertex 37.6409 24.5261 16
      vertex 36.2067 24.8023 16
      vertex 37.58 24.22 16
    endloop
  endfacet
  facet normal 0 0 1
    outer loop
      vertex 37.6409 23.9139 16
      vertex 36.3013 23.359 16
      vertex 36.4314 23.095 16
    endloop
  endfacet
  facet normal -0 0 1
    outer loop
      vertex 36.1492 24.5137 16
      vertex 37.58 24.22 16
      vertex 36.2067 24.8023 16
    endloop
  endfacet
  facet normal 0 0 1
    outer loop
      vertex 37.6409 23.9139 16
      vertex 36.2067 23.6377 16
      vertex 36.3013 23.359 16
    endloop
  endfacet
  facet normal 0 0 1
    outer loop
      vertex 36.13 24.22 16
      vertex 37.58 24.22 16
      vertex 36.1492 24.5137 16
    endloop
  endfacet
  facet normal 0 0 1
    outer loop
      vertex 37.58 24.22 16
      vertex 36.1492 23.9263 16
      vertex 36.2067 23.6377 16
    endloop
  endfacet
  facet normal 0 0 1
    outer loop
      vertex 37.58 24.22 16
      vertex 36.13 24.22 16
      vertex 36.1492 23.9263 16
    endloop
  endfacet
  facet normal -0.659202 -0.751966 0
    outer loop
      vertex 36.789 22.629 12
      vertex 37.0103 22.435 16
      vertex 36.789 22.629 16
    endloop
  endfacet
  facet normal -0.659202 -0.751966 -0
    outer loop
      vertex 37.0103 22.435 16
      vertex 36.789 22.629 12
      vertex 37.0103 22.435 12
    endloop
  endfacet
  facet normal -0.555797 -0.831318 0
    outer loop
      vertex 37.0103 22.435 12
      vertex 37.255 22.2714 16
      vertex 37.0103 22.435 16
    endloop
  endfacet
  facet normal -0.555797 -0.831318 -0
    outer loop
      vertex 37.255 22.2714 16
      vertex 37.0103 22.435 12
      vertex 37.255 22.2714 12
    endloop
  endfacet
  facet normal -0.831318 0.555797 0
    outer loop
      vertex 36.4314 25.345 12
      vertex 36.595 25.5897 16
      vertex 36.595 25.5897 12
    endloop
  endfacet
  facet normal -0.831318 0.555797 0
    outer loop
      vertex 36.595 25.5897 16
      vertex 36.4314 25.345 12
      vertex 36.4314 25.345 16
    endloop
  endfacet
  facet normal 0.896995 -0.442042 0
    outer loop
      vertex 55.5686 -17.545 16
      vertex 55.6987 -17.281 12
      vertex 55.6987 -17.281 16
    endloop
  endfacet
  facet normal 0.896995 -0.442042 0
    outer loop
      vertex 55.6987 -17.281 12
      vertex 55.5686 -17.545 16
      vertex 55.5686 -17.545 12
    endloop
  endfacet
  facet normal -0.946936 -0.321421 0
    outer loop
      vertex 51.5413 -17.281 12
      vertex 51.4467 -17.0023 16
      vertex 51.4467 -17.0023 12
    endloop
  endfacet
  facet normal -0.946936 -0.321421 0
    outer loop
      vertex 51.4467 -17.0023 16
      vertex 51.5413 -17.281 12
      vertex 51.5413 -17.281 16
    endloop
  endfacet
  facet normal 0.980789 0.19507 0
    outer loop
      vertex 55.8507 -16.1263 16
      vertex 55.7933 -15.8377 12
      vertex 55.7933 -15.8377 16
    endloop
  endfacet
  facet normal 0.980789 0.19507 0
    outer loop
      vertex 55.7933 -15.8377 12
      vertex 55.8507 -16.1263 16
      vertex 55.8507 -16.1263 12
    endloop
  endfacet
  facet normal 0.997848 0.0655719 0
    outer loop
      vertex 55.87 -16.42 16
      vertex 55.8507 -16.1263 12
      vertex 55.8507 -16.1263 16
    endloop
  endfacet
  facet normal 0.997848 0.0655719 0
    outer loop
      vertex 55.8507 -16.1263 12
      vertex 55.87 -16.42 16
      vertex 55.87 -16.42 12
    endloop
  endfacet
  facet normal 0.946936 -0.321421 0
    outer loop
      vertex 55.6987 -17.281 16
      vertex 55.7933 -17.0023 12
      vertex 55.7933 -17.0023 16
    endloop
  endfacet
  facet normal 0.946936 -0.321421 0
    outer loop
      vertex 55.7933 -17.0023 12
      vertex 55.6987 -17.281 16
      vertex 55.6987 -17.281 12
    endloop
  endfacet
  facet normal 0.751966 0.659202 0
    outer loop
      vertex 55.405 -15.0503 16
      vertex 55.211 -14.829 12
      vertex 55.211 -14.829 16
    endloop
  endfacet
  facet normal 0.751966 0.659202 0
    outer loop
      vertex 55.211 -14.829 12
      vertex 55.405 -15.0503 16
      vertex 55.405 -15.0503 12
    endloop
  endfacet
  facet normal 0.659202 0.751966 -0
    outer loop
      vertex 55.211 -14.829 12
      vertex 54.9897 -14.635 16
      vertex 55.211 -14.829 16
    endloop
  endfacet
  facet normal 0.659202 0.751966 0
    outer loop
      vertex 54.9897 -14.635 16
      vertex 55.211 -14.829 12
      vertex 54.9897 -14.635 12
    endloop
  endfacet
  facet normal 0.555797 -0.831318 0
    outer loop
      vertex 54.745 -18.3686 12
      vertex 54.9897 -18.205 16
      vertex 54.745 -18.3686 16
    endloop
  endfacet
  facet normal 0.555797 -0.831318 0
    outer loop
      vertex 54.9897 -18.205 16
      vertex 54.745 -18.3686 12
      vertex 54.9897 -18.205 12
    endloop
  endfacet
  facet normal 0.321421 0.946936 -0
    outer loop
      vertex 54.481 -14.3413 12
      vertex 54.2023 -14.2467 16
      vertex 54.481 -14.3413 16
    endloop
  endfacet
  facet normal 0.321421 0.946936 0
    outer loop
      vertex 54.2023 -14.2467 16
      vertex 54.481 -14.3413 12
      vertex 54.2023 -14.2467 12
    endloop
  endfacet
  facet normal 0.19507 -0.980789 0
    outer loop
      vertex 53.9137 -18.6507 12
      vertex 54.2023 -18.5933 16
      vertex 53.9137 -18.6507 16
    endloop
  endfacet
  facet normal 0.19507 -0.980789 0
    outer loop
      vertex 54.2023 -18.5933 16
      vertex 53.9137 -18.6507 12
      vertex 54.2023 -18.5933 12
    endloop
  endfacet
  facet normal -0.195397 0.980724 0
    outer loop
      vertex 53.3263 -14.1892 12
      vertex 53.0377 -14.2467 16
      vertex 53.3263 -14.1892 16
    endloop
  endfacet
  facet normal -0.195397 0.980724 0
    outer loop
      vertex 53.0377 -14.2467 16
      vertex 53.3263 -14.1892 12
      vertex 53.0377 -14.2467 12
    endloop
  endfacet
  facet normal 0.997848 -0.0655719 0
    outer loop
      vertex 55.8507 -16.7137 16
      vertex 55.87 -16.42 12
      vertex 55.87 -16.42 16
    endloop
  endfacet
  facet normal 0.997848 -0.0655719 0
    outer loop
      vertex 55.87 -16.42 12
      vertex 55.8507 -16.7137 16
      vertex 55.8507 -16.7137 12
    endloop
  endfacet
  facet normal 0.555797 0.831318 -0
    outer loop
      vertex 54.9897 -14.635 12
      vertex 54.745 -14.4714 16
      vertex 54.9897 -14.635 16
    endloop
  endfacet
  facet normal 0.555797 0.831318 0
    outer loop
      vertex 54.745 -14.4714 16
      vertex 54.9897 -14.635 12
      vertex 54.745 -14.4714 12
    endloop
  endfacet
  facet normal 0.659202 -0.751966 0
    outer loop
      vertex 54.9897 -18.205 12
      vertex 55.211 -18.011 16
      vertex 54.9897 -18.205 16
    endloop
  endfacet
  facet normal 0.659202 -0.751966 0
    outer loop
      vertex 55.211 -18.011 16
      vertex 54.9897 -18.205 12
      vertex 55.211 -18.011 12
    endloop
  endfacet
  facet normal 0.442042 0.896995 -0
    outer loop
      vertex 54.745 -14.4714 12
      vertex 54.481 -14.3413 16
      vertex 54.745 -14.4714 16
    endloop
  endfacet
  facet normal 0.442042 0.896995 0
    outer loop
      vertex 54.481 -14.3413 16
      vertex 54.745 -14.4714 12
      vertex 54.481 -14.3413 12
    endloop
  endfacet
  facet normal -0.555797 -0.831318 0
    outer loop
      vertex 52.2503 -18.205 12
      vertex 52.495 -18.3686 16
      vertex 52.2503 -18.205 16
    endloop
  endfacet
  facet normal -0.555797 -0.831318 -0
    outer loop
      vertex 52.495 -18.3686 16
      vertex 52.2503 -18.205 12
      vertex 52.495 -18.3686 12
    endloop
  endfacet
  facet normal 0.751966 -0.659202 0
    outer loop
      vertex 55.211 -18.011 16
      vertex 55.405 -17.7897 12
      vertex 55.405 -17.7897 16
    endloop
  endfacet
  facet normal 0.751966 -0.659202 0
    outer loop
      vertex 55.405 -17.7897 12
      vertex 55.211 -18.011 16
      vertex 55.211 -18.011 12
    endloop
  endfacet
  facet normal -0.442042 -0.896995 0
    outer loop
      vertex 52.495 -18.3686 12
      vertex 52.759 -18.4987 16
      vertex 52.495 -18.3686 16
    endloop
  endfacet
  facet normal -0.442042 -0.896995 -0
    outer loop
      vertex 52.759 -18.4987 16
      vertex 52.495 -18.3686 12
      vertex 52.759 -18.4987 12
    endloop
  endfacet
  facet normal -0.946936 0.321421 0
    outer loop
      vertex 51.4467 -15.8377 12
      vertex 51.5413 -15.559 16
      vertex 51.5413 -15.559 12
    endloop
  endfacet
  facet normal -0.946936 0.321421 0
    outer loop
      vertex 51.5413 -15.559 16
      vertex 51.4467 -15.8377 12
      vertex 51.4467 -15.8377 16
    endloop
  endfacet
  facet normal -0.659202 0.751966 0
    outer loop
      vertex 52.2503 -14.635 12
      vertex 52.029 -14.829 16
      vertex 52.2503 -14.635 16
    endloop
  endfacet
  facet normal -0.659202 0.751966 0
    outer loop
      vertex 52.029 -14.829 16
      vertex 52.2503 -14.635 12
      vertex 52.029 -14.829 12
    endloop
  endfacet
  facet normal 0.831318 0.555797 0
    outer loop
      vertex 55.5686 -15.295 16
      vertex 55.405 -15.0503 12
      vertex 55.405 -15.0503 16
    endloop
  endfacet
  facet normal 0.831318 0.555797 0
    outer loop
      vertex 55.405 -15.0503 12
      vertex 55.5686 -15.295 16
      vertex 55.5686 -15.295 12
    endloop
  endfacet
  facet normal 0 0 1
    outer loop
      vertex 54.42 -16.42 16
      vertex 55.87 -16.42 16
      vertex 55.8507 -16.1263 16
    endloop
  endfacet
  facet normal 0 0 1
    outer loop
      vertex 54.42 -16.42 16
      vertex 55.8507 -16.1263 16
      vertex 55.7933 -15.8377 16
    endloop
  endfacet
  facet normal 0 0 1
    outer loop
      vertex 55.87 -16.42 16
      vertex 54.42 -16.42 16
      vertex 55.8507 -16.7137 16
    endloop
  endfacet
  facet normal 0 0 1
    outer loop
      vertex 54.3591 -16.1139 16
      vertex 55.7933 -15.8377 16
      vertex 55.6987 -15.559 16
    endloop
  endfacet
  facet normal 0 0 1
    outer loop
      vertex 55.8507 -16.7137 16
      vertex 54.42 -16.42 16
      vertex 55.7933 -17.0023 16
    endloop
  endfacet
  facet normal 0 0 1
    outer loop
      vertex 54.3591 -16.1139 16
      vertex 55.6987 -15.559 16
      vertex 55.5686 -15.295 16
    endloop
  endfacet
  facet normal -0 0 1
    outer loop
      vertex 54.3591 -16.7261 16
      vertex 55.7933 -17.0023 16
      vertex 54.42 -16.42 16
    endloop
  endfacet
  facet normal 0 0 1
    outer loop
      vertex 54.3591 -16.1139 16
      vertex 55.5686 -15.295 16
      vertex 55.405 -15.0503 16
    endloop
  endfacet
  facet normal 0 0 1
    outer loop
      vertex 55.7933 -17.0023 16
      vertex 54.3591 -16.7261 16
      vertex 55.6987 -17.281 16
    endloop
  endfacet
  facet normal 0 0 1
    outer loop
      vertex 54.1857 -15.8543 16
      vertex 55.405 -15.0503 16
      vertex 55.211 -14.829 16
    endloop
  endfacet
  facet normal 0 0 1
    outer loop
      vertex 55.6987 -17.281 16
      vertex 54.3591 -16.7261 16
      vertex 55.5686 -17.545 16
    endloop
  endfacet
  facet normal 0 0 1
    outer loop
      vertex 54.1857 -15.8543 16
      vertex 55.211 -14.829 16
      vertex 54.9897 -14.635 16
    endloop
  endfacet
  facet normal 0 0 1
    outer loop
      vertex 55.5686 -17.545 16
      vertex 54.3591 -16.7261 16
      vertex 55.405 -17.7897 16
    endloop
  endfacet
  facet normal 0 0 1
    outer loop
      vertex 54.1857 -15.8543 16
      vertex 54.9897 -14.635 16
      vertex 54.745 -14.4714 16
    endloop
  endfacet
  facet normal -0 0 1
    outer loop
      vertex 54.1857 -16.9857 16
      vertex 55.405 -17.7897 16
      vertex 54.3591 -16.7261 16
    endloop
  endfacet
  facet normal 0 0 1
    outer loop
      vertex 53.9261 -15.6809 16
      vertex 54.745 -14.4714 16
      vertex 54.481 -14.3413 16
    endloop
  endfacet
  facet normal 0 0 1
    outer loop
      vertex 55.405 -17.7897 16
      vertex 54.1857 -16.9857 16
      vertex 55.211 -18.011 16
    endloop
  endfacet
  facet normal 0 0 1
    outer loop
      vertex 55.211 -18.011 16
      vertex 54.1857 -16.9857 16
      vertex 54.9897 -18.205 16
    endloop
  endfacet
  facet normal 0 0 1
    outer loop
      vertex 55.7933 -15.8377 16
      vertex 54.3591 -16.1139 16
      vertex 54.42 -16.42 16
    endloop
  endfacet
  facet normal 0 0 1
    outer loop
      vertex 53.9261 -15.6809 16
      vertex 54.481 -14.3413 16
      vertex 54.2023 -14.2467 16
    endloop
  endfacet
  facet normal 0 0 1
    outer loop
      vertex 55.405 -15.0503 16
      vertex 54.1857 -15.8543 16
      vertex 54.3591 -16.1139 16
    endloop
  endfacet
  facet normal 0 0 1
    outer loop
      vertex 54.745 -14.4714 16
      vertex 53.9261 -15.6809 16
      vertex 54.1857 -15.8543 16
    endloop
  endfacet
  facet normal 0 0 1
    outer loop
      vertex 53.9137 -14.1892 16
      vertex 53.9261 -15.6809 16
      vertex 54.2023 -14.2467 16
    endloop
  endfacet
  facet normal 0 0 1
    outer loop
      vertex 53.62 -15.62 16
      vertex 53.9137 -14.1892 16
      vertex 53.62 -14.17 16
    endloop
  endfacet
  facet normal 0 0 1
    outer loop
      vertex 53.9137 -14.1892 16
      vertex 53.62 -15.62 16
      vertex 53.9261 -15.6809 16
    endloop
  endfacet
  facet normal -0 0 1
    outer loop
      vertex 53.3263 -14.1892 16
      vertex 53.62 -15.62 16
      vertex 53.62 -14.17 16
    endloop
  endfacet
  facet normal 0 0 1
    outer loop
      vertex 53.3263 -14.1892 16
      vertex 53.3139 -15.6809 16
      vertex 53.62 -15.62 16
    endloop
  endfacet
  facet normal -0 0 1
    outer loop
      vertex 53.0377 -14.2467 16
      vertex 53.3139 -15.6809 16
      vertex 53.3263 -14.1892 16
    endloop
  endfacet
  facet normal -0 0 1
    outer loop
      vertex 52.759 -14.3413 16
      vertex 53.3139 -15.6809 16
      vertex 53.0377 -14.2467 16
    endloop
  endfacet
  facet normal -0 0 1
    outer loop
      vertex 52.495 -14.4714 16
      vertex 53.3139 -15.6809 16
      vertex 52.759 -14.3413 16
    endloop
  endfacet
  facet normal 0 0 1
    outer loop
      vertex 53.3139 -15.6809 16
      vertex 52.495 -14.4714 16
      vertex 53.0543 -15.8543 16
    endloop
  endfacet
  facet normal -0 0 1
    outer loop
      vertex 52.2503 -14.635 16
      vertex 53.0543 -15.8543 16
      vertex 52.495 -14.4714 16
    endloop
  endfacet
  facet normal 0 0 1
    outer loop
      vertex 54.9897 -18.205 16
      vertex 54.1857 -16.9857 16
      vertex 54.745 -18.3686 16
    endloop
  endfacet
  facet normal -0 0 1
    outer loop
      vertex 53.9261 -17.1591 16
      vertex 54.745 -18.3686 16
      vertex 54.1857 -16.9857 16
    endloop
  endfacet
  facet normal 0 0 1
    outer loop
      vertex 54.745 -18.3686 16
      vertex 53.9261 -17.1591 16
      vertex 54.481 -18.4987 16
    endloop
  endfacet
  facet normal 0 0 1
    outer loop
      vertex 54.481 -18.4987 16
      vertex 53.9261 -17.1591 16
      vertex 54.2023 -18.5933 16
    endloop
  endfacet
  facet normal 0 0 1
    outer loop
      vertex 53.9261 -17.1591 16
      vertex 53.9137 -18.6507 16
      vertex 54.2023 -18.5933 16
    endloop
  endfacet
  facet normal -0 0 1
    outer loop
      vertex 53.62 -17.22 16
      vertex 53.9137 -18.6507 16
      vertex 53.9261 -17.1591 16
    endloop
  endfacet
  facet normal 0 0 1
    outer loop
      vertex 53.62 -17.22 16
      vertex 53.62 -18.67 16
      vertex 53.9137 -18.6507 16
    endloop
  endfacet
  facet normal 0 0 1
    outer loop
      vertex 53.62 -17.22 16
      vertex 53.3263 -18.6507 16
      vertex 53.62 -18.67 16
    endloop
  endfacet
  facet normal 0 0 1
    outer loop
      vertex 53.3139 -17.1591 16
      vertex 53.3263 -18.6507 16
      vertex 53.62 -17.22 16
    endloop
  endfacet
  facet normal 0 0 1
    outer loop
      vertex 52.495 -18.3686 16
      vertex 53.3139 -17.1591 16
      vertex 53.0543 -16.9857 16
    endloop
  endfacet
  facet normal 0 0 1
    outer loop
      vertex 53.3139 -17.1591 16
      vertex 53.0377 -18.5933 16
      vertex 53.3263 -18.6507 16
    endloop
  endfacet
  facet normal 0 0 1
    outer loop
      vertex 51.835 -17.7897 16
      vertex 53.0543 -16.9857 16
      vertex 52.8809 -16.7261 16
    endloop
  endfacet
  facet normal 0 0 1
    outer loop
      vertex 51.4467 -17.0023 16
      vertex 52.8809 -16.7261 16
      vertex 52.82 -16.42 16
    endloop
  endfacet
  facet normal 0 0 1
    outer loop
      vertex 53.3139 -17.1591 16
      vertex 52.759 -18.4987 16
      vertex 53.0377 -18.5933 16
    endloop
  endfacet
  facet normal -0 0 1
    outer loop
      vertex 52.029 -14.829 16
      vertex 53.0543 -15.8543 16
      vertex 52.2503 -14.635 16
    endloop
  endfacet
  facet normal -0 0 1
    outer loop
      vertex 51.835 -15.0503 16
      vertex 53.0543 -15.8543 16
      vertex 52.029 -14.829 16
    endloop
  endfacet
  facet normal 0 0 1
    outer loop
      vertex 53.3139 -17.1591 16
      vertex 52.495 -18.3686 16
      vertex 52.759 -18.4987 16
    endloop
  endfacet
  facet normal 0 0 1
    outer loop
      vertex 53.0543 -15.8543 16
      vertex 51.835 -15.0503 16
      vertex 52.8809 -16.1139 16
    endloop
  endfacet
  facet normal 0 0 1
    outer loop
      vertex 53.0543 -16.9857 16
      vertex 52.2503 -18.205 16
      vertex 52.495 -18.3686 16
    endloop
  endfacet
  facet normal -0 0 1
    outer loop
      vertex 51.6714 -15.295 16
      vertex 52.8809 -16.1139 16
      vertex 51.835 -15.0503 16
    endloop
  endfacet
  facet normal 0 0 1
    outer loop
      vertex 53.0543 -16.9857 16
      vertex 52.029 -18.011 16
      vertex 52.2503 -18.205 16
    endloop
  endfacet
  facet normal -0 0 1
    outer loop
      vertex 51.5413 -15.559 16
      vertex 52.8809 -16.1139 16
      vertex 51.6714 -15.295 16
    endloop
  endfacet
  facet normal 0 0 1
    outer loop
      vertex 53.0543 -16.9857 16
      vertex 51.835 -17.7897 16
      vertex 52.029 -18.011 16
    endloop
  endfacet
  facet normal -0 0 1
    outer loop
      vertex 51.4467 -15.8377 16
      vertex 52.8809 -16.1139 16
      vertex 51.5413 -15.559 16
    endloop
  endfacet
  facet normal 0 0 1
    outer loop
      vertex 52.8809 -16.7261 16
      vertex 51.6714 -17.545 16
      vertex 51.835 -17.7897 16
    endloop
  endfacet
  facet normal 0 0 1
    outer loop
      vertex 52.8809 -16.1139 16
      vertex 51.4467 -15.8377 16
      vertex 52.82 -16.42 16
    endloop
  endfacet
  facet normal 0 0 1
    outer loop
      vertex 52.8809 -16.7261 16
      vertex 51.5413 -17.281 16
      vertex 51.6714 -17.545 16
    endloop
  endfacet
  facet normal -0 0 1
    outer loop
      vertex 51.3892 -16.1263 16
      vertex 52.82 -16.42 16
      vertex 51.4467 -15.8377 16
    endloop
  endfacet
  facet normal 0 0 1
    outer loop
      vertex 52.8809 -16.7261 16
      vertex 51.4467 -17.0023 16
      vertex 51.5413 -17.281 16
    endloop
  endfacet
  facet normal 0 0 1
    outer loop
      vertex 51.37 -16.42 16
      vertex 52.82 -16.42 16
      vertex 51.3892 -16.1263 16
    endloop
  endfacet
  facet normal 0 0 1
    outer loop
      vertex 52.82 -16.42 16
      vertex 51.3892 -16.7137 16
      vertex 51.4467 -17.0023 16
    endloop
  endfacet
  facet normal 0 0 1
    outer loop
      vertex 52.82 -16.42 16
      vertex 51.37 -16.42 16
      vertex 51.3892 -16.7137 16
    endloop
  endfacet
  facet normal 0.896995 0.442042 0
    outer loop
      vertex 55.6987 -15.559 16
      vertex 55.5686 -15.295 12
      vertex 55.5686 -15.295 16
    endloop
  endfacet
  facet normal 0.896995 0.442042 0
    outer loop
      vertex 55.5686 -15.295 12
      vertex 55.6987 -15.559 16
      vertex 55.6987 -15.559 12
    endloop
  endfacet
  facet normal 0.442042 -0.896995 0
    outer loop
      vertex 54.481 -18.4987 12
      vertex 54.745 -18.3686 16
      vertex 54.481 -18.4987 16
    endloop
  endfacet
  facet normal 0.442042 -0.896995 0
    outer loop
      vertex 54.745 -18.3686 16
      vertex 54.481 -18.4987 12
      vertex 54.745 -18.3686 12
    endloop
  endfacet
  facet normal 0.321421 -0.946936 0
    outer loop
      vertex 54.2023 -18.5933 12
      vertex 54.481 -18.4987 16
      vertex 54.2023 -18.5933 16
    endloop
  endfacet
  facet normal 0.321421 -0.946936 0
    outer loop
      vertex 54.481 -18.4987 16
      vertex 54.2023 -18.5933 12
      vertex 54.481 -18.4987 12
    endloop
  endfacet
  facet normal 0.831318 -0.555797 0
    outer loop
      vertex 55.405 -17.7897 16
      vertex 55.5686 -17.545 12
      vertex 55.5686 -17.545 16
    endloop
  endfacet
  facet normal 0.831318 -0.555797 0
    outer loop
      vertex 55.5686 -17.545 12
      vertex 55.405 -17.7897 16
      vertex 55.405 -17.7897 12
    endloop
  endfacet
  facet normal -0.751966 0.659202 0
    outer loop
      vertex 51.835 -15.0503 12
      vertex 52.029 -14.829 16
      vertex 52.029 -14.829 12
    endloop
  endfacet
  facet normal -0.751966 0.659202 0
    outer loop
      vertex 52.029 -14.829 16
      vertex 51.835 -15.0503 12
      vertex 51.835 -15.0503 16
    endloop
  endfacet
  facet normal -0.896995 -0.442042 0
    outer loop
      vertex 51.6714 -17.545 12
      vertex 51.5413 -17.281 16
      vertex 51.5413 -17.281 12
    endloop
  endfacet
  facet normal -0.896995 -0.442042 0
    outer loop
      vertex 51.5413 -17.281 16
      vertex 51.6714 -17.545 12
      vertex 51.6714 -17.545 16
    endloop
  endfacet
  facet normal -0.19507 -0.980789 0
    outer loop
      vertex 53.0377 -18.5933 12
      vertex 53.3263 -18.6507 16
      vertex 53.0377 -18.5933 16
    endloop
  endfacet
  facet normal -0.19507 -0.980789 -0
    outer loop
      vertex 53.3263 -18.6507 16
      vertex 53.0377 -18.5933 12
      vertex 53.3263 -18.6507 12
    endloop
  endfacet
  facet normal -0.321421 0.946936 0
    outer loop
      vertex 53.0377 -14.2467 12
      vertex 52.759 -14.3413 16
      vertex 53.0377 -14.2467 16
    endloop
  endfacet
  facet normal -0.321421 0.946936 0
    outer loop
      vertex 52.759 -14.3413 16
      vertex 53.0377 -14.2467 12
      vertex 52.759 -14.3413 12
    endloop
  endfacet
  facet normal 0.980789 -0.19507 0
    outer loop
      vertex 55.7933 -17.0023 16
      vertex 55.8507 -16.7137 12
      vertex 55.8507 -16.7137 16
    endloop
  endfacet
  facet normal 0.980789 -0.19507 0
    outer loop
      vertex 55.8507 -16.7137 12
      vertex 55.7933 -17.0023 16
      vertex 55.7933 -17.0023 12
    endloop
  endfacet
  facet normal -0.555797 0.831318 0
    outer loop
      vertex 52.495 -14.4714 12
      vertex 52.2503 -14.635 16
      vertex 52.495 -14.4714 16
    endloop
  endfacet
  facet normal -0.555797 0.831318 0
    outer loop
      vertex 52.2503 -14.635 16
      vertex 52.495 -14.4714 12
      vertex 52.2503 -14.635 12
    endloop
  endfacet
  facet normal -0.659202 -0.751966 0
    outer loop
      vertex 52.029 -18.011 12
      vertex 52.2503 -18.205 16
      vertex 52.029 -18.011 16
    endloop
  endfacet
  facet normal -0.659202 -0.751966 -0
    outer loop
      vertex 52.2503 -18.205 16
      vertex 52.029 -18.011 12
      vertex 52.2503 -18.205 12
    endloop
  endfacet
  facet normal -0.751966 -0.659202 0
    outer loop
      vertex 52.029 -18.011 12
      vertex 51.835 -17.7897 16
      vertex 51.835 -17.7897 12
    endloop
  endfacet
  facet normal -0.751966 -0.659202 0
    outer loop
      vertex 51.835 -17.7897 16
      vertex 52.029 -18.011 12
      vertex 52.029 -18.011 16
    endloop
  endfacet
  facet normal -0.442042 0.896995 0
    outer loop
      vertex 52.759 -14.3413 12
      vertex 52.495 -14.4714 16
      vertex 52.759 -14.3413 16
    endloop
  endfacet
  facet normal -0.442042 0.896995 0
    outer loop
      vertex 52.495 -14.4714 16
      vertex 52.759 -14.3413 12
      vertex 52.495 -14.4714 12
    endloop
  endfacet
  facet normal -0.831318 -0.555797 0
    outer loop
      vertex 51.835 -17.7897 12
      vertex 51.6714 -17.545 16
      vertex 51.6714 -17.545 12
    endloop
  endfacet
  facet normal -0.831318 -0.555797 0
    outer loop
      vertex 51.6714 -17.545 16
      vertex 51.835 -17.7897 12
      vertex 51.835 -17.7897 16
    endloop
  endfacet
  facet normal -0.980724 -0.195397 0
    outer loop
      vertex 51.4467 -17.0023 12
      vertex 51.3892 -16.7137 16
      vertex 51.3892 -16.7137 12
    endloop
  endfacet
  facet normal -0.980724 -0.195397 0
    outer loop
      vertex 51.3892 -16.7137 16
      vertex 51.4467 -17.0023 12
      vertex 51.4467 -17.0023 16
    endloop
  endfacet
  facet normal -0.99787 0.0652336 0
    outer loop
      vertex 51.37 -16.42 12
      vertex 51.3892 -16.1263 16
      vertex 51.3892 -16.1263 12
    endloop
  endfacet
  facet normal -0.99787 0.0652336 0
    outer loop
      vertex 51.3892 -16.1263 16
      vertex 51.37 -16.42 12
      vertex 51.37 -16.42 16
    endloop
  endfacet
  facet normal -0.99787 -0.0652336 0
    outer loop
      vertex 51.3892 -16.7137 12
      vertex 51.37 -16.42 16
      vertex 51.37 -16.42 12
    endloop
  endfacet
  facet normal -0.99787 -0.0652336 0
    outer loop
      vertex 51.37 -16.42 16
      vertex 51.3892 -16.7137 12
      vertex 51.3892 -16.7137 16
    endloop
  endfacet
  facet normal 0.195397 0.980724 -0
    outer loop
      vertex 54.2023 -14.2467 12
      vertex 53.9137 -14.1892 16
      vertex 54.2023 -14.2467 16
    endloop
  endfacet
  facet normal 0.195397 0.980724 0
    outer loop
      vertex 53.9137 -14.1892 16
      vertex 54.2023 -14.2467 12
      vertex 53.9137 -14.1892 12
    endloop
  endfacet
  facet normal 0.946936 0.321421 0
    outer loop
      vertex 55.7933 -15.8377 16
      vertex 55.6987 -15.559 12
      vertex 55.6987 -15.559 16
    endloop
  endfacet
  facet normal 0.946936 0.321421 0
    outer loop
      vertex 55.6987 -15.559 12
      vertex 55.7933 -15.8377 16
      vertex 55.7933 -15.8377 12
    endloop
  endfacet
  facet normal -0.0655719 -0.997848 0
    outer loop
      vertex 53.3263 -18.6507 12
      vertex 53.62 -18.67 16
      vertex 53.3263 -18.6507 16
    endloop
  endfacet
  facet normal -0.0655719 -0.997848 -0
    outer loop
      vertex 53.62 -18.67 16
      vertex 53.3263 -18.6507 12
      vertex 53.62 -18.67 12
    endloop
  endfacet
  facet normal -0.0652336 0.99787 0
    outer loop
      vertex 53.62 -14.17 12
      vertex 53.3263 -14.1892 16
      vertex 53.62 -14.17 16
    endloop
  endfacet
  facet normal -0.0652336 0.99787 0
    outer loop
      vertex 53.3263 -14.1892 16
      vertex 53.62 -14.17 12
      vertex 53.3263 -14.1892 12
    endloop
  endfacet
  facet normal -0.321421 -0.946936 0
    outer loop
      vertex 52.759 -18.4987 12
      vertex 53.0377 -18.5933 16
      vertex 52.759 -18.4987 16
    endloop
  endfacet
  facet normal -0.321421 -0.946936 -0
    outer loop
      vertex 53.0377 -18.5933 16
      vertex 52.759 -18.4987 12
      vertex 53.0377 -18.5933 12
    endloop
  endfacet
  facet normal 0.0655719 -0.997848 0
    outer loop
      vertex 53.62 -18.67 12
      vertex 53.9137 -18.6507 16
      vertex 53.62 -18.67 16
    endloop
  endfacet
  facet normal 0.0655719 -0.997848 0
    outer loop
      vertex 53.9137 -18.6507 16
      vertex 53.62 -18.67 12
      vertex 53.9137 -18.6507 12
    endloop
  endfacet
  facet normal -0.980724 0.195397 0
    outer loop
      vertex 51.3892 -16.1263 12
      vertex 51.4467 -15.8377 16
      vertex 51.4467 -15.8377 12
    endloop
  endfacet
  facet normal -0.980724 0.195397 0
    outer loop
      vertex 51.4467 -15.8377 16
      vertex 51.3892 -16.1263 12
      vertex 51.3892 -16.1263 16
    endloop
  endfacet
  facet normal 0.0652336 0.99787 -0
    outer loop
      vertex 53.9137 -14.1892 12
      vertex 53.62 -14.17 16
      vertex 53.9137 -14.1892 16
    endloop
  endfacet
  facet normal 0.0652336 0.99787 0
    outer loop
      vertex 53.62 -14.17 16
      vertex 53.9137 -14.1892 12
      vertex 53.62 -14.17 12
    endloop
  endfacet
  facet normal -0.831318 0.555797 0
    outer loop
      vertex 51.6714 -15.295 12
      vertex 51.835 -15.0503 16
      vertex 51.835 -15.0503 12
    endloop
  endfacet
  facet normal -0.831318 0.555797 0
    outer loop
      vertex 51.835 -15.0503 16
      vertex 51.6714 -15.295 12
      vertex 51.6714 -15.295 16
    endloop
  endfacet
  facet normal -0.896995 0.442042 0
    outer loop
      vertex 51.5413 -15.559 12
      vertex 51.6714 -15.295 16
      vertex 51.6714 -15.295 12
    endloop
  endfacet
  facet normal -0.896995 0.442042 0
    outer loop
      vertex 51.6714 -15.295 16
      vertex 51.5413 -15.559 12
      vertex 51.5413 -15.559 16
    endloop
  endfacet
  facet normal 0.980789 0.19507 0
    outer loop
      vertex 55.8507 24.5137 16
      vertex 55.7933 24.8023 12
      vertex 55.7933 24.8023 16
    endloop
  endfacet
  facet normal 0.980789 0.19507 0
    outer loop
      vertex 55.7933 24.8023 12
      vertex 55.8507 24.5137 16
      vertex 55.8507 24.5137 12
    endloop
  endfacet
  facet normal 0.997848 0.0655719 0
    outer loop
      vertex 55.87 24.22 16
      vertex 55.8507 24.5137 12
      vertex 55.8507 24.5137 16
    endloop
  endfacet
  facet normal 0.997848 0.0655719 0
    outer loop
      vertex 55.8507 24.5137 12
      vertex 55.87 24.22 16
      vertex 55.87 24.22 12
    endloop
  endfacet
  facet normal -0.0652336 0.99787 0
    outer loop
      vertex 53.62 26.47 12
      vertex 53.3263 26.4508 16
      vertex 53.62 26.47 16
    endloop
  endfacet
  facet normal -0.0652336 0.99787 0
    outer loop
      vertex 53.3263 26.4508 16
      vertex 53.62 26.47 12
      vertex 53.3263 26.4508 12
    endloop
  endfacet
  facet normal -0.195397 0.980724 0
    outer loop
      vertex 53.3263 26.4508 12
      vertex 53.0377 26.3933 16
      vertex 53.3263 26.4508 16
    endloop
  endfacet
  facet normal -0.195397 0.980724 0
    outer loop
      vertex 53.0377 26.3933 16
      vertex 53.3263 26.4508 12
      vertex 53.0377 26.3933 12
    endloop
  endfacet
  facet normal 0.442042 -0.896995 0
    outer loop
      vertex 54.481 22.1413 12
      vertex 54.745 22.2714 16
      vertex 54.481 22.1413 16
    endloop
  endfacet
  facet normal 0.442042 -0.896995 0
    outer loop
      vertex 54.745 22.2714 16
      vertex 54.481 22.1413 12
      vertex 54.745 22.2714 12
    endloop
  endfacet
  facet normal 0.555797 -0.831318 0
    outer loop
      vertex 54.745 22.2714 12
      vertex 54.9897 22.435 16
      vertex 54.745 22.2714 16
    endloop
  endfacet
  facet normal 0.555797 -0.831318 0
    outer loop
      vertex 54.9897 22.435 16
      vertex 54.745 22.2714 12
      vertex 54.9897 22.435 12
    endloop
  endfacet
  facet normal 0.751966 0.659202 0
    outer loop
      vertex 55.405 25.5897 16
      vertex 55.211 25.811 12
      vertex 55.211 25.811 16
    endloop
  endfacet
  facet normal 0.751966 0.659202 0
    outer loop
      vertex 55.211 25.811 12
      vertex 55.405 25.5897 16
      vertex 55.405 25.5897 12
    endloop
  endfacet
  facet normal -0.321421 -0.946936 0
    outer loop
      vertex 52.759 22.1413 12
      vertex 53.0377 22.0467 16
      vertex 52.759 22.1413 16
    endloop
  endfacet
  facet normal -0.321421 -0.946936 -0
    outer loop
      vertex 53.0377 22.0467 16
      vertex 52.759 22.1413 12
      vertex 53.0377 22.0467 12
    endloop
  endfacet
  facet normal 0.195397 -0.980724 0
    outer loop
      vertex 53.9137 21.9892 12
      vertex 54.2023 22.0467 16
      vertex 53.9137 21.9892 16
    endloop
  endfacet
  facet normal 0.195397 -0.980724 0
    outer loop
      vertex 54.2023 22.0467 16
      vertex 53.9137 21.9892 12
      vertex 54.2023 22.0467 12
    endloop
  endfacet
  facet normal 0 0 1
    outer loop
      vertex 54.42 24.22 16
      vertex 55.87 24.22 16
      vertex 55.8507 24.5137 16
    endloop
  endfacet
  facet normal 0 0 1
    outer loop
      vertex 54.42 24.22 16
      vertex 55.8507 24.5137 16
      vertex 55.7933 24.8023 16
    endloop
  endfacet
  facet normal 0 0 1
    outer loop
      vertex 55.87 24.22 16
      vertex 54.42 24.22 16
      vertex 55.8507 23.9263 16
    endloop
  endfacet
  facet normal 0 0 1
    outer loop
      vertex 54.3591 24.5261 16
      vertex 55.7933 24.8023 16
      vertex 55.6987 25.081 16
    endloop
  endfacet
  facet normal 0 0 1
    outer loop
      vertex 55.8507 23.9263 16
      vertex 54.42 24.22 16
      vertex 55.7933 23.6377 16
    endloop
  endfacet
  facet normal 0 0 1
    outer loop
      vertex 54.3591 24.5261 16
      vertex 55.6987 25.081 16
      vertex 55.5686 25.345 16
    endloop
  endfacet
  facet normal -0 0 1
    outer loop
      vertex 54.3591 23.9139 16
      vertex 55.7933 23.6377 16
      vertex 54.42 24.22 16
    endloop
  endfacet
  facet normal 0 0 1
    outer loop
      vertex 54.3591 24.5261 16
      vertex 55.5686 25.345 16
      vertex 55.405 25.5897 16
    endloop
  endfacet
  facet normal 0 0 1
    outer loop
      vertex 55.7933 23.6377 16
      vertex 54.3591 23.9139 16
      vertex 55.6987 23.359 16
    endloop
  endfacet
  facet normal 0 0 1
    outer loop
      vertex 54.1857 24.7857 16
      vertex 55.405 25.5897 16
      vertex 55.211 25.811 16
    endloop
  endfacet
  facet normal 0 0 1
    outer loop
      vertex 55.6987 23.359 16
      vertex 54.3591 23.9139 16
      vertex 55.5686 23.095 16
    endloop
  endfacet
  facet normal 0 0 1
    outer loop
      vertex 54.1857 24.7857 16
      vertex 55.211 25.811 16
      vertex 54.9897 26.005 16
    endloop
  endfacet
  facet normal 0 0 1
    outer loop
      vertex 55.5686 23.095 16
      vertex 54.3591 23.9139 16
      vertex 55.405 22.8503 16
    endloop
  endfacet
  facet normal 0 0 1
    outer loop
      vertex 54.1857 24.7857 16
      vertex 54.9897 26.005 16
      vertex 54.745 26.1686 16
    endloop
  endfacet
  facet normal -0 0 1
    outer loop
      vertex 54.1857 23.6543 16
      vertex 55.405 22.8503 16
      vertex 54.3591 23.9139 16
    endloop
  endfacet
  facet normal 0 0 1
    outer loop
      vertex 53.9261 24.9591 16
      vertex 54.745 26.1686 16
      vertex 54.481 26.2987 16
    endloop
  endfacet
  facet normal 0 0 1
    outer loop
      vertex 55.405 22.8503 16
      vertex 54.1857 23.6543 16
      vertex 55.211 22.629 16
    endloop
  endfacet
  facet normal 0 0 1
    outer loop
      vertex 55.211 22.629 16
      vertex 54.1857 23.6543 16
      vertex 54.9897 22.435 16
    endloop
  endfacet
  facet normal 0 0 1
    outer loop
      vertex 55.7933 24.8023 16
      vertex 54.3591 24.5261 16
      vertex 54.42 24.22 16
    endloop
  endfacet
  facet normal 0 0 1
    outer loop
      vertex 53.9261 24.9591 16
      vertex 54.481 26.2987 16
      vertex 54.2023 26.3933 16
    endloop
  endfacet
  facet normal 0 0 1
    outer loop
      vertex 55.405 25.5897 16
      vertex 54.1857 24.7857 16
      vertex 54.3591 24.5261 16
    endloop
  endfacet
  facet normal 0 0 1
    outer loop
      vertex 54.745 26.1686 16
      vertex 53.9261 24.9591 16
      vertex 54.1857 24.7857 16
    endloop
  endfacet
  facet normal 0 0 1
    outer loop
      vertex 53.9137 26.4508 16
      vertex 53.9261 24.9591 16
      vertex 54.2023 26.3933 16
    endloop
  endfacet
  facet normal 0 0 1
    outer loop
      vertex 53.62 25.02 16
      vertex 53.9137 26.4508 16
      vertex 53.62 26.47 16
    endloop
  endfacet
  facet normal 0 0 1
    outer loop
      vertex 53.9137 26.4508 16
      vertex 53.62 25.02 16
      vertex 53.9261 24.9591 16
    endloop
  endfacet
  facet normal -0 0 1
    outer loop
      vertex 53.3263 26.4508 16
      vertex 53.62 25.02 16
      vertex 53.62 26.47 16
    endloop
  endfacet
  facet normal 0 0 1
    outer loop
      vertex 53.3263 26.4508 16
      vertex 53.3139 24.9591 16
      vertex 53.62 25.02 16
    endloop
  endfacet
  facet normal -0 0 1
    outer loop
      vertex 53.0377 26.3933 16
      vertex 53.3139 24.9591 16
      vertex 53.3263 26.4508 16
    endloop
  endfacet
  facet normal -0 0 1
    outer loop
      vertex 52.759 26.2987 16
      vertex 53.3139 24.9591 16
      vertex 53.0377 26.3933 16
    endloop
  endfacet
  facet normal -0 0 1
    outer loop
      vertex 52.495 26.1686 16
      vertex 53.3139 24.9591 16
      vertex 52.759 26.2987 16
    endloop
  endfacet
  facet normal 0 0 1
    outer loop
      vertex 53.3139 24.9591 16
      vertex 52.495 26.1686 16
      vertex 53.0543 24.7857 16
    endloop
  endfacet
  facet normal -0 0 1
    outer loop
      vertex 52.2503 26.005 16
      vertex 53.0543 24.7857 16
      vertex 52.495 26.1686 16
    endloop
  endfacet
  facet normal 0 0 1
    outer loop
      vertex 54.9897 22.435 16
      vertex 54.1857 23.6543 16
      vertex 54.745 22.2714 16
    endloop
  endfacet
  facet normal -0 0 1
    outer loop
      vertex 53.9261 23.4809 16
      vertex 54.745 22.2714 16
      vertex 54.1857 23.6543 16
    endloop
  endfacet
  facet normal 0 0 1
    outer loop
      vertex 54.745 22.2714 16
      vertex 53.9261 23.4809 16
      vertex 54.481 22.1413 16
    endloop
  endfacet
  facet normal 0 0 1
    outer loop
      vertex 54.481 22.1413 16
      vertex 53.9261 23.4809 16
      vertex 54.2023 22.0467 16
    endloop
  endfacet
  facet normal 0 0 1
    outer loop
      vertex 53.9261 23.4809 16
      vertex 53.9137 21.9892 16
      vertex 54.2023 22.0467 16
    endloop
  endfacet
  facet normal -0 0 1
    outer loop
      vertex 53.62 23.42 16
      vertex 53.9137 21.9892 16
      vertex 53.9261 23.4809 16
    endloop
  endfacet
  facet normal 0 0 1
    outer loop
      vertex 53.62 23.42 16
      vertex 53.62 21.97 16
      vertex 53.9137 21.9892 16
    endloop
  endfacet
  facet normal 0 0 1
    outer loop
      vertex 53.62 23.42 16
      vertex 53.3263 21.9892 16
      vertex 53.62 21.97 16
    endloop
  endfacet
  facet normal 0 0 1
    outer loop
      vertex 53.3139 23.4809 16
      vertex 53.3263 21.9892 16
      vertex 53.62 23.42 16
    endloop
  endfacet
  facet normal 0 0 1
    outer loop
      vertex 52.495 22.2714 16
      vertex 53.3139 23.4809 16
      vertex 53.0543 23.6543 16
    endloop
  endfacet
  facet normal 0 0 1
    outer loop
      vertex 53.3139 23.4809 16
      vertex 53.0377 22.0467 16
      vertex 53.3263 21.9892 16
    endloop
  endfacet
  facet normal 0 0 1
    outer loop
      vertex 51.835 22.8503 16
      vertex 53.0543 23.6543 16
      vertex 52.8809 23.9139 16
    endloop
  endfacet
  facet normal 0 0 1
    outer loop
      vertex 51.4467 23.6377 16
      vertex 52.8809 23.9139 16
      vertex 52.82 24.22 16
    endloop
  endfacet
  facet normal 0 0 1
    outer loop
      vertex 53.3139 23.4809 16
      vertex 52.759 22.1413 16
      vertex 53.0377 22.0467 16
    endloop
  endfacet
  facet normal -0 0 1
    outer loop
      vertex 52.029 25.811 16
      vertex 53.0543 24.7857 16
      vertex 52.2503 26.005 16
    endloop
  endfacet
  facet normal -0 0 1
    outer loop
      vertex 51.835 25.5897 16
      vertex 53.0543 24.7857 16
      vertex 52.029 25.811 16
    endloop
  endfacet
  facet normal 0 0 1
    outer loop
      vertex 53.3139 23.4809 16
      vertex 52.495 22.2714 16
      vertex 52.759 22.1413 16
    endloop
  endfacet
  facet normal 0 0 1
    outer loop
      vertex 53.0543 24.7857 16
      vertex 51.835 25.5897 16
      vertex 52.8809 24.5261 16
    endloop
  endfacet
  facet normal 0 0 1
    outer loop
      vertex 53.0543 23.6543 16
      vertex 52.2503 22.435 16
      vertex 52.495 22.2714 16
    endloop
  endfacet
  facet normal -0 0 1
    outer loop
      vertex 51.6714 25.345 16
      vertex 52.8809 24.5261 16
      vertex 51.835 25.5897 16
    endloop
  endfacet
  facet normal 0 0 1
    outer loop
      vertex 53.0543 23.6543 16
      vertex 52.029 22.629 16
      vertex 52.2503 22.435 16
    endloop
  endfacet
  facet normal -0 0 1
    outer loop
      vertex 51.5413 25.081 16
      vertex 52.8809 24.5261 16
      vertex 51.6714 25.345 16
    endloop
  endfacet
  facet normal 0 0 1
    outer loop
      vertex 53.0543 23.6543 16
      vertex 51.835 22.8503 16
      vertex 52.029 22.629 16
    endloop
  endfacet
  facet normal -0 0 1
    outer loop
      vertex 51.4467 24.8023 16
      vertex 52.8809 24.5261 16
      vertex 51.5413 25.081 16
    endloop
  endfacet
  facet normal 0 0 1
    outer loop
      vertex 52.8809 23.9139 16
      vertex 51.6714 23.095 16
      vertex 51.835 22.8503 16
    endloop
  endfacet
  facet normal 0 0 1
    outer loop
      vertex 52.8809 24.5261 16
      vertex 51.4467 24.8023 16
      vertex 52.82 24.22 16
    endloop
  endfacet
  facet normal 0 0 1
    outer loop
      vertex 52.8809 23.9139 16
      vertex 51.5413 23.359 16
      vertex 51.6714 23.095 16
    endloop
  endfacet
  facet normal -0 0 1
    outer loop
      vertex 51.3892 24.5137 16
      vertex 52.82 24.22 16
      vertex 51.4467 24.8023 16
    endloop
  endfacet
  facet normal 0 0 1
    outer loop
      vertex 52.8809 23.9139 16
      vertex 51.4467 23.6377 16
      vertex 51.5413 23.359 16
    endloop
  endfacet
  facet normal 0 0 1
    outer loop
      vertex 51.37 24.22 16
      vertex 52.82 24.22 16
      vertex 51.3892 24.5137 16
    endloop
  endfacet
  facet normal 0 0 1
    outer loop
      vertex 52.82 24.22 16
      vertex 51.3892 23.9263 16
      vertex 51.4467 23.6377 16
    endloop
  endfacet
  facet normal 0 0 1
    outer loop
      vertex 52.82 24.22 16
      vertex 51.37 24.22 16
      vertex 51.3892 23.9263 16
    endloop
  endfacet
  facet normal 0.442042 0.896995 -0
    outer loop
      vertex 54.745 26.1686 12
      vertex 54.481 26.2987 16
      vertex 54.745 26.1686 16
    endloop
  endfacet
  facet normal 0.442042 0.896995 0
    outer loop
      vertex 54.481 26.2987 16
      vertex 54.745 26.1686 12
      vertex 54.481 26.2987 12
    endloop
  endfacet
  facet normal 0.997848 -0.0655719 0
    outer loop
      vertex 55.8507 23.9263 16
      vertex 55.87 24.22 12
      vertex 55.87 24.22 16
    endloop
  endfacet
  facet normal 0.997848 -0.0655719 0
    outer loop
      vertex 55.87 24.22 12
      vertex 55.8507 23.9263 16
      vertex 55.8507 23.9263 12
    endloop
  endfacet
  facet normal -0.980724 0.195397 0
    outer loop
      vertex 51.3892 24.5137 12
      vertex 51.4467 24.8023 16
      vertex 51.4467 24.8023 12
    endloop
  endfacet
  facet normal -0.980724 0.195397 0
    outer loop
      vertex 51.4467 24.8023 16
      vertex 51.3892 24.5137 12
      vertex 51.3892 24.5137 16
    endloop
  endfacet
  facet normal 0.321421 0.946936 -0
    outer loop
      vertex 54.481 26.2987 12
      vertex 54.2023 26.3933 16
      vertex 54.481 26.2987 16
    endloop
  endfacet
  facet normal 0.321421 0.946936 0
    outer loop
      vertex 54.2023 26.3933 16
      vertex 54.481 26.2987 12
      vertex 54.2023 26.3933 12
    endloop
  endfacet
  facet normal 0.555797 0.831318 -0
    outer loop
      vertex 54.9897 26.005 12
      vertex 54.745 26.1686 16
      vertex 54.9897 26.005 16
    endloop
  endfacet
  facet normal 0.555797 0.831318 0
    outer loop
      vertex 54.745 26.1686 16
      vertex 54.9897 26.005 12
      vertex 54.745 26.1686 12
    endloop
  endfacet
  facet normal -0.896995 -0.442042 0
    outer loop
      vertex 51.6714 23.095 12
      vertex 51.5413 23.359 16
      vertex 51.5413 23.359 12
    endloop
  endfacet
  facet normal -0.896995 -0.442042 0
    outer loop
      vertex 51.5413 23.359 16
      vertex 51.6714 23.095 12
      vertex 51.6714 23.095 16
    endloop
  endfacet
  facet normal -0.751966 -0.659202 0
    outer loop
      vertex 52.029 22.629 12
      vertex 51.835 22.8503 16
      vertex 51.835 22.8503 12
    endloop
  endfacet
  facet normal -0.751966 -0.659202 0
    outer loop
      vertex 51.835 22.8503 16
      vertex 52.029 22.629 12
      vertex 52.029 22.629 16
    endloop
  endfacet
  facet normal -0.659202 0.751966 0
    outer loop
      vertex 52.2503 26.005 12
      vertex 52.029 25.811 16
      vertex 52.2503 26.005 16
    endloop
  endfacet
  facet normal -0.659202 0.751966 0
    outer loop
      vertex 52.029 25.811 16
      vertex 52.2503 26.005 12
      vertex 52.029 25.811 12
    endloop
  endfacet
  facet normal -0.555797 0.831318 0
    outer loop
      vertex 52.495 26.1686 12
      vertex 52.2503 26.005 16
      vertex 52.495 26.1686 16
    endloop
  endfacet
  facet normal -0.555797 0.831318 0
    outer loop
      vertex 52.2503 26.005 16
      vertex 52.495 26.1686 12
      vertex 52.2503 26.005 12
    endloop
  endfacet
  facet normal 0.751966 -0.659202 0
    outer loop
      vertex 55.211 22.629 16
      vertex 55.405 22.8503 12
      vertex 55.405 22.8503 16
    endloop
  endfacet
  facet normal 0.751966 -0.659202 0
    outer loop
      vertex 55.405 22.8503 12
      vertex 55.211 22.629 16
      vertex 55.211 22.629 12
    endloop
  endfacet
  facet normal 0.659202 -0.751966 0
    outer loop
      vertex 54.9897 22.435 12
      vertex 55.211 22.629 16
      vertex 54.9897 22.435 16
    endloop
  endfacet
  facet normal 0.659202 -0.751966 0
    outer loop
      vertex 55.211 22.629 16
      vertex 54.9897 22.435 12
      vertex 55.211 22.629 12
    endloop
  endfacet
  facet normal 0.831318 0.555797 0
    outer loop
      vertex 55.5686 25.345 16
      vertex 55.405 25.5897 12
      vertex 55.405 25.5897 16
    endloop
  endfacet
  facet normal 0.831318 0.555797 0
    outer loop
      vertex 55.405 25.5897 12
      vertex 55.5686 25.345 16
      vertex 55.5686 25.345 12
    endloop
  endfacet
  facet normal -0.946936 0.321421 0
    outer loop
      vertex 51.4467 24.8023 12
      vertex 51.5413 25.081 16
      vertex 51.5413 25.081 12
    endloop
  endfacet
  facet normal -0.946936 0.321421 0
    outer loop
      vertex 51.5413 25.081 16
      vertex 51.4467 24.8023 12
      vertex 51.4467 24.8023 16
    endloop
  endfacet
  facet normal -0.195397 -0.980724 0
    outer loop
      vertex 53.0377 22.0467 12
      vertex 53.3263 21.9892 16
      vertex 53.0377 22.0467 16
    endloop
  endfacet
  facet normal -0.195397 -0.980724 -0
    outer loop
      vertex 53.3263 21.9892 16
      vertex 53.0377 22.0467 12
      vertex 53.3263 21.9892 12
    endloop
  endfacet
  facet normal 0.980789 -0.19507 0
    outer loop
      vertex 55.7933 23.6377 16
      vertex 55.8507 23.9263 12
      vertex 55.8507 23.9263 16
    endloop
  endfacet
  facet normal 0.980789 -0.19507 0
    outer loop
      vertex 55.8507 23.9263 12
      vertex 55.7933 23.6377 16
      vertex 55.7933 23.6377 12
    endloop
  endfacet
  facet normal 0.321421 -0.946936 0
    outer loop
      vertex 54.2023 22.0467 12
      vertex 54.481 22.1413 16
      vertex 54.2023 22.0467 16
    endloop
  endfacet
  facet normal 0.321421 -0.946936 0
    outer loop
      vertex 54.481 22.1413 16
      vertex 54.2023 22.0467 12
      vertex 54.481 22.1413 12
    endloop
  endfacet
  facet normal -0.946936 -0.321421 0
    outer loop
      vertex 51.5413 23.359 12
      vertex 51.4467 23.6377 16
      vertex 51.4467 23.6377 12
    endloop
  endfacet
  facet normal -0.946936 -0.321421 0
    outer loop
      vertex 51.4467 23.6377 16
      vertex 51.5413 23.359 12
      vertex 51.5413 23.359 16
    endloop
  endfacet
  facet normal -0.980724 -0.195397 0
    outer loop
      vertex 51.4467 23.6377 12
      vertex 51.3892 23.9263 16
      vertex 51.3892 23.9263 12
    endloop
  endfacet
  facet normal -0.980724 -0.195397 0
    outer loop
      vertex 51.3892 23.9263 16
      vertex 51.4467 23.6377 12
      vertex 51.4467 23.6377 16
    endloop
  endfacet
  facet normal -0.0652336 -0.99787 0
    outer loop
      vertex 53.3263 21.9892 12
      vertex 53.62 21.97 16
      vertex 53.3263 21.9892 16
    endloop
  endfacet
  facet normal -0.0652336 -0.99787 -0
    outer loop
      vertex 53.62 21.97 16
      vertex 53.3263 21.9892 12
      vertex 53.62 21.97 12
    endloop
  endfacet
  facet normal -0.442042 0.896995 0
    outer loop
      vertex 52.759 26.2987 12
      vertex 52.495 26.1686 16
      vertex 52.759 26.2987 16
    endloop
  endfacet
  facet normal -0.442042 0.896995 0
    outer loop
      vertex 52.495 26.1686 16
      vertex 52.759 26.2987 12
      vertex 52.495 26.1686 12
    endloop
  endfacet
  facet normal 0.659202 0.751966 -0
    outer loop
      vertex 55.211 25.811 12
      vertex 54.9897 26.005 16
      vertex 55.211 25.811 16
    endloop
  endfacet
  facet normal 0.659202 0.751966 0
    outer loop
      vertex 54.9897 26.005 16
      vertex 55.211 25.811 12
      vertex 54.9897 26.005 12
    endloop
  endfacet
  facet normal -0.442042 -0.896995 0
    outer loop
      vertex 52.495 22.2714 12
      vertex 52.759 22.1413 16
      vertex 52.495 22.2714 16
    endloop
  endfacet
  facet normal -0.442042 -0.896995 -0
    outer loop
      vertex 52.759 22.1413 16
      vertex 52.495 22.2714 12
      vertex 52.759 22.1413 12
    endloop
  endfacet
  facet normal -0.831318 0.555797 0
    outer loop
      vertex 51.6714 25.345 12
      vertex 51.835 25.5897 16
      vertex 51.835 25.5897 12
    endloop
  endfacet
  facet normal -0.831318 0.555797 0
    outer loop
      vertex 51.835 25.5897 16
      vertex 51.6714 25.345 12
      vertex 51.6714 25.345 16
    endloop
  endfacet
  facet normal 0.896995 0.442042 0
    outer loop
      vertex 55.6987 25.081 16
      vertex 55.5686 25.345 12
      vertex 55.5686 25.345 16
    endloop
  endfacet
  facet normal 0.896995 0.442042 0
    outer loop
      vertex 55.5686 25.345 12
      vertex 55.6987 25.081 16
      vertex 55.6987 25.081 12
    endloop
  endfacet
  facet normal 0.831318 -0.555797 0
    outer loop
      vertex 55.405 22.8503 16
      vertex 55.5686 23.095 12
      vertex 55.5686 23.095 16
    endloop
  endfacet
  facet normal 0.831318 -0.555797 0
    outer loop
      vertex 55.5686 23.095 12
      vertex 55.405 22.8503 16
      vertex 55.405 22.8503 12
    endloop
  endfacet
  facet normal -0.99787 0.0652336 0
    outer loop
      vertex 51.37 24.22 12
      vertex 51.3892 24.5137 16
      vertex 51.3892 24.5137 12
    endloop
  endfacet
  facet normal -0.99787 0.0652336 0
    outer loop
      vertex 51.3892 24.5137 16
      vertex 51.37 24.22 12
      vertex 51.37 24.22 16
    endloop
  endfacet
  facet normal 0.946936 -0.321421 0
    outer loop
      vertex 55.6987 23.359 16
      vertex 55.7933 23.6377 12
      vertex 55.7933 23.6377 16
    endloop
  endfacet
  facet normal 0.946936 -0.321421 0
    outer loop
      vertex 55.7933 23.6377 12
      vertex 55.6987 23.359 16
      vertex 55.6987 23.359 12
    endloop
  endfacet
  facet normal 0.195397 0.980724 -0
    outer loop
      vertex 54.2023 26.3933 12
      vertex 53.9137 26.4508 16
      vertex 54.2023 26.3933 16
    endloop
  endfacet
  facet normal 0.195397 0.980724 0
    outer loop
      vertex 53.9137 26.4508 16
      vertex 54.2023 26.3933 12
      vertex 53.9137 26.4508 12
    endloop
  endfacet
  facet normal -0.831318 -0.555797 0
    outer loop
      vertex 51.835 22.8503 12
      vertex 51.6714 23.095 16
      vertex 51.6714 23.095 12
    endloop
  endfacet
  facet normal -0.831318 -0.555797 0
    outer loop
      vertex 51.6714 23.095 16
      vertex 51.835 22.8503 12
      vertex 51.835 22.8503 16
    endloop
  endfacet
  facet normal -0.99787 -0.0652336 0
    outer loop
      vertex 51.3892 23.9263 12
      vertex 51.37 24.22 16
      vertex 51.37 24.22 12
    endloop
  endfacet
  facet normal -0.99787 -0.0652336 0
    outer loop
      vertex 51.37 24.22 16
      vertex 51.3892 23.9263 12
      vertex 51.3892 23.9263 16
    endloop
  endfacet
  facet normal 0.0652336 0.99787 -0
    outer loop
      vertex 53.9137 26.4508 12
      vertex 53.62 26.47 16
      vertex 53.9137 26.4508 16
    endloop
  endfacet
  facet normal 0.0652336 0.99787 0
    outer loop
      vertex 53.62 26.47 16
      vertex 53.9137 26.4508 12
      vertex 53.62 26.47 12
    endloop
  endfacet
  facet normal -0.659202 -0.751966 0
    outer loop
      vertex 52.029 22.629 12
      vertex 52.2503 22.435 16
      vertex 52.029 22.629 16
    endloop
  endfacet
  facet normal -0.659202 -0.751966 -0
    outer loop
      vertex 52.2503 22.435 16
      vertex 52.029 22.629 12
      vertex 52.2503 22.435 12
    endloop
  endfacet
  facet normal -0.751966 0.659202 0
    outer loop
      vertex 51.835 25.5897 12
      vertex 52.029 25.811 16
      vertex 52.029 25.811 12
    endloop
  endfacet
  facet normal -0.751966 0.659202 0
    outer loop
      vertex 52.029 25.811 16
      vertex 51.835 25.5897 12
      vertex 51.835 25.5897 16
    endloop
  endfacet
  facet normal 0.946936 0.321421 0
    outer loop
      vertex 55.7933 24.8023 16
      vertex 55.6987 25.081 12
      vertex 55.6987 25.081 16
    endloop
  endfacet
  facet normal 0.946936 0.321421 0
    outer loop
      vertex 55.6987 25.081 12
      vertex 55.7933 24.8023 16
      vertex 55.7933 24.8023 12
    endloop
  endfacet
  facet normal -0.321421 0.946936 0
    outer loop
      vertex 53.0377 26.3933 12
      vertex 52.759 26.2987 16
      vertex 53.0377 26.3933 16
    endloop
  endfacet
  facet normal -0.321421 0.946936 0
    outer loop
      vertex 52.759 26.2987 16
      vertex 53.0377 26.3933 12
      vertex 52.759 26.2987 12
    endloop
  endfacet
  facet normal 0.0652336 -0.99787 0
    outer loop
      vertex 53.62 21.97 12
      vertex 53.9137 21.9892 16
      vertex 53.62 21.97 16
    endloop
  endfacet
  facet normal 0.0652336 -0.99787 0
    outer loop
      vertex 53.9137 21.9892 16
      vertex 53.62 21.97 12
      vertex 53.9137 21.9892 12
    endloop
  endfacet
  facet normal 0.896995 -0.442042 0
    outer loop
      vertex 55.5686 23.095 16
      vertex 55.6987 23.359 12
      vertex 55.6987 23.359 16
    endloop
  endfacet
  facet normal 0.896995 -0.442042 0
    outer loop
      vertex 55.6987 23.359 12
      vertex 55.5686 23.095 16
      vertex 55.5686 23.095 12
    endloop
  endfacet
  facet normal -0.896995 0.442042 0
    outer loop
      vertex 51.5413 25.081 12
      vertex 51.6714 25.345 16
      vertex 51.6714 25.345 12
    endloop
  endfacet
  facet normal -0.896995 0.442042 0
    outer loop
      vertex 51.6714 25.345 16
      vertex 51.5413 25.081 12
      vertex 51.5413 25.081 16
    endloop
  endfacet
  facet normal -0.555797 -0.831318 0
    outer loop
      vertex 52.2503 22.435 12
      vertex 52.495 22.2714 16
      vertex 52.2503 22.435 16
    endloop
  endfacet
  facet normal -0.555797 -0.831318 -0
    outer loop
      vertex 52.495 22.2714 16
      vertex 52.2503 22.435 12
      vertex 52.495 22.2714 12
    endloop
  endfacet
  facet normal 0.980667 0.195686 0
    outer loop
      vertex 105.436 0.978946 10
      vertex 105.244 1.94114 2.6
      vertex 105.244 1.94114 10
    endloop
  endfacet
  facet normal 0.980667 0.195686 0
    outer loop
      vertex 105.244 1.94114 2.6
      vertex 105.436 0.978946 10
      vertex 105.436 0.978946 2.6
    endloop
  endfacet
  facet normal 0.99787 0.0652372 0
    outer loop
      vertex 105.5 0 10
      vertex 105.436 0.978946 2.6
      vertex 105.436 0.978946 10
    endloop
  endfacet
  facet normal 0.99787 0.0652372 0
    outer loop
      vertex 105.436 0.978946 2.6
      vertex 105.5 0 10
      vertex 105.5 0 2.6
    endloop
  endfacet
  facet normal 0.947038 0.321123 0
    outer loop
      vertex 105.244 1.94114 10
      vertex 104.929 2.87012 2.6
      vertex 104.929 2.87012 10
    endloop
  endfacet
  facet normal 0.947038 0.321123 0
    outer loop
      vertex 104.929 2.87012 2.6
      vertex 105.244 1.94114 10
      vertex 105.244 1.94114 2.6
    endloop
  endfacet
  facet normal 0.321459 0.946924 -0
    outer loop
      vertex 100.87 6.9291 2.6
      vertex 99.9411 7.24444 10
      vertex 100.87 6.9291 10
    endloop
  endfacet
  facet normal 0.321459 0.946924 0
    outer loop
      vertex 99.9411 7.24444 10
      vertex 100.87 6.9291 2.6
      vertex 99.9411 7.24444 2.6
    endloop
  endfacet
  facet normal 0.195097 0.980784 -0
    outer loop
      vertex 99.9411 7.24444 2.6
      vertex 98.9789 7.43584 10
      vertex 99.9411 7.24444 10
    endloop
  endfacet
  facet normal 0.195097 0.980784 0
    outer loop
      vertex 98.9789 7.43584 10
      vertex 99.9411 7.24444 2.6
      vertex 98.9789 7.43584 2.6
    endloop
  endfacet
  facet normal 0.896836 0.442363 0
    outer loop
      vertex 104.929 2.87012 10
      vertex 104.495 3.75 2.6
      vertex 104.495 3.75 10
    endloop
  endfacet
  facet normal 0.896836 0.442363 0
    outer loop
      vertex 104.495 3.75 2.6
      vertex 104.929 2.87012 10
      vertex 104.929 2.87012 2.6
    endloop
  endfacet
  facet normal 0.195097 -0.980784 0
    outer loop
      vertex 98.9789 -7.43584 2.6
      vertex 99.9411 -7.24444 10
      vertex 98.9789 -7.43584 10
    endloop
  endfacet
  facet normal 0.195097 -0.980784 0
    outer loop
      vertex 99.9411 -7.24444 10
      vertex 98.9789 -7.43584 2.6
      vertex 99.9411 -7.24444 2.6
    endloop
  endfacet
  facet normal 0.0654026 -0.997859 0
    outer loop
      vertex 98 -7.5 2.6
      vertex 98.9789 -7.43584 10
      vertex 98 -7.5 10
    endloop
  endfacet
  facet normal 0.0654026 -0.997859 0
    outer loop
      vertex 98.9789 -7.43584 10
      vertex 98 -7.5 2.6
      vertex 98.9789 -7.43584 2.6
    endloop
  endfacet
  facet normal 0.659645 0.751578 -0
    outer loop
      vertex 103.303 5.3033 2.6
      vertex 102.566 5.95015 10
      vertex 103.303 5.3033 10
    endloop
  endfacet
  facet normal 0.659645 0.751578 0
    outer loop
      vertex 102.566 5.95015 10
      vertex 103.303 5.3033 2.6
      vertex 102.566 5.95015 2.6
    endloop
  endfacet
  facet normal 0.896836 -0.442363 0
    outer loop
      vertex 104.495 -3.75 10
      vertex 104.929 -2.87012 2.6
      vertex 104.929 -2.87012 10
    endloop
  endfacet
  facet normal 0.896836 -0.442363 0
    outer loop
      vertex 104.929 -2.87012 2.6
      vertex 104.495 -3.75 10
      vertex 104.495 -3.75 2.6
    endloop
  endfacet
  facet normal -0.195097 -0.980784 0
    outer loop
      vertex 96.0589 -7.24444 2.6
      vertex 97.0211 -7.43584 10
      vertex 96.0589 -7.24444 10
    endloop
  endfacet
  facet normal -0.195097 -0.980784 -0
    outer loop
      vertex 97.0211 -7.43584 10
      vertex 96.0589 -7.24444 2.6
      vertex 97.0211 -7.43584 2.6
    endloop
  endfacet
  facet normal -0.896876 0.442281 0
    outer loop
      vertex 91.0709 2.87012 2.6
      vertex 91.5048 3.75 10
      vertex 91.5048 3.75 2.6
    endloop
  endfacet
  facet normal -0.896876 0.442281 0
    outer loop
      vertex 91.5048 3.75 10
      vertex 91.0709 2.87012 2.6
      vertex 91.0709 2.87012 10
    endloop
  endfacet
  facet normal 0.659645 -0.751578 0
    outer loop
      vertex 102.566 -5.95015 2.6
      vertex 103.303 -5.3033 10
      vertex 102.566 -5.95015 10
    endloop
  endfacet
  facet normal 0.659645 -0.751578 0
    outer loop
      vertex 103.303 -5.3033 10
      vertex 102.566 -5.95015 2.6
      vertex 103.303 -5.3033 2.6
    endloop
  endfacet
  facet normal 0.751764 -0.659433 0
    outer loop
      vertex 103.303 -5.3033 10
      vertex 103.95 -4.56571 2.6
      vertex 103.95 -4.56571 10
    endloop
  endfacet
  facet normal 0.751764 -0.659433 0
    outer loop
      vertex 103.95 -4.56571 2.6
      vertex 103.303 -5.3033 10
      vertex 103.303 -5.3033 2.6
    endloop
  endfacet
  facet normal 0.321459 -0.946924 0
    outer loop
      vertex 99.9411 -7.24444 2.6
      vertex 100.87 -6.9291 10
      vertex 99.9411 -7.24444 10
    endloop
  endfacet
  facet normal 0.321459 -0.946924 0
    outer loop
      vertex 100.87 -6.9291 10
      vertex 99.9411 -7.24444 2.6
      vertex 100.87 -6.9291 2.6
    endloop
  endfacet
  facet normal -0.997856 -0.0654402 0
    outer loop
      vertex 90.5642 -0.978946 2.6
      vertex 90.5 0 10
      vertex 90.5 0 2.6
    endloop
  endfacet
  facet normal -0.997856 -0.0654402 0
    outer loop
      vertex 90.5 0 10
      vertex 90.5642 -0.978946 2.6
      vertex 90.5642 -0.978946 10
    endloop
  endfacet
  facet normal -0.659341 0.751844 0
    outer loop
      vertex 93.4343 5.95015 2.6
      vertex 92.6967 5.3033 10
      vertex 93.4343 5.95015 10
    endloop
  endfacet
  facet normal -0.659341 0.751844 0
    outer loop
      vertex 92.6967 5.3033 10
      vertex 93.4343 5.95015 2.6
      vertex 92.6967 5.3033 2.6
    endloop
  endfacet
  facet normal -0.321428 0.946934 0
    outer loop
      vertex 96.0589 7.24444 2.6
      vertex 95.1299 6.9291 10
      vertex 96.0589 7.24444 10
    endloop
  endfacet
  facet normal -0.321428 0.946934 0
    outer loop
      vertex 95.1299 6.9291 10
      vertex 96.0589 7.24444 2.6
      vertex 95.1299 6.9291 2.6
    endloop
  endfacet
  facet normal -0.831441 -0.555613 0
    outer loop
      vertex 92.0499 -4.56571 2.6
      vertex 91.5048 -3.75 10
      vertex 91.5048 -3.75 2.6
    endloop
  endfacet
  facet normal -0.831441 -0.555613 0
    outer loop
      vertex 91.5048 -3.75 10
      vertex 92.0499 -4.56571 2.6
      vertex 92.0499 -4.56571 10
    endloop
  endfacet
  facet normal 0.751764 0.659433 0
    outer loop
      vertex 103.95 4.56571 10
      vertex 103.303 5.3033 2.6
      vertex 103.303 5.3033 10
    endloop
  endfacet
  facet normal 0.751764 0.659433 0
    outer loop
      vertex 103.303 5.3033 2.6
      vertex 103.95 4.56571 10
      vertex 103.95 4.56571 2.6
    endloop
  endfacet
  facet normal -0.321428 -0.946934 0
    outer loop
      vertex 95.1299 -6.9291 2.6
      vertex 96.0589 -7.24444 10
      vertex 95.1299 -6.9291 10
    endloop
  endfacet
  facet normal -0.321428 -0.946934 -0
    outer loop
      vertex 96.0589 -7.24444 10
      vertex 95.1299 -6.9291 2.6
      vertex 96.0589 -7.24444 2.6
    endloop
  endfacet
  facet normal 0.442241 -0.896896 0
    outer loop
      vertex 100.87 -6.9291 2.6
      vertex 101.75 -6.49519 10
      vertex 100.87 -6.9291 10
    endloop
  endfacet
  facet normal 0.442241 -0.896896 0
    outer loop
      vertex 101.75 -6.49519 10
      vertex 100.87 -6.9291 2.6
      vertex 101.75 -6.49519 2.6
    endloop
  endfacet
  facet normal -0.442282 0.896876 0
    outer loop
      vertex 95.1299 6.9291 2.6
      vertex 94.25 6.49519 10
      vertex 95.1299 6.9291 10
    endloop
  endfacet
  facet normal -0.442282 0.896876 0
    outer loop
      vertex 94.25 6.49519 10
      vertex 95.1299 6.9291 2.6
      vertex 94.25 6.49519 2.6
    endloop
  endfacet
  facet normal 0.980667 -0.195686 0
    outer loop
      vertex 105.244 -1.94114 10
      vertex 105.436 -0.978946 2.6
      vertex 105.436 -0.978946 10
    endloop
  endfacet
  facet normal 0.980667 -0.195686 0
    outer loop
      vertex 105.436 -0.978946 2.6
      vertex 105.244 -1.94114 10
      vertex 105.244 -1.94114 2.6
    endloop
  endfacet
  facet normal -0.946944 -0.321397 0
    outer loop
      vertex 91.0709 -2.87012 2.6
      vertex 90.7556 -1.94114 10
      vertex 90.7556 -1.94114 2.6
    endloop
  endfacet
  facet normal -0.946944 -0.321397 0
    outer loop
      vertex 90.7556 -1.94114 10
      vertex 91.0709 -2.87012 2.6
      vertex 91.0709 -2.87012 10
    endloop
  endfacet
  facet normal 0.947038 -0.321123 0
    outer loop
      vertex 104.929 -2.87012 10
      vertex 105.244 -1.94114 2.6
      vertex 105.244 -1.94114 10
    endloop
  endfacet
  facet normal 0.947038 -0.321123 0
    outer loop
      vertex 105.244 -1.94114 2.6
      vertex 104.929 -2.87012 10
      vertex 104.929 -2.87012 2.6
    endloop
  endfacet
  facet normal -0.751865 -0.659318 0
    outer loop
      vertex 92.6967 -5.3033 2.6
      vertex 92.0499 -4.56571 10
      vertex 92.0499 -4.56571 2.6
    endloop
  endfacet
  facet normal -0.751865 -0.659318 0
    outer loop
      vertex 92.0499 -4.56571 10
      vertex 92.6967 -5.3033 2.6
      vertex 92.6967 -5.3033 10
    endloop
  endfacet
  facet normal 0.555434 0.831561 -0
    outer loop
      vertex 102.566 5.95015 2.6
      vertex 101.75 6.49519 10
      vertex 102.566 5.95015 10
    endloop
  endfacet
  facet normal 0.555434 0.831561 0
    outer loop
      vertex 101.75 6.49519 10
      vertex 102.566 5.95015 2.6
      vertex 101.75 6.49519 2.6
    endloop
  endfacet
  facet normal 0.442241 0.896896 -0
    outer loop
      vertex 101.75 6.49519 2.6
      vertex 100.87 6.9291 10
      vertex 101.75 6.49519 10
    endloop
  endfacet
  facet normal 0.442241 0.896896 0
    outer loop
      vertex 100.87 6.9291 10
      vertex 101.75 6.49519 2.6
      vertex 100.87 6.9291 2.6
    endloop
  endfacet
  facet normal -0.195097 0.980784 0
    outer loop
      vertex 97.0211 7.43584 2.6
      vertex 96.0589 7.24444 10
      vertex 97.0211 7.43584 10
    endloop
  endfacet
  facet normal -0.195097 0.980784 0
    outer loop
      vertex 96.0589 7.24444 10
      vertex 97.0211 7.43584 2.6
      vertex 96.0589 7.24444 2.6
    endloop
  endfacet
  facet normal -0.442282 -0.896876 0
    outer loop
      vertex 94.25 -6.49519 2.6
      vertex 95.1299 -6.9291 10
      vertex 94.25 -6.49519 10
    endloop
  endfacet
  facet normal -0.442282 -0.896876 -0
    outer loop
      vertex 95.1299 -6.9291 10
      vertex 94.25 -6.49519 2.6
      vertex 95.1299 -6.9291 2.6
    endloop
  endfacet
  facet normal -0.0654026 0.997859 0
    outer loop
      vertex 98 7.5 2.6
      vertex 97.0211 7.43584 10
      vertex 98 7.5 10
    endloop
  endfacet
  facet normal -0.0654026 0.997859 0
    outer loop
      vertex 97.0211 7.43584 10
      vertex 98 7.5 2.6
      vertex 97.0211 7.43584 2.6
    endloop
  endfacet
  facet normal -0.751865 0.659318 0
    outer loop
      vertex 92.0499 4.56571 2.6
      vertex 92.6967 5.3033 10
      vertex 92.6967 5.3033 2.6
    endloop
  endfacet
  facet normal -0.751865 0.659318 0
    outer loop
      vertex 92.6967 5.3033 10
      vertex 92.0499 4.56571 2.6
      vertex 92.0499 4.56571 10
    endloop
  endfacet
  facet normal 0.99787 -0.0652372 0
    outer loop
      vertex 105.436 -0.978946 10
      vertex 105.5 0 2.6
      vertex 105.5 0 10
    endloop
  endfacet
  facet normal 0.99787 -0.0652372 0
    outer loop
      vertex 105.5 0 2.6
      vertex 105.436 -0.978946 10
      vertex 105.436 -0.978946 2.6
    endloop
  endfacet
  facet normal -0.946944 0.321397 0
    outer loop
      vertex 90.7556 1.94114 2.6
      vertex 91.0709 2.87012 10
      vertex 91.0709 2.87012 2.6
    endloop
  endfacet
  facet normal -0.946944 0.321397 0
    outer loop
      vertex 91.0709 2.87012 10
      vertex 90.7556 1.94114 2.6
      vertex 90.7556 1.94114 10
    endloop
  endfacet
  facet normal -0.659341 -0.751844 0
    outer loop
      vertex 92.6967 -5.3033 2.6
      vertex 93.4343 -5.95015 10
      vertex 92.6967 -5.3033 10
    endloop
  endfacet
  facet normal -0.659341 -0.751844 -0
    outer loop
      vertex 93.4343 -5.95015 10
      vertex 92.6967 -5.3033 2.6
      vertex 93.4343 -5.95015 2.6
    endloop
  endfacet
  facet normal 0 0 -1
    outer loop
      vertex 102.629 -0.534003 2.6
      vertex 105.5 0 2.6
      vertex 105.436 -0.978946 2.6
    endloop
  endfacet
  facet normal 0 0 -1
    outer loop
      vertex 102.519 -1.13358 2.6
      vertex 105.436 -0.978946 2.6
      vertex 105.244 -1.94114 2.6
    endloop
  endfacet
  facet normal -0 0 -1
    outer loop
      vertex 105.5 0 2.6
      vertex 102.629 -0.534003 2.6
      vertex 102.664 0 2.6
    endloop
  endfacet
  facet normal 0 0 -1
    outer loop
      vertex 102.333 -1.71377 2.6
      vertex 105.244 -1.94114 2.6
      vertex 104.929 -2.87012 2.6
    endloop
  endfacet
  facet normal 0 0 -1
    outer loop
      vertex 102.629 0.534003 2.6
      vertex 105.5 0 2.6
      vertex 102.664 0 2.6
    endloop
  endfacet
  facet normal 0 0 -1
    outer loop
      vertex 102.275 -1.85182 2.6
      vertex 104.929 -2.87012 2.6
      vertex 104.495 -3.75 2.6
    endloop
  endfacet
  facet normal 0 0 -1
    outer loop
      vertex 105.5 0 2.6
      vertex 102.629 0.534003 2.6
      vertex 105.436 0.978946 2.6
    endloop
  endfacet
  facet normal 0 0 -1
    outer loop
      vertex 101.741 -2.77674 2.6
      vertex 104.495 -3.75 2.6
      vertex 103.95 -4.56571 2.6
    endloop
  endfacet
  facet normal 0 0 -1
    outer loop
      vertex 102.519 1.13358 2.6
      vertex 105.436 0.978946 2.6
      vertex 102.624 0.608716 2.6
    endloop
  endfacet
  facet normal 0 0 -1
    outer loop
      vertex 101.65 -2.89529 2.6
      vertex 103.95 -4.56571 2.6
      vertex 103.303 -5.3033 2.6
    endloop
  endfacet
  facet normal 0 0 -1
    outer loop
      vertex 105.436 0.978946 2.6
      vertex 102.519 1.13358 2.6
      vertex 105.244 1.94114 2.6
    endloop
  endfacet
  facet normal 0 0 -1
    outer loop
      vertex 102.505 1.20702 2.6
      vertex 105.244 1.94114 2.6
      vertex 102.519 1.13358 2.6
    endloop
  endfacet
  facet normal 0 0 -1
    outer loop
      vertex 102.624 0.608716 2.6
      vertex 105.436 0.978946 2.6
      vertex 102.629 0.534003 2.6
    endloop
  endfacet
  facet normal 0 0 -1
    outer loop
      vertex 105.436 -0.978946 2.6
      vertex 102.624 -0.608716 2.6
      vertex 102.629 -0.534003 2.6
    endloop
  endfacet
  facet normal 0 0 -1
    outer loop
      vertex 100.895 -3.65048 2.6
      vertex 103.303 -5.3033 2.6
      vertex 102.566 -5.95015 2.6
    endloop
  endfacet
  facet normal -0 0 -1
    outer loop
      vertex 105.436 -0.978946 2.6
      vertex 102.519 -1.13358 2.6
      vertex 102.624 -0.608716 2.6
    endloop
  endfacet
  facet normal 0 0 -1
    outer loop
      vertex 105.244 -1.94114 2.6
      vertex 102.505 -1.20702 2.6
      vertex 102.519 -1.13358 2.6
    endloop
  endfacet
  facet normal 0 0 -1
    outer loop
      vertex 105.244 -1.94114 2.6
      vertex 102.333 -1.71377 2.6
      vertex 102.505 -1.20702 2.6
    endloop
  endfacet
  facet normal 0 0 -1
    outer loop
      vertex 104.929 -2.87012 2.6
      vertex 102.309 -1.78467 2.6
      vertex 102.333 -1.71377 2.6
    endloop
  endfacet
  facet normal 0 0 -1
    outer loop
      vertex 104.929 -2.87012 2.6
      vertex 102.275 -1.85182 2.6
      vertex 102.309 -1.78467 2.6
    endloop
  endfacet
  facet normal 0 0 -1
    outer loop
      vertex 104.495 -3.75 2.6
      vertex 102.039 -2.33178 2.6
      vertex 102.275 -1.85182 2.6
    endloop
  endfacet
  facet normal 0 0 -1
    outer loop
      vertex 100.777 -3.74145 2.6
      vertex 102.566 -5.95015 2.6
      vertex 101.75 -6.49519 2.6
    endloop
  endfacet
  facet normal 0 0 -1
    outer loop
      vertex 104.495 -3.75 2.6
      vertex 101.741 -2.77674 2.6
      vertex 102.039 -2.33178 2.6
    endloop
  endfacet
  facet normal 0 0 -1
    outer loop
      vertex 103.95 -4.56571 2.6
      vertex 101.7 -2.83899 2.6
      vertex 101.741 -2.77674 2.6
    endloop
  endfacet
  facet normal 0 0 -1
    outer loop
      vertex 103.95 -4.56571 2.6
      vertex 101.65 -2.89529 2.6
      vertex 101.7 -2.83899 2.6
    endloop
  endfacet
  facet normal 0 0 -1
    outer loop
      vertex 103.303 -5.3033 2.6
      vertex 101.298 -3.29763 2.6
      vertex 101.65 -2.89529 2.6
    endloop
  endfacet
  facet normal 0 0 -1
    outer loop
      vertex 103.303 -5.3033 2.6
      vertex 100.895 -3.65048 2.6
      vertex 101.298 -3.29763 2.6
    endloop
  endfacet
  facet normal 0 0 -1
    outer loop
      vertex 99.8518 -4.27545 2.6
      vertex 101.75 -6.49519 2.6
      vertex 100.87 -6.9291 2.6
    endloop
  endfacet
  facet normal 0 0 -1
    outer loop
      vertex 102.566 -5.95015 2.6
      vertex 100.839 -3.69985 2.6
      vertex 100.895 -3.65048 2.6
    endloop
  endfacet
  facet normal 0 0 -1
    outer loop
      vertex 102.566 -5.95015 2.6
      vertex 100.777 -3.74145 2.6
      vertex 100.839 -3.69985 2.6
    endloop
  endfacet
  facet normal 0 0 -1
    outer loop
      vertex 101.75 -6.49519 2.6
      vertex 100.332 -4.03876 2.6
      vertex 100.777 -3.74145 2.6
    endloop
  endfacet
  facet normal 0 0 -1
    outer loop
      vertex 99.7138 -4.33263 2.6
      vertex 100.87 -6.9291 2.6
      vertex 99.9411 -7.24444 2.6
    endloop
  endfacet
  facet normal 0 0 -1
    outer loop
      vertex 101.75 -6.49519 2.6
      vertex 99.8518 -4.27545 2.6
      vertex 100.332 -4.03876 2.6
    endloop
  endfacet
  facet normal 0 0 -1
    outer loop
      vertex 100.87 -6.9291 2.6
      vertex 99.7847 -4.30856 2.6
      vertex 99.8518 -4.27545 2.6
    endloop
  endfacet
  facet normal 0 0 -1
    outer loop
      vertex 100.87 -6.9291 2.6
      vertex 99.7138 -4.33263 2.6
      vertex 99.7847 -4.30856 2.6
    endloop
  endfacet
  facet normal 0 0 -1
    outer loop
      vertex 99.9411 -7.24444 2.6
      vertex 99.207 -4.50465 2.6
      vertex 99.7138 -4.33263 2.6
    endloop
  endfacet
  facet normal 0 0 -1
    outer loop
      vertex 99.9411 -7.24444 2.6
      vertex 99.1336 -4.51926 2.6
      vertex 99.207 -4.50465 2.6
    endloop
  endfacet
  facet normal 0 0 -1
    outer loop
      vertex 98.9789 -7.43584 2.6
      vertex 99.1336 -4.51926 2.6
      vertex 99.9411 -7.24444 2.6
    endloop
  endfacet
  facet normal 0 0 -1
    outer loop
      vertex 98.9789 -7.43584 2.6
      vertex 98.6087 -4.62366 2.6
      vertex 99.1336 -4.51926 2.6
    endloop
  endfacet
  facet normal 0 0 -1
    outer loop
      vertex 98.9789 -7.43584 2.6
      vertex 98.534 -4.62856 2.6
      vertex 98.6087 -4.62366 2.6
    endloop
  endfacet
  facet normal 0 0 -1
    outer loop
      vertex 98 -7.5 2.6
      vertex 98.534 -4.62856 2.6
      vertex 98.9789 -7.43584 2.6
    endloop
  endfacet
  facet normal 0 0 -1
    outer loop
      vertex 98 -7.5 2.6
      vertex 98 -4.66356 2.6
      vertex 98.534 -4.62856 2.6
    endloop
  endfacet
  facet normal 0 0 -1
    outer loop
      vertex 98 -7.5 2.6
      vertex 97.466 -4.62856 2.6
      vertex 98 -4.66356 2.6
    endloop
  endfacet
  facet normal 0 0 -1
    outer loop
      vertex 97.0211 -7.43584 2.6
      vertex 97.466 -4.62856 2.6
      vertex 98 -7.5 2.6
    endloop
  endfacet
  facet normal -0 0 -1
    outer loop
      vertex 97.466 -4.62856 2.6
      vertex 97.0211 -7.43584 2.6
      vertex 97.3913 -4.62366 2.6
    endloop
  endfacet
  facet normal 0 0 -1
    outer loop
      vertex 97.0211 -7.43584 2.6
      vertex 96.8664 -4.51926 2.6
      vertex 97.3913 -4.62366 2.6
    endloop
  endfacet
  facet normal 0 0 -1
    outer loop
      vertex 96.0589 -7.24444 2.6
      vertex 96.8664 -4.51926 2.6
      vertex 97.0211 -7.43584 2.6
    endloop
  endfacet
  facet normal -0 0 -1
    outer loop
      vertex 96.8664 -4.51926 2.6
      vertex 96.0589 -7.24444 2.6
      vertex 96.793 -4.50465 2.6
    endloop
  endfacet
  facet normal -0 0 -1
    outer loop
      vertex 96.793 -4.50465 2.6
      vertex 96.0589 -7.24444 2.6
      vertex 96.2862 -4.33263 2.6
    endloop
  endfacet
  facet normal 0 0 -1
    outer loop
      vertex 95.1299 -6.9291 2.6
      vertex 96.2862 -4.33263 2.6
      vertex 96.0589 -7.24444 2.6
    endloop
  endfacet
  facet normal -0 0 -1
    outer loop
      vertex 96.2862 -4.33263 2.6
      vertex 95.1299 -6.9291 2.6
      vertex 96.2153 -4.30856 2.6
    endloop
  endfacet
  facet normal -0 0 -1
    outer loop
      vertex 96.2153 -4.30856 2.6
      vertex 95.1299 -6.9291 2.6
      vertex 96.1482 -4.27545 2.6
    endloop
  endfacet
  facet normal 0 0 -1
    outer loop
      vertex 94.25 -6.49519 2.6
      vertex 96.1482 -4.27545 2.6
      vertex 95.1299 -6.9291 2.6
    endloop
  endfacet
  facet normal -0 0 -1
    outer loop
      vertex 96.1482 -4.27545 2.6
      vertex 94.25 -6.49519 2.6
      vertex 95.6682 -4.03876 2.6
    endloop
  endfacet
  facet normal -0 0 -1
    outer loop
      vertex 95.6682 -4.03876 2.6
      vertex 94.25 -6.49519 2.6
      vertex 95.2233 -3.74145 2.6
    endloop
  endfacet
  facet normal 0 0 -1
    outer loop
      vertex 93.4343 -5.95015 2.6
      vertex 95.2233 -3.74145 2.6
      vertex 94.25 -6.49519 2.6
    endloop
  endfacet
  facet normal -0 0 -1
    outer loop
      vertex 95.2233 -3.74145 2.6
      vertex 93.4343 -5.95015 2.6
      vertex 95.161 -3.69985 2.6
    endloop
  endfacet
  facet normal -0 0 -1
    outer loop
      vertex 95.161 -3.69985 2.6
      vertex 93.4343 -5.95015 2.6
      vertex 95.1047 -3.65048 2.6
    endloop
  endfacet
  facet normal 0 0 -1
    outer loop
      vertex 92.6967 -5.3033 2.6
      vertex 95.1047 -3.65048 2.6
      vertex 93.4343 -5.95015 2.6
    endloop
  endfacet
  facet normal -0 0 -1
    outer loop
      vertex 95.1047 -3.65048 2.6
      vertex 92.6967 -5.3033 2.6
      vertex 94.7024 -3.29763 2.6
    endloop
  endfacet
  facet normal -0 0 -1
    outer loop
      vertex 94.7024 -3.29763 2.6
      vertex 92.6967 -5.3033 2.6
      vertex 94.3495 -2.89529 2.6
    endloop
  endfacet
  facet normal 0 0 -1
    outer loop
      vertex 92.0499 -4.56571 2.6
      vertex 94.3495 -2.89529 2.6
      vertex 92.6967 -5.3033 2.6
    endloop
  endfacet
  facet normal -0 0 -1
    outer loop
      vertex 94.3495 -2.89529 2.6
      vertex 92.0499 -4.56571 2.6
      vertex 94.3001 -2.83899 2.6
    endloop
  endfacet
  facet normal -0 0 -1
    outer loop
      vertex 94.3001 -2.83899 2.6
      vertex 92.0499 -4.56571 2.6
      vertex 94.2586 -2.77674 2.6
    endloop
  endfacet
  facet normal 0 0 -1
    outer loop
      vertex 91.5048 -3.75 2.6
      vertex 94.2586 -2.77674 2.6
      vertex 92.0499 -4.56571 2.6
    endloop
  endfacet
  facet normal -0 0 -1
    outer loop
      vertex 94.2586 -2.77674 2.6
      vertex 91.5048 -3.75 2.6
      vertex 93.9612 -2.33178 2.6
    endloop
  endfacet
  facet normal -0 0 -1
    outer loop
      vertex 93.9612 -2.33178 2.6
      vertex 91.5048 -3.75 2.6
      vertex 93.7245 -1.85182 2.6
    endloop
  endfacet
  facet normal 0 0 -1
    outer loop
      vertex 91.0709 -2.87012 2.6
      vertex 93.7245 -1.85182 2.6
      vertex 91.5048 -3.75 2.6
    endloop
  endfacet
  facet normal -0 0 -1
    outer loop
      vertex 93.7245 -1.85182 2.6
      vertex 91.0709 -2.87012 2.6
      vertex 93.6914 -1.78467 2.6
    endloop
  endfacet
  facet normal -0 0 -1
    outer loop
      vertex 93.6914 -1.78467 2.6
      vertex 91.0709 -2.87012 2.6
      vertex 93.6674 -1.71377 2.6
    endloop
  endfacet
  facet normal 0 0 -1
    outer loop
      vertex 90.7556 -1.94114 2.6
      vertex 93.6674 -1.71377 2.6
      vertex 91.0709 -2.87012 2.6
    endloop
  endfacet
  facet normal -0 0 -1
    outer loop
      vertex 93.6674 -1.71377 2.6
      vertex 90.7556 -1.94114 2.6
      vertex 93.4953 -1.20702 2.6
    endloop
  endfacet
  facet normal 0 0 -1
    outer loop
      vertex 102.333 1.71377 2.6
      vertex 105.244 1.94114 2.6
      vertex 102.505 1.20702 2.6
    endloop
  endfacet
  facet normal -0 0 -1
    outer loop
      vertex 105.244 1.94114 2.6
      vertex 102.333 1.71377 2.6
      vertex 104.929 2.87012 2.6
    endloop
  endfacet
  facet normal 0 0 -1
    outer loop
      vertex 102.309 1.78467 2.6
      vertex 104.929 2.87012 2.6
      vertex 102.333 1.71377 2.6
    endloop
  endfacet
  facet normal 0 0 -1
    outer loop
      vertex 102.275 1.85182 2.6
      vertex 104.929 2.87012 2.6
      vertex 102.309 1.78467 2.6
    endloop
  endfacet
  facet normal -0 0 -1
    outer loop
      vertex 104.929 2.87012 2.6
      vertex 102.275 1.85182 2.6
      vertex 104.495 3.75 2.6
    endloop
  endfacet
  facet normal 0 0 -1
    outer loop
      vertex 102.039 2.33178 2.6
      vertex 104.495 3.75 2.6
      vertex 102.275 1.85182 2.6
    endloop
  endfacet
  facet normal 0 0 -1
    outer loop
      vertex 101.741 2.77674 2.6
      vertex 104.495 3.75 2.6
      vertex 102.039 2.33178 2.6
    endloop
  endfacet
  facet normal -0 0 -1
    outer loop
      vertex 104.495 3.75 2.6
      vertex 101.741 2.77674 2.6
      vertex 103.95 4.56571 2.6
    endloop
  endfacet
  facet normal 0 0 -1
    outer loop
      vertex 101.7 2.83899 2.6
      vertex 103.95 4.56571 2.6
      vertex 101.741 2.77674 2.6
    endloop
  endfacet
  facet normal 0 0 -1
    outer loop
      vertex 101.65 2.89529 2.6
      vertex 103.95 4.56571 2.6
      vertex 101.7 2.83899 2.6
    endloop
  endfacet
  facet normal -0 0 -1
    outer loop
      vertex 103.95 4.56571 2.6
      vertex 101.65 2.89529 2.6
      vertex 103.303 5.3033 2.6
    endloop
  endfacet
  facet normal 0 0 -1
    outer loop
      vertex 101.298 3.29763 2.6
      vertex 103.303 5.3033 2.6
      vertex 101.65 2.89529 2.6
    endloop
  endfacet
  facet normal 0 0 -1
    outer loop
      vertex 100.895 3.65048 2.6
      vertex 103.303 5.3033 2.6
      vertex 101.298 3.29763 2.6
    endloop
  endfacet
  facet normal -0 0 -1
    outer loop
      vertex 103.303 5.3033 2.6
      vertex 100.895 3.65048 2.6
      vertex 102.566 5.95015 2.6
    endloop
  endfacet
  facet normal 0 0 -1
    outer loop
      vertex 100.839 3.69985 2.6
      vertex 102.566 5.95015 2.6
      vertex 100.895 3.65048 2.6
    endloop
  endfacet
  facet normal 0 0 -1
    outer loop
      vertex 100.777 3.74145 2.6
      vertex 102.566 5.95015 2.6
      vertex 100.839 3.69985 2.6
    endloop
  endfacet
  facet normal -0 0 -1
    outer loop
      vertex 102.566 5.95015 2.6
      vertex 100.777 3.74145 2.6
      vertex 101.75 6.49519 2.6
    endloop
  endfacet
  facet normal 0 0 -1
    outer loop
      vertex 100.332 4.03876 2.6
      vertex 101.75 6.49519 2.6
      vertex 100.777 3.74145 2.6
    endloop
  endfacet
  facet normal 0 0 -1
    outer loop
      vertex 99.8518 4.27545 2.6
      vertex 101.75 6.49519 2.6
      vertex 100.332 4.03876 2.6
    endloop
  endfacet
  facet normal -0 0 -1
    outer loop
      vertex 101.75 6.49519 2.6
      vertex 99.8518 4.27545 2.6
      vertex 100.87 6.9291 2.6
    endloop
  endfacet
  facet normal 0 0 -1
    outer loop
      vertex 99.7847 4.30856 2.6
      vertex 100.87 6.9291 2.6
      vertex 99.8518 4.27545 2.6
    endloop
  endfacet
  facet normal 0 0 -1
    outer loop
      vertex 99.7138 4.33263 2.6
      vertex 100.87 6.9291 2.6
      vertex 99.7847 4.30856 2.6
    endloop
  endfacet
  facet normal -0 0 -1
    outer loop
      vertex 100.87 6.9291 2.6
      vertex 99.7138 4.33263 2.6
      vertex 99.9411 7.24444 2.6
    endloop
  endfacet
  facet normal 0 0 -1
    outer loop
      vertex 99.207 4.50465 2.6
      vertex 99.9411 7.24444 2.6
      vertex 99.7138 4.33263 2.6
    endloop
  endfacet
  facet normal 0 0 -1
    outer loop
      vertex 99.1336 4.51926 2.6
      vertex 99.9411 7.24444 2.6
      vertex 99.207 4.50465 2.6
    endloop
  endfacet
  facet normal 0 0 -1
    outer loop
      vertex 99.1336 4.51926 2.6
      vertex 98.9789 7.43584 2.6
      vertex 99.9411 7.24444 2.6
    endloop
  endfacet
  facet normal 0 0 -1
    outer loop
      vertex 98.6087 4.62366 2.6
      vertex 98.9789 7.43584 2.6
      vertex 99.1336 4.51926 2.6
    endloop
  endfacet
  facet normal 0 0 -1
    outer loop
      vertex 98.534 4.62856 2.6
      vertex 98.9789 7.43584 2.6
      vertex 98.6087 4.62366 2.6
    endloop
  endfacet
  facet normal 0 0 -1
    outer loop
      vertex 98 7.5 2.6
      vertex 98.534 4.62856 2.6
      vertex 98 4.66356 2.6
    endloop
  endfacet
  facet normal 0 0 -1
    outer loop
      vertex 98.534 4.62856 2.6
      vertex 98 7.5 2.6
      vertex 98.9789 7.43584 2.6
    endloop
  endfacet
  facet normal 0 0 -1
    outer loop
      vertex 97.466 4.62856 2.6
      vertex 98 7.5 2.6
      vertex 98 4.66356 2.6
    endloop
  endfacet
  facet normal 0 0 -1
    outer loop
      vertex 97.0211 7.43584 2.6
      vertex 97.466 4.62856 2.6
      vertex 97.3913 4.62366 2.6
    endloop
  endfacet
  facet normal 0 0 -1
    outer loop
      vertex 97.466 4.62856 2.6
      vertex 97.0211 7.43584 2.6
      vertex 98 7.5 2.6
    endloop
  endfacet
  facet normal 0 0 -1
    outer loop
      vertex 96.8664 4.51926 2.6
      vertex 97.0211 7.43584 2.6
      vertex 97.3913 4.62366 2.6
    endloop
  endfacet
  facet normal 0 0 -1
    outer loop
      vertex 96.0589 7.24444 2.6
      vertex 96.8664 4.51926 2.6
      vertex 96.793 4.50465 2.6
    endloop
  endfacet
  facet normal 0 0 -1
    outer loop
      vertex 96.0589 7.24444 2.6
      vertex 96.793 4.50465 2.6
      vertex 96.2862 4.33263 2.6
    endloop
  endfacet
  facet normal 0 0 -1
    outer loop
      vertex 95.1299 6.9291 2.6
      vertex 96.2862 4.33263 2.6
      vertex 96.2153 4.30856 2.6
    endloop
  endfacet
  facet normal 0 0 -1
    outer loop
      vertex 95.1299 6.9291 2.6
      vertex 96.2153 4.30856 2.6
      vertex 96.1482 4.27545 2.6
    endloop
  endfacet
  facet normal 0 0 -1
    outer loop
      vertex 96.8664 4.51926 2.6
      vertex 96.0589 7.24444 2.6
      vertex 97.0211 7.43584 2.6
    endloop
  endfacet
  facet normal 0 0 -1
    outer loop
      vertex 94.25 6.49519 2.6
      vertex 96.1482 4.27545 2.6
      vertex 95.6682 4.03876 2.6
    endloop
  endfacet
  facet normal 0 0 -1
    outer loop
      vertex 94.25 6.49519 2.6
      vertex 95.6682 4.03876 2.6
      vertex 95.2233 3.74145 2.6
    endloop
  endfacet
  facet normal 0 0 -1
    outer loop
      vertex 93.4343 5.95015 2.6
      vertex 95.2233 3.74145 2.6
      vertex 95.161 3.69985 2.6
    endloop
  endfacet
  facet normal 0 0 -1
    outer loop
      vertex 96.2862 4.33263 2.6
      vertex 95.1299 6.9291 2.6
      vertex 96.0589 7.24444 2.6
    endloop
  endfacet
  facet normal 0 0 -1
    outer loop
      vertex 93.4343 5.95015 2.6
      vertex 95.161 3.69985 2.6
      vertex 95.1047 3.65048 2.6
    endloop
  endfacet
  facet normal 0 0 -1
    outer loop
      vertex 92.6967 5.3033 2.6
      vertex 95.1047 3.65048 2.6
      vertex 94.7024 3.29763 2.6
    endloop
  endfacet
  facet normal 0 0 -1
    outer loop
      vertex 92.6967 5.3033 2.6
      vertex 94.7024 3.29763 2.6
      vertex 94.3495 2.89529 2.6
    endloop
  endfacet
  facet normal 0 0 -1
    outer loop
      vertex 92.0499 4.56571 2.6
      vertex 94.3495 2.89529 2.6
      vertex 94.3001 2.83899 2.6
    endloop
  endfacet
  facet normal 0 0 -1
    outer loop
      vertex 92.0499 4.56571 2.6
      vertex 94.3001 2.83899 2.6
      vertex 94.2586 2.77674 2.6
    endloop
  endfacet
  facet normal 0 0 -1
    outer loop
      vertex 96.1482 4.27545 2.6
      vertex 94.25 6.49519 2.6
      vertex 95.1299 6.9291 2.6
    endloop
  endfacet
  facet normal 0 0 -1
    outer loop
      vertex 91.5048 3.75 2.6
      vertex 94.2586 2.77674 2.6
      vertex 93.9612 2.33178 2.6
    endloop
  endfacet
  facet normal 0 0 -1
    outer loop
      vertex 91.5048 3.75 2.6
      vertex 93.9612 2.33178 2.6
      vertex 93.7245 1.85182 2.6
    endloop
  endfacet
  facet normal 0 0 -1
    outer loop
      vertex 91.0709 2.87012 2.6
      vertex 93.7245 1.85182 2.6
      vertex 93.6914 1.78467 2.6
    endloop
  endfacet
  facet normal 0 0 -1
    outer loop
      vertex 91.0709 2.87012 2.6
      vertex 93.6914 1.78467 2.6
      vertex 93.6674 1.71377 2.6
    endloop
  endfacet
  facet normal 0 0 -1
    outer loop
      vertex 90.7556 1.94114 2.6
      vertex 93.6674 1.71377 2.6
      vertex 93.4953 1.20702 2.6
    endloop
  endfacet
  facet normal 0 0 -1
    outer loop
      vertex 90.7556 1.94114 2.6
      vertex 93.4953 1.20702 2.6
      vertex 93.4807 1.13358 2.6
    endloop
  endfacet
  facet normal 0 0 -1
    outer loop
      vertex 95.2233 3.74145 2.6
      vertex 93.4343 5.95015 2.6
      vertex 94.25 6.49519 2.6
    endloop
  endfacet
  facet normal 0 0 -1
    outer loop
      vertex 90.5642 0.978946 2.6
      vertex 93.4807 1.13358 2.6
      vertex 93.3763 0.608716 2.6
    endloop
  endfacet
  facet normal 0 0 -1
    outer loop
      vertex 90.5642 0.978946 2.6
      vertex 93.3763 0.608716 2.6
      vertex 93.3714 0.534003 2.6
    endloop
  endfacet
  facet normal 0 0 -1
    outer loop
      vertex 90.5 0 2.6
      vertex 93.3714 0.534003 2.6
      vertex 93.3364 0 2.6
    endloop
  endfacet
  facet normal -0 0 -1
    outer loop
      vertex 93.4953 -1.20702 2.6
      vertex 90.7556 -1.94114 2.6
      vertex 93.4807 -1.13358 2.6
    endloop
  endfacet
  facet normal 0 0 -1
    outer loop
      vertex 95.1047 3.65048 2.6
      vertex 92.6967 5.3033 2.6
      vertex 93.4343 5.95015 2.6
    endloop
  endfacet
  facet normal 0 0 -1
    outer loop
      vertex 90.5642 -0.978946 2.6
      vertex 93.4807 -1.13358 2.6
      vertex 90.7556 -1.94114 2.6
    endloop
  endfacet
  facet normal 0 0 -1
    outer loop
      vertex 94.3495 2.89529 2.6
      vertex 92.0499 4.56571 2.6
      vertex 92.6967 5.3033 2.6
    endloop
  endfacet
  facet normal 0 0 -1
    outer loop
      vertex 93.4807 -1.13358 2.6
      vertex 90.5642 -0.978946 2.6
      vertex 93.3763 -0.608716 2.6
    endloop
  endfacet
  facet normal 0 0 -1
    outer loop
      vertex 94.2586 2.77674 2.6
      vertex 91.5048 3.75 2.6
      vertex 92.0499 4.56571 2.6
    endloop
  endfacet
  facet normal -0 0 -1
    outer loop
      vertex 93.3763 -0.608716 2.6
      vertex 90.5642 -0.978946 2.6
      vertex 93.3714 -0.534003 2.6
    endloop
  endfacet
  facet normal 0 0 -1
    outer loop
      vertex 93.7245 1.85182 2.6
      vertex 91.0709 2.87012 2.6
      vertex 91.5048 3.75 2.6
    endloop
  endfacet
  facet normal 0 0 -1
    outer loop
      vertex 90.5 0 2.6
      vertex 93.3714 -0.534003 2.6
      vertex 90.5642 -0.978946 2.6
    endloop
  endfacet
  facet normal 0 0 -1
    outer loop
      vertex 93.6674 1.71377 2.6
      vertex 90.7556 1.94114 2.6
      vertex 91.0709 2.87012 2.6
    endloop
  endfacet
  facet normal 0 0 -1
    outer loop
      vertex 93.3714 -0.534003 2.6
      vertex 90.5 0 2.6
      vertex 93.3364 0 2.6
    endloop
  endfacet
  facet normal -0 0 -1
    outer loop
      vertex 93.4807 1.13358 2.6
      vertex 90.5642 0.978946 2.6
      vertex 90.7556 1.94114 2.6
    endloop
  endfacet
  facet normal -0 0 -1
    outer loop
      vertex 93.3714 0.534003 2.6
      vertex 90.5 0 2.6
      vertex 90.5642 0.978946 2.6
    endloop
  endfacet
  facet normal 0.0654026 0.997859 -0
    outer loop
      vertex 98.9789 7.43584 2.6
      vertex 98 7.5 10
      vertex 98.9789 7.43584 10
    endloop
  endfacet
  facet normal 0.0654026 0.997859 0
    outer loop
      vertex 98 7.5 10
      vertex 98.9789 7.43584 2.6
      vertex 98 7.5 2.6
    endloop
  endfacet
  facet normal 0.831488 0.555542 0
    outer loop
      vertex 104.495 3.75 10
      vertex 103.95 4.56571 2.6
      vertex 103.95 4.56571 10
    endloop
  endfacet
  facet normal 0.831488 0.555542 0
    outer loop
      vertex 103.95 4.56571 2.6
      vertex 104.495 3.75 10
      vertex 104.495 3.75 2.6
    endloop
  endfacet
  facet normal -0.896876 -0.442281 0
    outer loop
      vertex 91.5048 -3.75 2.6
      vertex 91.0709 -2.87012 10
      vertex 91.0709 -2.87012 2.6
    endloop
  endfacet
  facet normal -0.896876 -0.442281 0
    outer loop
      vertex 91.0709 -2.87012 10
      vertex 91.5048 -3.75 2.6
      vertex 91.5048 -3.75 10
    endloop
  endfacet
  facet normal 0.831488 -0.555542 0
    outer loop
      vertex 103.95 -4.56571 10
      vertex 104.495 -3.75 2.6
      vertex 104.495 -3.75 10
    endloop
  endfacet
  facet normal 0.831488 -0.555542 0
    outer loop
      vertex 104.495 -3.75 2.6
      vertex 103.95 -4.56571 10
      vertex 103.95 -4.56571 2.6
    endloop
  endfacet
  facet normal -0.0654026 -0.997859 0
    outer loop
      vertex 97.0211 -7.43584 2.6
      vertex 98 -7.5 10
      vertex 97.0211 -7.43584 10
    endloop
  endfacet
  facet normal -0.0654026 -0.997859 -0
    outer loop
      vertex 98 -7.5 10
      vertex 97.0211 -7.43584 2.6
      vertex 98 -7.5 2.6
    endloop
  endfacet
  facet normal -0.980784 0.195098 0
    outer loop
      vertex 90.5642 0.978946 2.6
      vertex 90.7556 1.94114 10
      vertex 90.7556 1.94114 2.6
    endloop
  endfacet
  facet normal -0.980784 0.195098 0
    outer loop
      vertex 90.7556 1.94114 10
      vertex 90.5642 0.978946 2.6
      vertex 90.5642 0.978946 10
    endloop
  endfacet
  facet normal -0.555575 -0.831466 0
    outer loop
      vertex 93.4343 -5.95015 2.6
      vertex 94.25 -6.49519 10
      vertex 93.4343 -5.95015 10
    endloop
  endfacet
  facet normal -0.555575 -0.831466 -0
    outer loop
      vertex 94.25 -6.49519 10
      vertex 93.4343 -5.95015 2.6
      vertex 94.25 -6.49519 2.6
    endloop
  endfacet
  facet normal -0.555575 0.831466 0
    outer loop
      vertex 94.25 6.49519 2.6
      vertex 93.4343 5.95015 10
      vertex 94.25 6.49519 10
    endloop
  endfacet
  facet normal -0.555575 0.831466 0
    outer loop
      vertex 93.4343 5.95015 10
      vertex 94.25 6.49519 2.6
      vertex 93.4343 5.95015 2.6
    endloop
  endfacet
  facet normal -0.980784 -0.195098 0
    outer loop
      vertex 90.7556 -1.94114 2.6
      vertex 90.5642 -0.978946 10
      vertex 90.5642 -0.978946 2.6
    endloop
  endfacet
  facet normal -0.980784 -0.195098 0
    outer loop
      vertex 90.5642 -0.978946 10
      vertex 90.7556 -1.94114 2.6
      vertex 90.7556 -1.94114 10
    endloop
  endfacet
  facet normal 0.555434 -0.831561 0
    outer loop
      vertex 101.75 -6.49519 2.6
      vertex 102.566 -5.95015 10
      vertex 101.75 -6.49519 10
    endloop
  endfacet
  facet normal 0.555434 -0.831561 0
    outer loop
      vertex 102.566 -5.95015 10
      vertex 101.75 -6.49519 2.6
      vertex 102.566 -5.95015 2.6
    endloop
  endfacet
  facet normal -0.997856 0.0654402 0
    outer loop
      vertex 90.5 0 2.6
      vertex 90.5642 0.978946 10
      vertex 90.5642 0.978946 2.6
    endloop
  endfacet
  facet normal -0.997856 0.0654402 0
    outer loop
      vertex 90.5642 0.978946 10
      vertex 90.5 0 2.6
      vertex 90.5 0 10
    endloop
  endfacet
  facet normal -0.831441 0.555613 0
    outer loop
      vertex 91.5048 3.75 2.6
      vertex 92.0499 4.56571 10
      vertex 92.0499 4.56571 2.6
    endloop
  endfacet
  facet normal -0.831441 0.555613 0
    outer loop
      vertex 92.0499 4.56571 10
      vertex 91.5048 3.75 2.6
      vertex 91.5048 3.75 10
    endloop
  endfacet
  facet normal 0.980667 0.195686 0
    outer loop
      vertex 105.436 0.978946 16
      vertex 105.244 1.94114 12
      vertex 105.244 1.94114 16
    endloop
  endfacet
  facet normal 0.980667 0.195686 0
    outer loop
      vertex 105.244 1.94114 12
      vertex 105.436 0.978946 16
      vertex 105.436 0.978946 12
    endloop
  endfacet
  facet normal 0.99787 0.0652372 0
    outer loop
      vertex 105.5 0 16
      vertex 105.436 0.978946 12
      vertex 105.436 0.978946 16
    endloop
  endfacet
  facet normal 0.99787 0.0652372 0
    outer loop
      vertex 105.436 0.978946 12
      vertex 105.5 0 16
      vertex 105.5 0 12
    endloop
  endfacet
  facet normal 0.947038 0.321123 0
    outer loop
      vertex 105.244 1.94114 16
      vertex 104.929 2.87012 12
      vertex 104.929 2.87012 16
    endloop
  endfacet
  facet normal 0.947038 0.321123 0
    outer loop
      vertex 104.929 2.87012 12
      vertex 105.244 1.94114 16
      vertex 105.244 1.94114 12
    endloop
  endfacet
  facet normal -0.997856 0.0654402 0
    outer loop
      vertex 90.5 0 12
      vertex 90.5642 0.978946 16
      vertex 90.5642 0.978946 12
    endloop
  endfacet
  facet normal -0.997856 0.0654402 0
    outer loop
      vertex 90.5642 0.978946 16
      vertex 90.5 0 12
      vertex 90.5 0 16
    endloop
  endfacet
  facet normal 0.321459 0.946924 -0
    outer loop
      vertex 100.87 6.9291 12
      vertex 99.9411 7.24444 16
      vertex 100.87 6.9291 16
    endloop
  endfacet
  facet normal 0.321459 0.946924 0
    outer loop
      vertex 99.9411 7.24444 16
      vertex 100.87 6.9291 12
      vertex 99.9411 7.24444 12
    endloop
  endfacet
  facet normal 0.195097 0.980784 -0
    outer loop
      vertex 99.9411 7.24444 12
      vertex 98.9789 7.43584 16
      vertex 99.9411 7.24444 16
    endloop
  endfacet
  facet normal 0.195097 0.980784 0
    outer loop
      vertex 98.9789 7.43584 16
      vertex 99.9411 7.24444 12
      vertex 98.9789 7.43584 12
    endloop
  endfacet
  facet normal 0.896836 0.442363 0
    outer loop
      vertex 104.929 2.87012 16
      vertex 104.495 3.75 12
      vertex 104.495 3.75 16
    endloop
  endfacet
  facet normal 0.896836 0.442363 0
    outer loop
      vertex 104.495 3.75 12
      vertex 104.929 2.87012 16
      vertex 104.929 2.87012 12
    endloop
  endfacet
  facet normal 0.195097 -0.980784 0
    outer loop
      vertex 98.9789 -7.43584 12
      vertex 99.9411 -7.24444 16
      vertex 98.9789 -7.43584 16
    endloop
  endfacet
  facet normal 0.195097 -0.980784 0
    outer loop
      vertex 99.9411 -7.24444 16
      vertex 98.9789 -7.43584 12
      vertex 99.9411 -7.24444 12
    endloop
  endfacet
  facet normal 0.0654026 -0.997859 0
    outer loop
      vertex 98 -7.5 12
      vertex 98.9789 -7.43584 16
      vertex 98 -7.5 16
    endloop
  endfacet
  facet normal 0.0654026 -0.997859 0
    outer loop
      vertex 98.9789 -7.43584 16
      vertex 98 -7.5 12
      vertex 98.9789 -7.43584 12
    endloop
  endfacet
  facet normal -0.555575 0.831466 0
    outer loop
      vertex 94.25 6.49519 12
      vertex 93.4343 5.95015 16
      vertex 94.25 6.49519 16
    endloop
  endfacet
  facet normal -0.555575 0.831466 0
    outer loop
      vertex 93.4343 5.95015 16
      vertex 94.25 6.49519 12
      vertex 93.4343 5.95015 12
    endloop
  endfacet
  facet normal 0.659645 0.751578 -0
    outer loop
      vertex 103.303 5.3033 12
      vertex 102.566 5.95015 16
      vertex 103.303 5.3033 16
    endloop
  endfacet
  facet normal 0.659645 0.751578 0
    outer loop
      vertex 102.566 5.95015 16
      vertex 103.303 5.3033 12
      vertex 102.566 5.95015 12
    endloop
  endfacet
  facet normal 0.896836 -0.442363 0
    outer loop
      vertex 104.495 -3.75 16
      vertex 104.929 -2.87012 12
      vertex 104.929 -2.87012 16
    endloop
  endfacet
  facet normal 0.896836 -0.442363 0
    outer loop
      vertex 104.929 -2.87012 12
      vertex 104.495 -3.75 16
      vertex 104.495 -3.75 12
    endloop
  endfacet
  facet normal -0.195097 -0.980784 0
    outer loop
      vertex 96.0589 -7.24444 12
      vertex 97.0211 -7.43584 16
      vertex 96.0589 -7.24444 16
    endloop
  endfacet
  facet normal -0.195097 -0.980784 -0
    outer loop
      vertex 97.0211 -7.43584 16
      vertex 96.0589 -7.24444 12
      vertex 97.0211 -7.43584 12
    endloop
  endfacet
  facet normal -0.896876 0.442281 0
    outer loop
      vertex 91.0709 2.87012 12
      vertex 91.5048 3.75 16
      vertex 91.5048 3.75 12
    endloop
  endfacet
  facet normal -0.896876 0.442281 0
    outer loop
      vertex 91.5048 3.75 16
      vertex 91.0709 2.87012 12
      vertex 91.0709 2.87012 16
    endloop
  endfacet
  facet normal 0.659645 -0.751578 0
    outer loop
      vertex 102.566 -5.95015 12
      vertex 103.303 -5.3033 16
      vertex 102.566 -5.95015 16
    endloop
  endfacet
  facet normal 0.659645 -0.751578 0
    outer loop
      vertex 103.303 -5.3033 16
      vertex 102.566 -5.95015 12
      vertex 103.303 -5.3033 12
    endloop
  endfacet
  facet normal 0.751764 -0.659433 0
    outer loop
      vertex 103.303 -5.3033 16
      vertex 103.95 -4.56571 12
      vertex 103.95 -4.56571 16
    endloop
  endfacet
  facet normal 0.751764 -0.659433 0
    outer loop
      vertex 103.95 -4.56571 12
      vertex 103.303 -5.3033 16
      vertex 103.303 -5.3033 12
    endloop
  endfacet
  facet normal 0.321459 -0.946924 0
    outer loop
      vertex 99.9411 -7.24444 12
      vertex 100.87 -6.9291 16
      vertex 99.9411 -7.24444 16
    endloop
  endfacet
  facet normal 0.321459 -0.946924 0
    outer loop
      vertex 100.87 -6.9291 16
      vertex 99.9411 -7.24444 12
      vertex 100.87 -6.9291 12
    endloop
  endfacet
  facet normal -0.997856 -0.0654402 0
    outer loop
      vertex 90.5642 -0.978946 12
      vertex 90.5 0 16
      vertex 90.5 0 12
    endloop
  endfacet
  facet normal -0.997856 -0.0654402 0
    outer loop
      vertex 90.5 0 16
      vertex 90.5642 -0.978946 12
      vertex 90.5642 -0.978946 16
    endloop
  endfacet
  facet normal -0.659341 0.751844 0
    outer loop
      vertex 93.4343 5.95015 12
      vertex 92.6967 5.3033 16
      vertex 93.4343 5.95015 16
    endloop
  endfacet
  facet normal -0.659341 0.751844 0
    outer loop
      vertex 92.6967 5.3033 16
      vertex 93.4343 5.95015 12
      vertex 92.6967 5.3033 12
    endloop
  endfacet
  facet normal -0.321428 0.946934 0
    outer loop
      vertex 96.0589 7.24444 12
      vertex 95.1299 6.9291 16
      vertex 96.0589 7.24444 16
    endloop
  endfacet
  facet normal -0.321428 0.946934 0
    outer loop
      vertex 95.1299 6.9291 16
      vertex 96.0589 7.24444 12
      vertex 95.1299 6.9291 12
    endloop
  endfacet
  facet normal -0.831441 -0.555613 0
    outer loop
      vertex 92.0499 -4.56571 12
      vertex 91.5048 -3.75 16
      vertex 91.5048 -3.75 12
    endloop
  endfacet
  facet normal -0.831441 -0.555613 0
    outer loop
      vertex 91.5048 -3.75 16
      vertex 92.0499 -4.56571 12
      vertex 92.0499 -4.56571 16
    endloop
  endfacet
  facet normal 0.751764 0.659433 0
    outer loop
      vertex 103.95 4.56571 16
      vertex 103.303 5.3033 12
      vertex 103.303 5.3033 16
    endloop
  endfacet
  facet normal 0.751764 0.659433 0
    outer loop
      vertex 103.303 5.3033 12
      vertex 103.95 4.56571 16
      vertex 103.95 4.56571 12
    endloop
  endfacet
  facet normal -0.321428 -0.946934 0
    outer loop
      vertex 95.1299 -6.9291 12
      vertex 96.0589 -7.24444 16
      vertex 95.1299 -6.9291 16
    endloop
  endfacet
  facet normal -0.321428 -0.946934 -0
    outer loop
      vertex 96.0589 -7.24444 16
      vertex 95.1299 -6.9291 12
      vertex 96.0589 -7.24444 12
    endloop
  endfacet
  facet normal 0.442241 -0.896896 0
    outer loop
      vertex 100.87 -6.9291 12
      vertex 101.75 -6.49519 16
      vertex 100.87 -6.9291 16
    endloop
  endfacet
  facet normal 0.442241 -0.896896 0
    outer loop
      vertex 101.75 -6.49519 16
      vertex 100.87 -6.9291 12
      vertex 101.75 -6.49519 12
    endloop
  endfacet
  facet normal -0.442282 0.896876 0
    outer loop
      vertex 95.1299 6.9291 12
      vertex 94.25 6.49519 16
      vertex 95.1299 6.9291 16
    endloop
  endfacet
  facet normal -0.442282 0.896876 0
    outer loop
      vertex 94.25 6.49519 16
      vertex 95.1299 6.9291 12
      vertex 94.25 6.49519 12
    endloop
  endfacet
  facet normal 0 0 1
    outer loop
      vertex 103.25 0 16
      vertex 105.5 0 16
      vertex 105.436 0.978946 16
    endloop
  endfacet
  facet normal 0 0 1
    outer loop
      vertex 103.205 0.685262 16
      vertex 105.436 0.978946 16
      vertex 105.244 1.94114 16
    endloop
  endfacet
  facet normal 0 0 1
    outer loop
      vertex 105.5 0 16
      vertex 103.25 0 16
      vertex 105.436 -0.978946 16
    endloop
  endfacet
  facet normal 0 0 1
    outer loop
      vertex 103.071 1.3588 16
      vertex 105.244 1.94114 16
      vertex 104.929 2.87012 16
    endloop
  endfacet
  facet normal -0 0 1
    outer loop
      vertex 103.205 -0.685262 16
      vertex 105.436 -0.978946 16
      vertex 103.25 0 16
    endloop
  endfacet
  facet normal 0 0 1
    outer loop
      vertex 102.85 2.00909 16
      vertex 104.929 2.87012 16
      vertex 104.495 3.75 16
    endloop
  endfacet
  facet normal 0 0 1
    outer loop
      vertex 105.436 -0.978946 16
      vertex 103.205 -0.685262 16
      vertex 105.244 -1.94114 16
    endloop
  endfacet
  facet normal 0 0 1
    outer loop
      vertex 102.547 2.625 16
      vertex 104.495 3.75 16
      vertex 103.95 4.56571 16
    endloop
  endfacet
  facet normal -0 0 1
    outer loop
      vertex 103.071 -1.3588 16
      vertex 105.244 -1.94114 16
      vertex 103.205 -0.685262 16
    endloop
  endfacet
  facet normal 0 0 1
    outer loop
      vertex 102.165 3.196 16
      vertex 103.95 4.56571 16
      vertex 103.303 5.3033 16
    endloop
  endfacet
  facet normal 0 0 1
    outer loop
      vertex 105.244 -1.94114 16
      vertex 103.071 -1.3588 16
      vertex 104.929 -2.87012 16
    endloop
  endfacet
  facet normal -0 0 1
    outer loop
      vertex 102.85 -2.00909 16
      vertex 104.929 -2.87012 16
      vertex 103.071 -1.3588 16
    endloop
  endfacet
  facet normal 0 0 1
    outer loop
      vertex 105.436 0.978946 16
      vertex 103.205 0.685262 16
      vertex 103.25 0 16
    endloop
  endfacet
  facet normal 0 0 1
    outer loop
      vertex 105.244 1.94114 16
      vertex 103.071 1.3588 16
      vertex 103.205 0.685262 16
    endloop
  endfacet
  facet normal 0 0 1
    outer loop
      vertex 104.929 2.87012 16
      vertex 102.85 2.00909 16
      vertex 103.071 1.3588 16
    endloop
  endfacet
  facet normal 0 0 1
    outer loop
      vertex 101.712 3.71231 16
      vertex 103.303 5.3033 16
      vertex 102.566 5.95015 16
    endloop
  endfacet
  facet normal 0 0 1
    outer loop
      vertex 104.495 3.75 16
      vertex 102.547 2.625 16
      vertex 102.85 2.00909 16
    endloop
  endfacet
  facet normal 0 0 1
    outer loop
      vertex 103.95 4.56571 16
      vertex 102.165 3.196 16
      vertex 102.547 2.625 16
    endloop
  endfacet
  facet normal 0 0 1
    outer loop
      vertex 101.196 4.1651 16
      vertex 102.566 5.95015 16
      vertex 101.75 6.49519 16
    endloop
  endfacet
  facet normal 0 0 1
    outer loop
      vertex 103.303 5.3033 16
      vertex 101.712 3.71231 16
      vertex 102.165 3.196 16
    endloop
  endfacet
  facet normal 0 0 1
    outer loop
      vertex 102.566 5.95015 16
      vertex 101.196 4.1651 16
      vertex 101.712 3.71231 16
    endloop
  endfacet
  facet normal 0 0 1
    outer loop
      vertex 100.625 4.54663 16
      vertex 101.75 6.49519 16
      vertex 100.87 6.9291 16
    endloop
  endfacet
  facet normal 0 0 1
    outer loop
      vertex 101.75 6.49519 16
      vertex 100.625 4.54663 16
      vertex 101.196 4.1651 16
    endloop
  endfacet
  facet normal 0 0 1
    outer loop
      vertex 100.87 6.9291 16
      vertex 100.009 4.85037 16
      vertex 100.625 4.54663 16
    endloop
  endfacet
  facet normal 0 0 1
    outer loop
      vertex 99.9411 7.24444 16
      vertex 100.009 4.85037 16
      vertex 100.87 6.9291 16
    endloop
  endfacet
  facet normal 0 0 1
    outer loop
      vertex 99.9411 7.24444 16
      vertex 99.3588 5.07111 16
      vertex 100.009 4.85037 16
    endloop
  endfacet
  facet normal 0 0 1
    outer loop
      vertex 98.9789 7.43584 16
      vertex 99.3588 5.07111 16
      vertex 99.9411 7.24444 16
    endloop
  endfacet
  facet normal 0 0 1
    outer loop
      vertex 98.9789 7.43584 16
      vertex 98.6853 5.20508 16
      vertex 99.3588 5.07111 16
    endloop
  endfacet
  facet normal 0 0 1
    outer loop
      vertex 98 7.5 16
      vertex 98.6853 5.20508 16
      vertex 98.9789 7.43584 16
    endloop
  endfacet
  facet normal 0 0 1
    outer loop
      vertex 98 7.5 16
      vertex 98 5.25 16
      vertex 98.6853 5.20508 16
    endloop
  endfacet
  facet normal 0 0 1
    outer loop
      vertex 98 7.5 16
      vertex 97.3147 5.20508 16
      vertex 98 5.25 16
    endloop
  endfacet
  facet normal -0 0 1
    outer loop
      vertex 97.0211 7.43584 16
      vertex 97.3147 5.20508 16
      vertex 98 7.5 16
    endloop
  endfacet
  facet normal 0 0 1
    outer loop
      vertex 97.0211 7.43584 16
      vertex 96.6412 5.07111 16
      vertex 97.3147 5.20508 16
    endloop
  endfacet
  facet normal -0 0 1
    outer loop
      vertex 96.0589 7.24444 16
      vertex 96.6412 5.07111 16
      vertex 97.0211 7.43584 16
    endloop
  endfacet
  facet normal 0 0 1
    outer loop
      vertex 96.0589 7.24444 16
      vertex 95.9909 4.85037 16
      vertex 96.6412 5.07111 16
    endloop
  endfacet
  facet normal -0 0 1
    outer loop
      vertex 95.1299 6.9291 16
      vertex 95.9909 4.85037 16
      vertex 96.0589 7.24444 16
    endloop
  endfacet
  facet normal 0 0 1
    outer loop
      vertex 95.9909 4.85037 16
      vertex 95.1299 6.9291 16
      vertex 95.375 4.54663 16
    endloop
  endfacet
  facet normal -0 0 1
    outer loop
      vertex 94.25 6.49519 16
      vertex 95.375 4.54663 16
      vertex 95.1299 6.9291 16
    endloop
  endfacet
  facet normal 0 0 1
    outer loop
      vertex 95.375 4.54663 16
      vertex 94.25 6.49519 16
      vertex 94.804 4.1651 16
    endloop
  endfacet
  facet normal -0 0 1
    outer loop
      vertex 93.4343 5.95015 16
      vertex 94.804 4.1651 16
      vertex 94.25 6.49519 16
    endloop
  endfacet
  facet normal 0 0 1
    outer loop
      vertex 94.804 4.1651 16
      vertex 93.4343 5.95015 16
      vertex 94.2877 3.71231 16
    endloop
  endfacet
  facet normal -0 0 1
    outer loop
      vertex 92.6967 5.3033 16
      vertex 94.2877 3.71231 16
      vertex 93.4343 5.95015 16
    endloop
  endfacet
  facet normal 0 0 1
    outer loop
      vertex 94.2877 3.71231 16
      vertex 92.6967 5.3033 16
      vertex 93.8349 3.196 16
    endloop
  endfacet
  facet normal -0 0 1
    outer loop
      vertex 92.0499 4.56571 16
      vertex 93.8349 3.196 16
      vertex 92.6967 5.3033 16
    endloop
  endfacet
  facet normal 0 0 1
    outer loop
      vertex 93.8349 3.196 16
      vertex 92.0499 4.56571 16
      vertex 93.4534 2.625 16
    endloop
  endfacet
  facet normal -0 0 1
    outer loop
      vertex 91.5048 3.75 16
      vertex 93.4534 2.625 16
      vertex 92.0499 4.56571 16
    endloop
  endfacet
  facet normal -0 0 1
    outer loop
      vertex 91.0709 2.87012 16
      vertex 93.1496 2.00909 16
      vertex 91.5048 3.75 16
    endloop
  endfacet
  facet normal 0 0 1
    outer loop
      vertex 93.4534 2.625 16
      vertex 91.5048 3.75 16
      vertex 93.1496 2.00909 16
    endloop
  endfacet
  facet normal 0 0 1
    outer loop
      vertex 104.929 -2.87012 16
      vertex 102.85 -2.00909 16
      vertex 104.495 -3.75 16
    endloop
  endfacet
  facet normal -0 0 1
    outer loop
      vertex 102.547 -2.625 16
      vertex 104.495 -3.75 16
      vertex 102.85 -2.00909 16
    endloop
  endfacet
  facet normal 0 0 1
    outer loop
      vertex 104.495 -3.75 16
      vertex 102.547 -2.625 16
      vertex 103.95 -4.56571 16
    endloop
  endfacet
  facet normal -0 0 1
    outer loop
      vertex 102.165 -3.196 16
      vertex 103.95 -4.56571 16
      vertex 102.547 -2.625 16
    endloop
  endfacet
  facet normal 0 0 1
    outer loop
      vertex 103.95 -4.56571 16
      vertex 102.165 -3.196 16
      vertex 103.303 -5.3033 16
    endloop
  endfacet
  facet normal -0 0 1
    outer loop
      vertex 101.712 -3.71231 16
      vertex 103.303 -5.3033 16
      vertex 102.165 -3.196 16
    endloop
  endfacet
  facet normal 0 0 1
    outer loop
      vertex 103.303 -5.3033 16
      vertex 101.712 -3.71231 16
      vertex 102.566 -5.95015 16
    endloop
  endfacet
  facet normal -0 0 1
    outer loop
      vertex 101.196 -4.1651 16
      vertex 102.566 -5.95015 16
      vertex 101.712 -3.71231 16
    endloop
  endfacet
  facet normal 0 0 1
    outer loop
      vertex 102.566 -5.95015 16
      vertex 101.196 -4.1651 16
      vertex 101.75 -6.49519 16
    endloop
  endfacet
  facet normal -0 0 1
    outer loop
      vertex 100.625 -4.54663 16
      vertex 101.75 -6.49519 16
      vertex 101.196 -4.1651 16
    endloop
  endfacet
  facet normal 0 0 1
    outer loop
      vertex 101.75 -6.49519 16
      vertex 100.625 -4.54663 16
      vertex 100.87 -6.9291 16
    endloop
  endfacet
  facet normal -0 0 1
    outer loop
      vertex 100.009 -4.85037 16
      vertex 100.87 -6.9291 16
      vertex 100.625 -4.54663 16
    endloop
  endfacet
  facet normal 0 0 1
    outer loop
      vertex 100.009 -4.85037 16
      vertex 99.9411 -7.24444 16
      vertex 100.87 -6.9291 16
    endloop
  endfacet
  facet normal -0 0 1
    outer loop
      vertex 99.3588 -5.07111 16
      vertex 99.9411 -7.24444 16
      vertex 100.009 -4.85037 16
    endloop
  endfacet
  facet normal 0 0 1
    outer loop
      vertex 99.3588 -5.07111 16
      vertex 98.9789 -7.43584 16
      vertex 99.9411 -7.24444 16
    endloop
  endfacet
  facet normal -0 0 1
    outer loop
      vertex 98.6853 -5.20508 16
      vertex 98.9789 -7.43584 16
      vertex 99.3588 -5.07111 16
    endloop
  endfacet
  facet normal -0 0 1
    outer loop
      vertex 98 -5.25 16
      vertex 98.9789 -7.43584 16
      vertex 98.6853 -5.20508 16
    endloop
  endfacet
  facet normal 0 0 1
    outer loop
      vertex 98 -5.25 16
      vertex 98 -7.5 16
      vertex 98.9789 -7.43584 16
    endloop
  endfacet
  facet normal 0 0 1
    outer loop
      vertex 97.3147 -5.20508 16
      vertex 98 -7.5 16
      vertex 98 -5.25 16
    endloop
  endfacet
  facet normal 0 0 1
    outer loop
      vertex 97.3147 -5.20508 16
      vertex 97.0211 -7.43584 16
      vertex 98 -7.5 16
    endloop
  endfacet
  facet normal 0 0 1
    outer loop
      vertex 96.6412 -5.07111 16
      vertex 97.0211 -7.43584 16
      vertex 97.3147 -5.20508 16
    endloop
  endfacet
  facet normal 0 0 1
    outer loop
      vertex 96.6412 -5.07111 16
      vertex 96.0589 -7.24444 16
      vertex 97.0211 -7.43584 16
    endloop
  endfacet
  facet normal 0 0 1
    outer loop
      vertex 95.9909 -4.85037 16
      vertex 96.0589 -7.24444 16
      vertex 96.6412 -5.07111 16
    endloop
  endfacet
  facet normal 0 0 1
    outer loop
      vertex 95.1299 -6.9291 16
      vertex 95.9909 -4.85037 16
      vertex 95.375 -4.54663 16
    endloop
  endfacet
  facet normal 0 0 1
    outer loop
      vertex 95.9909 -4.85037 16
      vertex 95.1299 -6.9291 16
      vertex 96.0589 -7.24444 16
    endloop
  endfacet
  facet normal 0 0 1
    outer loop
      vertex 94.25 -6.49519 16
      vertex 95.375 -4.54663 16
      vertex 94.804 -4.1651 16
    endloop
  endfacet
  facet normal 0 0 1
    outer loop
      vertex 93.4343 -5.95015 16
      vertex 94.804 -4.1651 16
      vertex 94.2877 -3.71231 16
    endloop
  endfacet
  facet normal 0 0 1
    outer loop
      vertex 95.375 -4.54663 16
      vertex 94.25 -6.49519 16
      vertex 95.1299 -6.9291 16
    endloop
  endfacet
  facet normal 0 0 1
    outer loop
      vertex 92.6967 -5.3033 16
      vertex 94.2877 -3.71231 16
      vertex 93.8349 -3.196 16
    endloop
  endfacet
  facet normal 0 0 1
    outer loop
      vertex 92.0499 -4.56571 16
      vertex 93.8349 -3.196 16
      vertex 93.4534 -2.625 16
    endloop
  endfacet
  facet normal 0 0 1
    outer loop
      vertex 94.804 -4.1651 16
      vertex 93.4343 -5.95015 16
      vertex 94.25 -6.49519 16
    endloop
  endfacet
  facet normal 0 0 1
    outer loop
      vertex 91.5048 -3.75 16
      vertex 93.4534 -2.625 16
      vertex 93.1496 -2.00909 16
    endloop
  endfacet
  facet normal 0 0 1
    outer loop
      vertex 91.0709 -2.87012 16
      vertex 93.1496 -2.00909 16
      vertex 92.9289 -1.3588 16
    endloop
  endfacet
  facet normal 0 0 1
    outer loop
      vertex 90.7556 -1.94114 16
      vertex 92.9289 -1.3588 16
      vertex 92.7949 -0.685262 16
    endloop
  endfacet
  facet normal 0 0 1
    outer loop
      vertex 94.2877 -3.71231 16
      vertex 92.6967 -5.3033 16
      vertex 93.4343 -5.95015 16
    endloop
  endfacet
  facet normal 0 0 1
    outer loop
      vertex 90.5642 -0.978946 16
      vertex 92.7949 -0.685262 16
      vertex 92.75 0 16
    endloop
  endfacet
  facet normal 0 0 1
    outer loop
      vertex 93.1496 2.00909 16
      vertex 91.0709 2.87012 16
      vertex 92.9289 1.3588 16
    endloop
  endfacet
  facet normal -0 0 1
    outer loop
      vertex 90.7556 1.94114 16
      vertex 92.9289 1.3588 16
      vertex 91.0709 2.87012 16
    endloop
  endfacet
  facet normal 0 0 1
    outer loop
      vertex 93.8349 -3.196 16
      vertex 92.0499 -4.56571 16
      vertex 92.6967 -5.3033 16
    endloop
  endfacet
  facet normal 0 0 1
    outer loop
      vertex 92.9289 1.3588 16
      vertex 90.7556 1.94114 16
      vertex 92.7949 0.685262 16
    endloop
  endfacet
  facet normal 0 0 1
    outer loop
      vertex 93.4534 -2.625 16
      vertex 91.5048 -3.75 16
      vertex 92.0499 -4.56571 16
    endloop
  endfacet
  facet normal -0 0 1
    outer loop
      vertex 90.5642 0.978946 16
      vertex 92.7949 0.685262 16
      vertex 90.7556 1.94114 16
    endloop
  endfacet
  facet normal 0 0 1
    outer loop
      vertex 93.1496 -2.00909 16
      vertex 91.0709 -2.87012 16
      vertex 91.5048 -3.75 16
    endloop
  endfacet
  facet normal 0 0 1
    outer loop
      vertex 92.7949 0.685262 16
      vertex 90.5642 0.978946 16
      vertex 92.75 0 16
    endloop
  endfacet
  facet normal 0 0 1
    outer loop
      vertex 92.9289 -1.3588 16
      vertex 90.7556 -1.94114 16
      vertex 91.0709 -2.87012 16
    endloop
  endfacet
  facet normal 0 0 1
    outer loop
      vertex 90.5 0 16
      vertex 92.75 0 16
      vertex 90.5642 0.978946 16
    endloop
  endfacet
  facet normal 0 0 1
    outer loop
      vertex 92.7949 -0.685262 16
      vertex 90.5642 -0.978946 16
      vertex 90.7556 -1.94114 16
    endloop
  endfacet
  facet normal 0 0 1
    outer loop
      vertex 92.75 0 16
      vertex 90.5 0 16
      vertex 90.5642 -0.978946 16
    endloop
  endfacet
  facet normal 0.980667 -0.195686 0
    outer loop
      vertex 105.244 -1.94114 16
      vertex 105.436 -0.978946 12
      vertex 105.436 -0.978946 16
    endloop
  endfacet
  facet normal 0.980667 -0.195686 0
    outer loop
      vertex 105.436 -0.978946 12
      vertex 105.244 -1.94114 16
      vertex 105.244 -1.94114 12
    endloop
  endfacet
  facet normal -0.946944 -0.321397 0
    outer loop
      vertex 91.0709 -2.87012 12
      vertex 90.7556 -1.94114 16
      vertex 90.7556 -1.94114 12
    endloop
  endfacet
  facet normal -0.946944 -0.321397 0
    outer loop
      vertex 90.7556 -1.94114 16
      vertex 91.0709 -2.87012 12
      vertex 91.0709 -2.87012 16
    endloop
  endfacet
  facet normal 0.947038 -0.321123 0
    outer loop
      vertex 104.929 -2.87012 16
      vertex 105.244 -1.94114 12
      vertex 105.244 -1.94114 16
    endloop
  endfacet
  facet normal 0.947038 -0.321123 0
    outer loop
      vertex 105.244 -1.94114 12
      vertex 104.929 -2.87012 16
      vertex 104.929 -2.87012 12
    endloop
  endfacet
  facet normal 0.555434 0.831561 -0
    outer loop
      vertex 102.566 5.95015 12
      vertex 101.75 6.49519 16
      vertex 102.566 5.95015 16
    endloop
  endfacet
  facet normal 0.555434 0.831561 0
    outer loop
      vertex 101.75 6.49519 16
      vertex 102.566 5.95015 12
      vertex 101.75 6.49519 12
    endloop
  endfacet
  facet normal 0.442241 0.896896 -0
    outer loop
      vertex 101.75 6.49519 12
      vertex 100.87 6.9291 16
      vertex 101.75 6.49519 16
    endloop
  endfacet
  facet normal 0.442241 0.896896 0
    outer loop
      vertex 100.87 6.9291 16
      vertex 101.75 6.49519 12
      vertex 100.87 6.9291 12
    endloop
  endfacet
  facet normal -0.195097 0.980784 0
    outer loop
      vertex 97.0211 7.43584 12
      vertex 96.0589 7.24444 16
      vertex 97.0211 7.43584 16
    endloop
  endfacet
  facet normal -0.195097 0.980784 0
    outer loop
      vertex 96.0589 7.24444 16
      vertex 97.0211 7.43584 12
      vertex 96.0589 7.24444 12
    endloop
  endfacet
  facet normal -0.442282 -0.896876 0
    outer loop
      vertex 94.25 -6.49519 12
      vertex 95.1299 -6.9291 16
      vertex 94.25 -6.49519 16
    endloop
  endfacet
  facet normal -0.442282 -0.896876 -0
    outer loop
      vertex 95.1299 -6.9291 16
      vertex 94.25 -6.49519 12
      vertex 95.1299 -6.9291 12
    endloop
  endfacet
  facet normal -0.0654026 0.997859 0
    outer loop
      vertex 98 7.5 12
      vertex 97.0211 7.43584 16
      vertex 98 7.5 16
    endloop
  endfacet
  facet normal -0.0654026 0.997859 0
    outer loop
      vertex 97.0211 7.43584 16
      vertex 98 7.5 12
      vertex 97.0211 7.43584 12
    endloop
  endfacet
  facet normal -0.751865 0.659318 0
    outer loop
      vertex 92.0499 4.56571 12
      vertex 92.6967 5.3033 16
      vertex 92.6967 5.3033 12
    endloop
  endfacet
  facet normal -0.751865 0.659318 0
    outer loop
      vertex 92.6967 5.3033 16
      vertex 92.0499 4.56571 12
      vertex 92.0499 4.56571 16
    endloop
  endfacet
  facet normal 0.99787 -0.0652372 0
    outer loop
      vertex 105.436 -0.978946 16
      vertex 105.5 0 12
      vertex 105.5 0 16
    endloop
  endfacet
  facet normal 0.99787 -0.0652372 0
    outer loop
      vertex 105.5 0 12
      vertex 105.436 -0.978946 16
      vertex 105.436 -0.978946 12
    endloop
  endfacet
  facet normal -0.946944 0.321397 0
    outer loop
      vertex 90.7556 1.94114 12
      vertex 91.0709 2.87012 16
      vertex 91.0709 2.87012 12
    endloop
  endfacet
  facet normal -0.946944 0.321397 0
    outer loop
      vertex 91.0709 2.87012 16
      vertex 90.7556 1.94114 12
      vertex 90.7556 1.94114 16
    endloop
  endfacet
  facet normal -0.659341 -0.751844 0
    outer loop
      vertex 92.6967 -5.3033 12
      vertex 93.4343 -5.95015 16
      vertex 92.6967 -5.3033 16
    endloop
  endfacet
  facet normal -0.659341 -0.751844 -0
    outer loop
      vertex 93.4343 -5.95015 16
      vertex 92.6967 -5.3033 12
      vertex 93.4343 -5.95015 12
    endloop
  endfacet
  facet normal 0.0654026 0.997859 -0
    outer loop
      vertex 98.9789 7.43584 12
      vertex 98 7.5 16
      vertex 98.9789 7.43584 16
    endloop
  endfacet
  facet normal 0.0654026 0.997859 0
    outer loop
      vertex 98 7.5 16
      vertex 98.9789 7.43584 12
      vertex 98 7.5 12
    endloop
  endfacet
  facet normal 0.831488 0.555542 0
    outer loop
      vertex 104.495 3.75 16
      vertex 103.95 4.56571 12
      vertex 103.95 4.56571 16
    endloop
  endfacet
  facet normal 0.831488 0.555542 0
    outer loop
      vertex 103.95 4.56571 12
      vertex 104.495 3.75 16
      vertex 104.495 3.75 12
    endloop
  endfacet
  facet normal -0.896876 -0.442281 0
    outer loop
      vertex 91.5048 -3.75 12
      vertex 91.0709 -2.87012 16
      vertex 91.0709 -2.87012 12
    endloop
  endfacet
  facet normal -0.896876 -0.442281 0
    outer loop
      vertex 91.0709 -2.87012 16
      vertex 91.5048 -3.75 12
      vertex 91.5048 -3.75 16
    endloop
  endfacet
  facet normal 0.831488 -0.555542 0
    outer loop
      vertex 103.95 -4.56571 16
      vertex 104.495 -3.75 12
      vertex 104.495 -3.75 16
    endloop
  endfacet
  facet normal 0.831488 -0.555542 0
    outer loop
      vertex 104.495 -3.75 12
      vertex 103.95 -4.56571 16
      vertex 103.95 -4.56571 12
    endloop
  endfacet
  facet normal -0.0654026 -0.997859 0
    outer loop
      vertex 97.0211 -7.43584 12
      vertex 98 -7.5 16
      vertex 97.0211 -7.43584 16
    endloop
  endfacet
  facet normal -0.0654026 -0.997859 -0
    outer loop
      vertex 98 -7.5 16
      vertex 97.0211 -7.43584 12
      vertex 98 -7.5 12
    endloop
  endfacet
  facet normal -0.980784 0.195098 0
    outer loop
      vertex 90.5642 0.978946 12
      vertex 90.7556 1.94114 16
      vertex 90.7556 1.94114 12
    endloop
  endfacet
  facet normal -0.980784 0.195098 0
    outer loop
      vertex 90.7556 1.94114 16
      vertex 90.5642 0.978946 12
      vertex 90.5642 0.978946 16
    endloop
  endfacet
  facet normal -0.555575 -0.831466 0
    outer loop
      vertex 93.4343 -5.95015 12
      vertex 94.25 -6.49519 16
      vertex 93.4343 -5.95015 16
    endloop
  endfacet
  facet normal -0.555575 -0.831466 -0
    outer loop
      vertex 94.25 -6.49519 16
      vertex 93.4343 -5.95015 12
      vertex 94.25 -6.49519 12
    endloop
  endfacet
  facet normal -0.980784 -0.195098 0
    outer loop
      vertex 90.7556 -1.94114 12
      vertex 90.5642 -0.978946 16
      vertex 90.5642 -0.978946 12
    endloop
  endfacet
  facet normal -0.980784 -0.195098 0
    outer loop
      vertex 90.5642 -0.978946 16
      vertex 90.7556 -1.94114 12
      vertex 90.7556 -1.94114 16
    endloop
  endfacet
  facet normal -0.751865 -0.659318 0
    outer loop
      vertex 92.6967 -5.3033 12
      vertex 92.0499 -4.56571 16
      vertex 92.0499 -4.56571 12
    endloop
  endfacet
  facet normal -0.751865 -0.659318 0
    outer loop
      vertex 92.0499 -4.56571 16
      vertex 92.6967 -5.3033 12
      vertex 92.6967 -5.3033 16
    endloop
  endfacet
  facet normal 0.555434 -0.831561 0
    outer loop
      vertex 101.75 -6.49519 12
      vertex 102.566 -5.95015 16
      vertex 101.75 -6.49519 16
    endloop
  endfacet
  facet normal 0.555434 -0.831561 0
    outer loop
      vertex 102.566 -5.95015 16
      vertex 101.75 -6.49519 12
      vertex 102.566 -5.95015 12
    endloop
  endfacet
  facet normal -0.831441 0.555613 0
    outer loop
      vertex 91.5048 3.75 12
      vertex 92.0499 4.56571 16
      vertex 92.0499 4.56571 12
    endloop
  endfacet
  facet normal -0.831441 0.555613 0
    outer loop
      vertex 92.0499 4.56571 16
      vertex 91.5048 3.75 12
      vertex 91.5048 3.75 16
    endloop
  endfacet
  facet normal 0.442375 -0.89683 0
    outer loop
      vertex 103.827 -24.2388 10
      vertex 105 -23.6602 32
      vertex 103.827 -24.2388 32
    endloop
  endfacet
  facet normal 0.442375 -0.89683 0
    outer loop
      vertex 105 -23.6602 32
      vertex 103.827 -24.2388 10
      vertex 105 -23.6602 10
    endloop
  endfacet
  facet normal -0.980785 -0.19509 0
    outer loop
      vertex 0.136292 -26.0353 10
      vertex 0.0342102 -25.5221 32
      vertex 0.0342102 -25.5221 10
    endloop
  endfacet
  facet normal -0.980785 -0.19509 0
    outer loop
      vertex 0.0342102 -25.5221 32
      vertex 0.136292 -26.0353 10
      vertex 0.136292 -26.0353 32
    endloop
  endfacet
  facet normal -0.99786 -0.065384 0
    outer loop
      vertex 0.0342102 -25.5221 10
      vertex 0 -25 32
      vertex 0 -25 10
    endloop
  endfacet
  facet normal -0.99786 -0.065384 0
    outer loop
      vertex 0 -25 32
      vertex 0.0342102 -25.5221 10
      vertex 0.0342102 -25.5221 32
    endloop
  endfacet
  facet normal 0.12265 0.99245 -0
    outer loop
      vertex 101.305 24.9144 10
      vertex 68.5221 28.9658 32
      vertex 101.305 24.9144 32
    endloop
  endfacet
  facet normal 0.12265 0.99245 0
    outer loop
      vertex 68.5221 28.9658 32
      vertex 101.305 24.9144 10
      vertex 68.5221 28.9658 10
    endloop
  endfacet
  facet normal -0.195135 0.980776 0
    outer loop
      vertex 3.47789 28.9658 10
      vertex 2.96472 28.8637 32
      vertex 3.47789 28.9658 32
    endloop
  endfacet
  facet normal -0.195135 0.980776 0
    outer loop
      vertex 2.96472 28.8637 32
      vertex 3.47789 28.9658 10
      vertex 2.96472 28.8637 10
    endloop
  endfacet
  facet normal -0.831437 0.55562 0
    outer loop
      vertex 0.535889 27 10
      vertex 0.826584 27.435 32
      vertex 0.826584 27.435 10
    endloop
  endfacet
  facet normal -0.831437 0.55562 0
    outer loop
      vertex 0.826584 27.435 32
      vertex 0.535889 27 10
      vertex 0.535889 27 32
    endloop
  endfacet
  facet normal 0.195013 0.980801 -0
    outer loop
      vertex 102.588 24.6593 10
      vertex 101.305 24.9144 32
      vertex 102.588 24.6593 32
    endloop
  endfacet
  facet normal 0.195013 0.980801 0
    outer loop
      vertex 101.305 24.9144 32
      vertex 102.588 24.6593 10
      vertex 101.305 24.9144 10
    endloop
  endfacet
  facet normal 0.751653 -0.659559 0
    outer loop
      vertex 107.071 -22.0711 32
      vertex 107.934 -21.0876 10
      vertex 107.934 -21.0876 32
    endloop
  endfacet
  facet normal 0.751653 -0.659559 0
    outer loop
      vertex 107.934 -21.0876 10
      vertex 107.071 -22.0711 32
      vertex 107.071 -22.0711 10
    endloop
  endfacet
  facet normal 0 -1 0
    outer loop
      vertex 15.1556 -29 17.8315
      vertex 17.7 -29 32
      vertex 4 -29 32
    endloop
  endfacet
  facet normal 0 -1 0
    outer loop
      vertex 17.7 -29 32
      vertex 15.1556 -29 17.8315
      vertex 15.5 -29 17.9
    endloop
  endfacet
  facet normal 0 -1 0
    outer loop
      vertex 4 -29 32
      vertex 14.8636 -29 17.6364
      vertex 15.1556 -29 17.8315
    endloop
  endfacet
  facet normal 0 -1 0
    outer loop
      vertex 4 -29 32
      vertex 14.6685 -29 17.3444
      vertex 14.8636 -29 17.6364
    endloop
  endfacet
  facet normal 0 -1 0
    outer loop
      vertex 4 -29 10
      vertex 14.6685 -29 17.3444
      vertex 4 -29 32
    endloop
  endfacet
  facet normal 0 -1 0
    outer loop
      vertex 14.6685 -29 17.3444
      vertex 4 -29 10
      vertex 14.6 -29 17
    endloop
  endfacet
  facet normal 0 -1 -0
    outer loop
      vertex 14.6 -29 17
      vertex 4 -29 10
      vertex 14.6685 -29 16.6556
    endloop
  endfacet
  facet normal 0 -1 0
    outer loop
      vertex 15.8444 -29 16.1685
      vertex 18.1753 -29 15.5998
      vertex 18.0081 -29 15.85
    endloop
  endfacet
  facet normal 0 -1 0
    outer loop
      vertex 15.8444 -29 16.1685
      vertex 18.3737 -29 15.3737
      vertex 18.1753 -29 15.5998
    endloop
  endfacet
  facet normal 0 -1 0
    outer loop
      vertex 4 -29 10
      vertex 15.5 -29 16.1
      vertex 15.1556 -29 16.1685
    endloop
  endfacet
  facet normal 0 -1 0
    outer loop
      vertex 15.5 -29 16.1
      vertex 18.5998 -29 15.1753
      vertex 18.3737 -29 15.3737
    endloop
  endfacet
  facet normal 0 -1 0
    outer loop
      vertex 15.5 -29 16.1
      vertex 18.85 -29 15.0081
      vertex 18.5998 -29 15.1753
    endloop
  endfacet
  facet normal 0 -1 -0
    outer loop
      vertex 15.5 -29 16.1
      vertex 4 -29 10
      vertex 18.85 -29 15.0081
    endloop
  endfacet
  facet normal 0 -1 -0
    outer loop
      vertex 18.85 -29 15.0081
      vertex 4 -29 10
      vertex 19.1198 -29 14.8751
    endloop
  endfacet
  facet normal 0 -1 -0
    outer loop
      vertex 19.6998 -29 14.7197
      vertex 4 -29 10
      vertex 20 -29 14.7
    endloop
  endfacet
  facet normal 0 -1 -0
    outer loop
      vertex 19.4047 -29 14.7784
      vertex 4 -29 10
      vertex 19.6998 -29 14.7197
    endloop
  endfacet
  facet normal 0 -1 -0
    outer loop
      vertex 19.1198 -29 14.8751
      vertex 4 -29 10
      vertex 19.4047 -29 14.7784
    endloop
  endfacet
  facet normal 0 -1 -0
    outer loop
      vertex 14.8636 -29 16.3636
      vertex 4 -29 10
      vertex 15.1556 -29 16.1685
    endloop
  endfacet
  facet normal 0 -1 -0
    outer loop
      vertex 14.6685 -29 16.6556
      vertex 4 -29 10
      vertex 14.8636 -29 16.3636
    endloop
  endfacet
  facet normal 0 -1 0
    outer loop
      vertex 15.8444 -29 17.8315
      vertex 17.7 -29 32
      vertex 15.5 -29 17.9
    endloop
  endfacet
  facet normal 0 -1 0
    outer loop
      vertex 17.7 -29 17
      vertex 15.8444 -29 17.8315
      vertex 16.1364 -29 17.6364
    endloop
  endfacet
  facet normal 0 -1 0
    outer loop
      vertex 17.7 -29 17
      vertex 16.1364 -29 17.6364
      vertex 16.3315 -29 17.3444
    endloop
  endfacet
  facet normal 0 -1 0
    outer loop
      vertex 17.7 -29 17
      vertex 16.3315 -29 17.3444
      vertex 16.4 -29 17
    endloop
  endfacet
  facet normal 0 -1 0
    outer loop
      vertex 15.8444 -29 17.8315
      vertex 17.7 -29 17
      vertex 17.7 -29 32
    endloop
  endfacet
  facet normal 0 -1 0
    outer loop
      vertex 16.4 -29 17
      vertex 17.7197 -29 16.6998
      vertex 17.7 -29 17
    endloop
  endfacet
  facet normal 0 -1 0
    outer loop
      vertex 16.3315 -29 16.6556
      vertex 17.7197 -29 16.6998
      vertex 16.4 -29 17
    endloop
  endfacet
  facet normal 0 -1 0
    outer loop
      vertex 16.3315 -29 16.6556
      vertex 17.7784 -29 16.4047
      vertex 17.7197 -29 16.6998
    endloop
  endfacet
  facet normal 0 -1 0
    outer loop
      vertex 16.1364 -29 16.3636
      vertex 17.7784 -29 16.4047
      vertex 16.3315 -29 16.6556
    endloop
  endfacet
  facet normal 0 -1 0
    outer loop
      vertex 18.0081 -29 15.85
      vertex 16.1364 -29 16.3636
      vertex 15.8444 -29 16.1685
    endloop
  endfacet
  facet normal 0 -1 0
    outer loop
      vertex 16.1364 -29 16.3636
      vertex 17.8751 -29 16.1198
      vertex 17.7784 -29 16.4047
    endloop
  endfacet
  facet normal 0 -1 0
    outer loop
      vertex 18.3737 -29 15.3737
      vertex 15.8444 -29 16.1685
      vertex 15.5 -29 16.1
    endloop
  endfacet
  facet normal 0 -1 0
    outer loop
      vertex 16.1364 -29 16.3636
      vertex 18.0081 -29 15.85
      vertex 17.8751 -29 16.1198
    endloop
  endfacet
  facet normal 0 -1 0
    outer loop
      vertex 24.8444 -29 17.8315
      vertex 22.3 -29 32
      vertex 24.5 -29 17.9
    endloop
  endfacet
  facet normal 0 -1 0
    outer loop
      vertex 22.3 -29 32
      vertex 24.1556 -29 17.8315
      vertex 24.5 -29 17.9
    endloop
  endfacet
  facet normal 0 -1 0
    outer loop
      vertex 22.3 -29 17
      vertex 24.1556 -29 17.8315
      vertex 22.3 -29 32
    endloop
  endfacet
  facet normal 0 -1 0
    outer loop
      vertex 24.1556 -29 17.8315
      vertex 22.3 -29 17
      vertex 23.8636 -29 17.6364
    endloop
  endfacet
  facet normal 0 -1 0
    outer loop
      vertex 23.8636 -29 17.6364
      vertex 22.3 -29 17
      vertex 23.6685 -29 17.3444
    endloop
  endfacet
  facet normal 0 -1 0
    outer loop
      vertex 22.3 -29 17
      vertex 23.6 -29 17
      vertex 23.6685 -29 17.3444
    endloop
  endfacet
  facet normal 0 -1 0
    outer loop
      vertex 22.2803 -29 16.6998
      vertex 23.6 -29 17
      vertex 22.3 -29 17
    endloop
  endfacet
  facet normal 0 -1 0
    outer loop
      vertex 22.2803 -29 16.6998
      vertex 23.6685 -29 16.6556
      vertex 23.6 -29 17
    endloop
  endfacet
  facet normal 0 -1 0
    outer loop
      vertex 22.2216 -29 16.4047
      vertex 23.6685 -29 16.6556
      vertex 22.2803 -29 16.6998
    endloop
  endfacet
  facet normal 0 -1 0
    outer loop
      vertex 22.2216 -29 16.4047
      vertex 23.8636 -29 16.3636
      vertex 23.6685 -29 16.6556
    endloop
  endfacet
  facet normal 0 -1 0
    outer loop
      vertex 22.1249 -29 16.1198
      vertex 23.8636 -29 16.3636
      vertex 22.2216 -29 16.4047
    endloop
  endfacet
  facet normal 0 -1 0
    outer loop
      vertex 21.9919 -29 15.85
      vertex 23.8636 -29 16.3636
      vertex 22.1249 -29 16.1198
    endloop
  endfacet
  facet normal 0 -1 -0
    outer loop
      vertex 23.8636 -29 16.3636
      vertex 21.9919 -29 15.85
      vertex 24.1556 -29 16.1685
    endloop
  endfacet
  facet normal 0 -1 0
    outer loop
      vertex 21.8247 -29 15.5998
      vertex 24.1556 -29 16.1685
      vertex 21.9919 -29 15.85
    endloop
  endfacet
  facet normal 0 -1 0
    outer loop
      vertex 25.1364 -29 17.6364
      vertex 22.3 -29 32
      vertex 24.8444 -29 17.8315
    endloop
  endfacet
  facet normal 0 -1 0
    outer loop
      vertex 25.3315 -29 17.3444
      vertex 22.3 -29 32
      vertex 25.1364 -29 17.6364
    endloop
  endfacet
  facet normal 0 -1 0
    outer loop
      vertex 22.3 -29 32
      vertex 25.3315 -29 17.3444
      vertex 68 -29 32
    endloop
  endfacet
  facet normal 0 -1 0
    outer loop
      vertex 25.4 -29 17
      vertex 68 -29 32
      vertex 25.3315 -29 17.3444
    endloop
  endfacet
  facet normal 0 -1 0
    outer loop
      vertex 68 -29 10
      vertex 25.4 -29 17
      vertex 25.3315 -29 16.6556
    endloop
  endfacet
  facet normal 0 -1 0
    outer loop
      vertex 68 -29 10
      vertex 25.3315 -29 16.6556
      vertex 25.1364 -29 16.3636
    endloop
  endfacet
  facet normal 0 -1 0
    outer loop
      vertex 68 -29 10
      vertex 25.1364 -29 16.3636
      vertex 24.8444 -29 16.1685
    endloop
  endfacet
  facet normal 0 -1 0
    outer loop
      vertex 21.6263 -29 15.3737
      vertex 24.1556 -29 16.1685
      vertex 21.8247 -29 15.5998
    endloop
  endfacet
  facet normal 0 -1 -0
    outer loop
      vertex 24.1556 -29 16.1685
      vertex 21.6263 -29 15.3737
      vertex 24.5 -29 16.1
    endloop
  endfacet
  facet normal 0 -1 0
    outer loop
      vertex 21.4002 -29 15.1753
      vertex 24.5 -29 16.1
      vertex 21.6263 -29 15.3737
    endloop
  endfacet
  facet normal 0 -1 0
    outer loop
      vertex 21.15 -29 15.0081
      vertex 24.5 -29 16.1
      vertex 21.4002 -29 15.1753
    endloop
  endfacet
  facet normal 0 -1 0
    outer loop
      vertex 20.8802 -29 14.8751
      vertex 24.5 -29 16.1
      vertex 21.15 -29 15.0081
    endloop
  endfacet
  facet normal 0 -1 -0
    outer loop
      vertex 24.5 -29 16.1
      vertex 20.8802 -29 14.8751
      vertex 24.8444 -29 16.1685
    endloop
  endfacet
  facet normal 0 -1 0
    outer loop
      vertex 68 -29 10
      vertex 20.8802 -29 14.8751
      vertex 20.5953 -29 14.7784
    endloop
  endfacet
  facet normal 0 -1 0
    outer loop
      vertex 4 -29 10
      vertex 20.3002 -29 14.7197
      vertex 20 -29 14.7
    endloop
  endfacet
  facet normal 0 -1 0
    outer loop
      vertex 68 -29 10
      vertex 20.3002 -29 14.7197
      vertex 4 -29 10
    endloop
  endfacet
  facet normal 0 -1 0
    outer loop
      vertex 25.4 -29 17
      vertex 68 -29 10
      vertex 68 -29 32
    endloop
  endfacet
  facet normal 0 -1 0
    outer loop
      vertex 20.8802 -29 14.8751
      vertex 68 -29 10
      vertex 24.8444 -29 16.1685
    endloop
  endfacet
  facet normal 0 -1 0
    outer loop
      vertex 20.3002 -29 14.7197
      vertex 68 -29 10
      vertex 20.5953 -29 14.7784
    endloop
  endfacet
  facet normal 0.997837 0.0657427 0
    outer loop
      vertex 110 15 32
      vertex 109.914 16.3053 10
      vertex 109.914 16.3053 32
    endloop
  endfacet
  facet normal 0.997837 0.0657427 0
    outer loop
      vertex 109.914 16.3053 10
      vertex 110 15 32
      vertex 110 15 10
    endloop
  endfacet
  facet normal -1 0 0
    outer loop
      vertex 0 25 10
      vertex 0 5 19.5
      vertex 0 25 32
    endloop
  endfacet
  facet normal -1 0 0
    outer loop
      vertex 0 25 10
      vertex 0 -5 19.5
      vertex 0 5 19.5
    endloop
  endfacet
  facet normal -1 0 0
    outer loop
      vertex 0 -25 32
      vertex 0 -5 19.5
      vertex 0 -25 10
    endloop
  endfacet
  facet normal -1 0 0
    outer loop
      vertex 0 -25 10
      vertex 0 -5 19.5
      vertex 0 25 10
    endloop
  endfacet
  facet normal -1 0 0
    outer loop
      vertex 0 5 24.5
      vertex 0 25 32
      vertex 0 5 19.5
    endloop
  endfacet
  facet normal -1 0 0
    outer loop
      vertex 0 -5 24.5
      vertex 0 25 32
      vertex 0 5 24.5
    endloop
  endfacet
  facet normal -1 0 0
    outer loop
      vertex 0 -5 24.5
      vertex 0 -25 32
      vertex 0 25 32
    endloop
  endfacet
  facet normal -1 0 0
    outer loop
      vertex 0 -5 19.5
      vertex 0 -25 32
      vertex 0 -5 24.5
    endloop
  endfacet
  facet normal 0.0653646 0.997861 -0
    outer loop
      vertex 68.5221 28.9658 10
      vertex 68 29 32
      vertex 68.5221 28.9658 32
    endloop
  endfacet
  facet normal 0.0653646 0.997861 0
    outer loop
      vertex 68 29 32
      vertex 68.5221 28.9658 10
      vertex 68 29 10
    endloop
  endfacet
  facet normal -0.980785 0.19509 0
    outer loop
      vertex 0.0342102 25.5221 10
      vertex 0.136292 26.0353 32
      vertex 0.136292 26.0353 10
    endloop
  endfacet
  facet normal -0.980785 0.19509 0
    outer loop
      vertex 0.136292 26.0353 32
      vertex 0.0342102 25.5221 10
      vertex 0.0342102 25.5221 32
    endloop
  endfacet
  facet normal -0.555573 0.831468 0
    outer loop
      vertex 2 28.4641 10
      vertex 1.56494 28.1734 32
      vertex 2 28.4641 32
    endloop
  endfacet
  facet normal -0.555573 0.831468 0
    outer loop
      vertex 1.56494 28.1734 32
      vertex 2 28.4641 10
      vertex 1.56494 28.1734 10
    endloop
  endfacet
  facet normal 0.831721 -0.555194 0
    outer loop
      vertex 107.934 -21.0876 32
      vertex 108.66 -20 10
      vertex 108.66 -20 32
    endloop
  endfacet
  facet normal 0.831721 -0.555194 0
    outer loop
      vertex 108.66 -20 10
      vertex 107.934 -21.0876 32
      vertex 107.934 -21.0876 10
    endloop
  endfacet
  facet normal 0.980812 0.194955 0
    outer loop
      vertex 109.914 16.3053 32
      vertex 109.659 17.5882 10
      vertex 109.659 17.5882 32
    endloop
  endfacet
  facet normal 0.980812 0.194955 0
    outer loop
      vertex 109.659 17.5882 10
      vertex 109.914 16.3053 32
      vertex 109.914 16.3053 10
    endloop
  endfacet
  facet normal 0.12265 -0.99245 0
    outer loop
      vertex 68.5221 -28.9658 10
      vertex 101.305 -24.9144 32
      vertex 68.5221 -28.9658 32
    endloop
  endfacet
  facet normal 0.12265 -0.99245 0
    outer loop
      vertex 101.305 -24.9144 32
      vertex 68.5221 -28.9658 10
      vertex 101.305 -24.9144 10
    endloop
  endfacet
  facet normal 0.997837 -0.0657427 0
    outer loop
      vertex 109.914 -16.3053 32
      vertex 110 -15 10
      vertex 110 -15 32
    endloop
  endfacet
  facet normal 0.997837 -0.0657427 0
    outer loop
      vertex 110 -15 10
      vertex 109.914 -16.3053 32
      vertex 109.914 -16.3053 10
    endloop
  endfacet
  facet normal -0.659371 0.751817 0
    outer loop
      vertex 1.56494 28.1734 10
      vertex 1.17157 27.8284 32
      vertex 1.56494 28.1734 32
    endloop
  endfacet
  facet normal -0.659371 0.751817 0
    outer loop
      vertex 1.17157 27.8284 32
      vertex 1.56494 28.1734 10
      vertex 1.17157 27.8284 10
    endloop
  endfacet
  facet normal -0.99786 0.065384 0
    outer loop
      vertex 0 25 10
      vertex 0.0342102 25.5221 32
      vertex 0.0342102 25.5221 10
    endloop
  endfacet
  facet normal -0.99786 0.065384 0
    outer loop
      vertex 0.0342102 25.5221 32
      vertex 0 25 10
      vertex 0 25 32
    endloop
  endfacet
  facet normal 0.321382 -0.94695 0
    outer loop
      vertex 102.588 -24.6593 10
      vertex 103.827 -24.2388 32
      vertex 102.588 -24.6593 32
    endloop
  endfacet
  facet normal 0.321382 -0.94695 0
    outer loop
      vertex 103.827 -24.2388 32
      vertex 102.588 -24.6593 10
      vertex 103.827 -24.2388 10
    endloop
  endfacet
  facet normal -0.442276 0.896879 0
    outer loop
      vertex 2.46925 28.6955 10
      vertex 2 28.4641 32
      vertex 2.46925 28.6955 32
    endloop
  endfacet
  facet normal -0.442276 0.896879 0
    outer loop
      vertex 2 28.4641 32
      vertex 2.46925 28.6955 10
      vertex 2 28.4641 10
    endloop
  endfacet
  facet normal 0 1 0
    outer loop
      vertex 22.3 29 32
      vertex 24.8444 29 17.8315
      vertex 24.5 29 17.9
    endloop
  endfacet
  facet normal 0 1 0
    outer loop
      vertex 40.5 29 25.1
      vertex 25.1364 29 17.6364
      vertex 24.8444 29 17.8315
    endloop
  endfacet
  facet normal 0 1 0
    outer loop
      vertex 40.5 29 25.1
      vertex 25.3315 29 17.3444
      vertex 25.1364 29 17.6364
    endloop
  endfacet
  facet normal 0 1 -0
    outer loop
      vertex 40.5 29 17.1
      vertex 25.3315 29 17.3444
      vertex 40.5 29 25.1
    endloop
  endfacet
  facet normal 0 1 0
    outer loop
      vertex 25.3315 29 17.3444
      vertex 40.5 29 17.1
      vertex 25.4 29 17
    endloop
  endfacet
  facet normal 0 1 0
    outer loop
      vertex 40.5 29 25.1
      vertex 68 29 32
      vertex 51.5 29 25.1
    endloop
  endfacet
  facet normal 0 1 0
    outer loop
      vertex 68 29 32
      vertex 51.5 29 17.1
      vertex 51.5 29 25.1
    endloop
  endfacet
  facet normal 0 1 0
    outer loop
      vertex 68 29 10
      vertex 40.5 29 17.1
      vertex 51.5 29 17.1
    endloop
  endfacet
  facet normal 0 1 0
    outer loop
      vertex 40.5 29 17.1
      vertex 25.3315 29 16.6556
      vertex 25.4 29 17
    endloop
  endfacet
  facet normal 0 1 0
    outer loop
      vertex 40.5 29 17.1
      vertex 25.1364 29 16.3636
      vertex 25.3315 29 16.6556
    endloop
  endfacet
  facet normal 0 1 0
    outer loop
      vertex 40.5 29 17.1
      vertex 24.8444 29 16.1685
      vertex 25.1364 29 16.3636
    endloop
  endfacet
  facet normal -0 1 0
    outer loop
      vertex 20.5953 29 14.7784
      vertex 40.5 29 17.1
      vertex 68 29 10
    endloop
  endfacet
  facet normal 0 1 0
    outer loop
      vertex 40.5 29 17.1
      vertex 20.8802 29 14.8751
      vertex 24.8444 29 16.1685
    endloop
  endfacet
  facet normal 0 1 0
    outer loop
      vertex 24.5 29 16.1
      vertex 21.8247 29 15.5998
      vertex 21.9919 29 15.85
    endloop
  endfacet
  facet normal 0 1 0
    outer loop
      vertex 24.5 29 16.1
      vertex 21.6263 29 15.3737
      vertex 21.8247 29 15.5998
    endloop
  endfacet
  facet normal 0 1 0
    outer loop
      vertex 24.5 29 16.1
      vertex 21.4002 29 15.1753
      vertex 21.6263 29 15.3737
    endloop
  endfacet
  facet normal 0 1 0
    outer loop
      vertex 24.5 29 16.1
      vertex 21.15 29 15.0081
      vertex 21.4002 29 15.1753
    endloop
  endfacet
  facet normal 0 1 0
    outer loop
      vertex 24.5 29 16.1
      vertex 20.8802 29 14.8751
      vertex 21.15 29 15.0081
    endloop
  endfacet
  facet normal 0 1 0
    outer loop
      vertex 24.8444 29 16.1685
      vertex 20.8802 29 14.8751
      vertex 24.5 29 16.1
    endloop
  endfacet
  facet normal 0 1 0
    outer loop
      vertex 40.5 29 17.1
      vertex 20.5953 29 14.7784
      vertex 20.8802 29 14.8751
    endloop
  endfacet
  facet normal 0 1 0
    outer loop
      vertex 4 29 10
      vertex 20.3002 29 14.7197
      vertex 68 29 10
    endloop
  endfacet
  facet normal 0 1 0
    outer loop
      vertex 20.5953 29 14.7784
      vertex 68 29 10
      vertex 20.3002 29 14.7197
    endloop
  endfacet
  facet normal 0 1 -0
    outer loop
      vertex 68 29 10
      vertex 51.5 29 17.1
      vertex 68 29 32
    endloop
  endfacet
  facet normal 0 1 0
    outer loop
      vertex 68 29 32
      vertex 40.5 29 25.1
      vertex 22.3 29 32
    endloop
  endfacet
  facet normal 0 1 -0
    outer loop
      vertex 24.8444 29 17.8315
      vertex 22.3 29 32
      vertex 40.5 29 25.1
    endloop
  endfacet
  facet normal 0 1 -0
    outer loop
      vertex 24.1556 29 17.8315
      vertex 22.3 29 32
      vertex 24.5 29 17.9
    endloop
  endfacet
  facet normal 0 1 0
    outer loop
      vertex 22.3 29 17
      vertex 24.1556 29 17.8315
      vertex 23.8636 29 17.6364
    endloop
  endfacet
  facet normal 0 1 0
    outer loop
      vertex 22.3 29 17
      vertex 23.8636 29 17.6364
      vertex 23.6685 29 17.3444
    endloop
  endfacet
  facet normal 0 1 0
    outer loop
      vertex 22.3 29 17
      vertex 23.6685 29 17.3444
      vertex 23.6 29 17
    endloop
  endfacet
  facet normal 0 1 0
    outer loop
      vertex 24.1556 29 17.8315
      vertex 22.3 29 17
      vertex 22.3 29 32
    endloop
  endfacet
  facet normal 0 1 0
    outer loop
      vertex 23.6 29 17
      vertex 22.2803 29 16.6998
      vertex 22.3 29 17
    endloop
  endfacet
  facet normal 0 1 0
    outer loop
      vertex 23.6685 29 16.6556
      vertex 22.2803 29 16.6998
      vertex 23.6 29 17
    endloop
  endfacet
  facet normal 0 1 0
    outer loop
      vertex 23.6685 29 16.6556
      vertex 22.2216 29 16.4047
      vertex 22.2803 29 16.6998
    endloop
  endfacet
  facet normal 0 1 0
    outer loop
      vertex 23.8636 29 16.3636
      vertex 22.2216 29 16.4047
      vertex 23.6685 29 16.6556
    endloop
  endfacet
  facet normal 0 1 0
    outer loop
      vertex 21.9919 29 15.85
      vertex 23.8636 29 16.3636
      vertex 24.1556 29 16.1685
    endloop
  endfacet
  facet normal 0 1 0
    outer loop
      vertex 23.8636 29 16.3636
      vertex 22.1249 29 16.1198
      vertex 22.2216 29 16.4047
    endloop
  endfacet
  facet normal 0 1 0
    outer loop
      vertex 21.9919 29 15.85
      vertex 24.1556 29 16.1685
      vertex 24.5 29 16.1
    endloop
  endfacet
  facet normal 0 1 0
    outer loop
      vertex 23.8636 29 16.3636
      vertex 21.9919 29 15.85
      vertex 22.1249 29 16.1198
    endloop
  endfacet
  facet normal 0 1 0
    outer loop
      vertex 15.1556 29 17.8315
      vertex 17.7 29 32
      vertex 15.5 29 17.9
    endloop
  endfacet
  facet normal 0 1 0
    outer loop
      vertex 17.7 29 32
      vertex 15.8444 29 17.8315
      vertex 15.5 29 17.9
    endloop
  endfacet
  facet normal 0 1 -0
    outer loop
      vertex 17.7 29 17
      vertex 15.8444 29 17.8315
      vertex 17.7 29 32
    endloop
  endfacet
  facet normal 0 1 0
    outer loop
      vertex 15.8444 29 17.8315
      vertex 17.7 29 17
      vertex 16.1364 29 17.6364
    endloop
  endfacet
  facet normal 0 1 0
    outer loop
      vertex 16.1364 29 17.6364
      vertex 17.7 29 17
      vertex 16.3315 29 17.3444
    endloop
  endfacet
  facet normal 0 1 0
    outer loop
      vertex 17.7 29 17
      vertex 16.4 29 17
      vertex 16.3315 29 17.3444
    endloop
  endfacet
  facet normal 0 1 0
    outer loop
      vertex 17.7197 29 16.6998
      vertex 16.4 29 17
      vertex 17.7 29 17
    endloop
  endfacet
  facet normal 0 1 0
    outer loop
      vertex 17.7197 29 16.6998
      vertex 16.3315 29 16.6556
      vertex 16.4 29 17
    endloop
  endfacet
  facet normal 0 1 0
    outer loop
      vertex 17.7784 29 16.4047
      vertex 16.3315 29 16.6556
      vertex 17.7197 29 16.6998
    endloop
  endfacet
  facet normal 0 1 0
    outer loop
      vertex 17.7784 29 16.4047
      vertex 16.1364 29 16.3636
      vertex 16.3315 29 16.6556
    endloop
  endfacet
  facet normal 0 1 0
    outer loop
      vertex 17.8751 29 16.1198
      vertex 16.1364 29 16.3636
      vertex 17.7784 29 16.4047
    endloop
  endfacet
  facet normal 0 1 0
    outer loop
      vertex 18.0081 29 15.85
      vertex 16.1364 29 16.3636
      vertex 17.8751 29 16.1198
    endloop
  endfacet
  facet normal 0 1 0
    outer loop
      vertex 16.1364 29 16.3636
      vertex 18.0081 29 15.85
      vertex 15.8444 29 16.1685
    endloop
  endfacet
  facet normal 0 1 0
    outer loop
      vertex 18.1753 29 15.5998
      vertex 15.8444 29 16.1685
      vertex 18.0081 29 15.85
    endloop
  endfacet
  facet normal 0 1 0
    outer loop
      vertex 17.7 29 32
      vertex 15.1556 29 17.8315
      vertex 4 29 32
    endloop
  endfacet
  facet normal 0 1 -0
    outer loop
      vertex 14.8636 29 17.6364
      vertex 4 29 32
      vertex 15.1556 29 17.8315
    endloop
  endfacet
  facet normal 0 1 -0
    outer loop
      vertex 14.6685 29 17.3444
      vertex 4 29 32
      vertex 14.8636 29 17.6364
    endloop
  endfacet
  facet normal 0 1 0
    outer loop
      vertex 4 29 10
      vertex 14.6685 29 17.3444
      vertex 14.6 29 17
    endloop
  endfacet
  facet normal 0 1 0
    outer loop
      vertex 4 29 10
      vertex 14.6 29 17
      vertex 14.6685 29 16.6556
    endloop
  endfacet
  facet normal 0 1 0
    outer loop
      vertex 4 29 10
      vertex 14.6685 29 16.6556
      vertex 14.8636 29 16.3636
    endloop
  endfacet
  facet normal 0 1 0
    outer loop
      vertex 18.3737 29 15.3737
      vertex 15.8444 29 16.1685
      vertex 18.1753 29 15.5998
    endloop
  endfacet
  facet normal 0 1 0
    outer loop
      vertex 15.8444 29 16.1685
      vertex 18.3737 29 15.3737
      vertex 15.5 29 16.1
    endloop
  endfacet
  facet normal 0 1 0
    outer loop
      vertex 18.5998 29 15.1753
      vertex 15.5 29 16.1
      vertex 18.3737 29 15.3737
    endloop
  endfacet
  facet normal 0 1 0
    outer loop
      vertex 18.85 29 15.0081
      vertex 15.5 29 16.1
      vertex 18.5998 29 15.1753
    endloop
  endfacet
  facet normal 0 1 0
    outer loop
      vertex 4 29 10
      vertex 15.5 29 16.1
      vertex 18.85 29 15.0081
    endloop
  endfacet
  facet normal 0 1 0
    outer loop
      vertex 4 29 10
      vertex 18.85 29 15.0081
      vertex 19.1198 29 14.8751
    endloop
  endfacet
  facet normal 0 1 0
    outer loop
      vertex 4 29 10
      vertex 19.1198 29 14.8751
      vertex 19.4047 29 14.7784
    endloop
  endfacet
  facet normal 0 1 0
    outer loop
      vertex 20.3002 29 14.7197
      vertex 4 29 10
      vertex 20 29 14.7
    endloop
  endfacet
  facet normal 0 1 0
    outer loop
      vertex 14.6685 29 17.3444
      vertex 4 29 10
      vertex 4 29 32
    endloop
  endfacet
  facet normal 0 1 0
    outer loop
      vertex 15.1556 29 16.1685
      vertex 4 29 10
      vertex 14.8636 29 16.3636
    endloop
  endfacet
  facet normal 0 1 0
    outer loop
      vertex 15.5 29 16.1
      vertex 4 29 10
      vertex 15.1556 29 16.1685
    endloop
  endfacet
  facet normal 0 1 0
    outer loop
      vertex 19.6998 29 14.7197
      vertex 4 29 10
      vertex 19.4047 29 14.7784
    endloop
  endfacet
  facet normal 0 1 0
    outer loop
      vertex 20 29 14.7
      vertex 4 29 10
      vertex 19.6998 29 14.7197
    endloop
  endfacet
  facet normal 0.947034 0.321132 0
    outer loop
      vertex 109.659 17.5882 32
      vertex 109.239 18.8268 10
      vertex 109.239 18.8268 32
    endloop
  endfacet
  facet normal 0.947034 0.321132 0
    outer loop
      vertex 109.239 18.8268 10
      vertex 109.659 17.5882 32
      vertex 109.659 17.5882 10
    endloop
  endfacet
  facet normal 0.896739 0.44256 0
    outer loop
      vertex 109.239 18.8268 32
      vertex 108.66 20 10
      vertex 108.66 20 32
    endloop
  endfacet
  facet normal 0.896739 0.44256 0
    outer loop
      vertex 108.66 20 10
      vertex 109.239 18.8268 32
      vertex 109.239 18.8268 10
    endloop
  endfacet
  facet normal 0.442375 0.89683 -0
    outer loop
      vertex 105 23.6602 10
      vertex 103.827 24.2388 32
      vertex 105 23.6602 32
    endloop
  endfacet
  facet normal 0.442375 0.89683 0
    outer loop
      vertex 103.827 24.2388 32
      vertex 105 23.6602 10
      vertex 103.827 24.2388 10
    endloop
  endfacet
  facet normal -0.896886 0.442261 0
    outer loop
      vertex 0.304474 26.5307 10
      vertex 0.535889 27 32
      vertex 0.535889 27 10
    endloop
  endfacet
  facet normal -0.896886 0.442261 0
    outer loop
      vertex 0.535889 27 32
      vertex 0.304474 26.5307 10
      vertex 0.304474 26.5307 32
    endloop
  endfacet
  facet normal -0.321458 0.946924 0
    outer loop
      vertex 2.96472 28.8637 10
      vertex 2.46925 28.6955 32
      vertex 2.96472 28.8637 32
    endloop
  endfacet
  facet normal -0.321458 0.946924 0
    outer loop
      vertex 2.46925 28.6955 32
      vertex 2.96472 28.8637 10
      vertex 2.46925 28.6955 10
    endloop
  endfacet
  facet normal 0.0653646 -0.997861 0
    outer loop
      vertex 68 -29 10
      vertex 68.5221 -28.9658 32
      vertex 68 -29 32
    endloop
  endfacet
  facet normal 0.0653646 -0.997861 0
    outer loop
      vertex 68.5221 -28.9658 32
      vertex 68 -29 10
      vertex 68.5221 -28.9658 10
    endloop
  endfacet
  facet normal -0.555573 -0.831468 0
    outer loop
      vertex 1.56494 -28.1734 10
      vertex 2 -28.4641 32
      vertex 1.56494 -28.1734 32
    endloop
  endfacet
  facet normal -0.555573 -0.831468 -0
    outer loop
      vertex 2 -28.4641 32
      vertex 1.56494 -28.1734 10
      vertex 2 -28.4641 10
    endloop
  endfacet
  facet normal 1 -0 0
    outer loop
      vertex 110 -15 32
      vertex 110 15 10
      vertex 110 15 32
    endloop
  endfacet
  facet normal 1 0 0
    outer loop
      vertex 110 15 10
      vertex 110 -15 32
      vertex 110 -15 10
    endloop
  endfacet
  facet normal 0.195013 -0.980801 0
    outer loop
      vertex 101.305 -24.9144 10
      vertex 102.588 -24.6593 32
      vertex 101.305 -24.9144 32
    endloop
  endfacet
  facet normal 0.195013 -0.980801 0
    outer loop
      vertex 102.588 -24.6593 32
      vertex 101.305 -24.9144 10
      vertex 102.588 -24.6593 10
    endloop
  endfacet
  facet normal 0.659489 0.751714 -0
    outer loop
      vertex 107.071 22.0711 10
      vertex 106.088 22.9335 32
      vertex 107.071 22.0711 32
    endloop
  endfacet
  facet normal 0.659489 0.751714 0
    outer loop
      vertex 106.088 22.9335 32
      vertex 107.071 22.0711 10
      vertex 106.088 22.9335 10
    endloop
  endfacet
  facet normal 0.947034 -0.321132 0
    outer loop
      vertex 109.239 -18.8268 32
      vertex 109.659 -17.5882 10
      vertex 109.659 -17.5882 32
    endloop
  endfacet
  facet normal 0.947034 -0.321132 0
    outer loop
      vertex 109.659 -17.5882 10
      vertex 109.239 -18.8268 32
      vertex 109.239 -18.8268 10
    endloop
  endfacet
  facet normal -0.0653634 0.997862 0
    outer loop
      vertex 4 29 10
      vertex 3.47789 28.9658 32
      vertex 4 29 32
    endloop
  endfacet
  facet normal -0.0653634 0.997862 0
    outer loop
      vertex 3.47789 28.9658 32
      vertex 4 29 10
      vertex 3.47789 28.9658 10
    endloop
  endfacet
  facet normal 0.555423 -0.831568 0
    outer loop
      vertex 105 -23.6602 10
      vertex 106.088 -22.9335 32
      vertex 105 -23.6602 32
    endloop
  endfacet
  facet normal 0.555423 -0.831568 0
    outer loop
      vertex 106.088 -22.9335 32
      vertex 105 -23.6602 10
      vertex 106.088 -22.9335 10
    endloop
  endfacet
  facet normal 0.896739 -0.44256 0
    outer loop
      vertex 108.66 -20 32
      vertex 109.239 -18.8268 10
      vertex 109.239 -18.8268 32
    endloop
  endfacet
  facet normal 0.896739 -0.44256 0
    outer loop
      vertex 109.239 -18.8268 10
      vertex 108.66 -20 32
      vertex 108.66 -20 10
    endloop
  endfacet
  facet normal -0.442276 -0.896879 0
    outer loop
      vertex 2 -28.4641 10
      vertex 2.46925 -28.6955 32
      vertex 2 -28.4641 32
    endloop
  endfacet
  facet normal -0.442276 -0.896879 -0
    outer loop
      vertex 2.46925 -28.6955 32
      vertex 2 -28.4641 10
      vertex 2.46925 -28.6955 10
    endloop
  endfacet
  facet normal 0.831721 0.555194 0
    outer loop
      vertex 108.66 20 32
      vertex 107.934 21.0876 10
      vertex 107.934 21.0876 32
    endloop
  endfacet
  facet normal 0.831721 0.555194 0
    outer loop
      vertex 107.934 21.0876 10
      vertex 108.66 20 32
      vertex 108.66 20 10
    endloop
  endfacet
  facet normal -0.946921 0.321468 0
    outer loop
      vertex 0.136292 26.0353 10
      vertex 0.304474 26.5307 32
      vertex 0.304474 26.5307 10
    endloop
  endfacet
  facet normal -0.946921 0.321468 0
    outer loop
      vertex 0.304474 26.5307 32
      vertex 0.136292 26.0353 10
      vertex 0.136292 26.0353 32
    endloop
  endfacet
  facet normal 0.555423 0.831568 -0
    outer loop
      vertex 106.088 22.9335 10
      vertex 105 23.6602 32
      vertex 106.088 22.9335 32
    endloop
  endfacet
  facet normal 0.555423 0.831568 0
    outer loop
      vertex 105 23.6602 32
      vertex 106.088 22.9335 10
      vertex 105 23.6602 10
    endloop
  endfacet
  facet normal -0.751855 0.659328 0
    outer loop
      vertex 0.826584 27.435 10
      vertex 1.17157 27.8284 32
      vertex 1.17157 27.8284 10
    endloop
  endfacet
  facet normal -0.751855 0.659328 0
    outer loop
      vertex 1.17157 27.8284 32
      vertex 0.826584 27.435 10
      vertex 0.826584 27.435 32
    endloop
  endfacet
  facet normal 0.751653 0.659559 0
    outer loop
      vertex 107.934 21.0876 32
      vertex 107.071 22.0711 10
      vertex 107.071 22.0711 32
    endloop
  endfacet
  facet normal 0.751653 0.659559 0
    outer loop
      vertex 107.071 22.0711 10
      vertex 107.934 21.0876 32
      vertex 107.934 21.0876 10
    endloop
  endfacet
  facet normal 0.321382 0.94695 -0
    outer loop
      vertex 103.827 24.2388 10
      vertex 102.588 24.6593 32
      vertex 103.827 24.2388 32
    endloop
  endfacet
  facet normal 0.321382 0.94695 0
    outer loop
      vertex 102.588 24.6593 32
      vertex 103.827 24.2388 10
      vertex 102.588 24.6593 10
    endloop
  endfacet
  facet normal 0.659489 -0.751714 0
    outer loop
      vertex 106.088 -22.9335 10
      vertex 107.071 -22.0711 32
      vertex 106.088 -22.9335 32
    endloop
  endfacet
  facet normal 0.659489 -0.751714 0
    outer loop
      vertex 107.071 -22.0711 32
      vertex 106.088 -22.9335 10
      vertex 107.071 -22.0711 10
    endloop
  endfacet
  facet normal 0 0 -1
    outer loop
      vertex 64 -14.2 10
      vertex 67.4 16 10
      vertex 67.4 -14.2 10
    endloop
  endfacet
  facet normal -0 0 -1
    outer loop
      vertex 67.4 16 10
      vertex 64 -14.2 10
      vertex 64 16 10
    endloop
  endfacet
  facet normal 0 0 -1
    outer loop
      vertex 67.4 16 10
      vertex 80 16 10
      vertex 67.4 -14.2 10
    endloop
  endfacet
  facet normal 0 0 -1
    outer loop
      vertex 67.4 17.8 10
      vertex 80 16 10
      vertex 67.4 16 10
    endloop
  endfacet
  facet normal 0 0 -1
    outer loop
      vertex 80 16 10
      vertex 67.4 17.8 10
      vertex 68 29 10
    endloop
  endfacet
  facet normal 0 0 -1
    outer loop
      vertex 64 17.8 10
      vertex 68 29 10
      vertex 67.4 17.8 10
    endloop
  endfacet
  facet normal 0 0 -1
    outer loop
      vertex 32.8978 0.776457 10
      vertex 64 16 10
      vertex 32.9743 0.391578 10
    endloop
  endfacet
  facet normal 0 0 -1
    outer loop
      vertex 32.7716 1.14805 10
      vertex 64 16 10
      vertex 32.8978 0.776457 10
    endloop
  endfacet
  facet normal 0 0 -1
    outer loop
      vertex 32.5981 1.5 10
      vertex 64 16 10
      vertex 32.7716 1.14805 10
    endloop
  endfacet
  facet normal 0 0 -1
    outer loop
      vertex 32.3801 1.82628 10
      vertex 64 16 10
      vertex 32.5981 1.5 10
    endloop
  endfacet
  facet normal 0 0 -1
    outer loop
      vertex 32.1213 2.12132 10
      vertex 64 16 10
      vertex 32.3801 1.82628 10
    endloop
  endfacet
  facet normal -0 0 -1
    outer loop
      vertex 64 16 10
      vertex 32.1213 2.12132 10
      vertex 64 17.8 10
    endloop
  endfacet
  facet normal 0 0 -1
    outer loop
      vertex 31.8263 2.38006 10
      vertex 64 17.8 10
      vertex 32.1213 2.12132 10
    endloop
  endfacet
  facet normal 0 0 -1
    outer loop
      vertex 31.5 2.59808 10
      vertex 64 17.8 10
      vertex 31.8263 2.38006 10
    endloop
  endfacet
  facet normal 0 0 -1
    outer loop
      vertex 31.148 2.77164 10
      vertex 64 17.8 10
      vertex 31.5 2.59808 10
    endloop
  endfacet
  facet normal 0 0 -1
    outer loop
      vertex 30.7765 2.89778 10
      vertex 64 17.8 10
      vertex 31.148 2.77164 10
    endloop
  endfacet
  facet normal -0 0 -1
    outer loop
      vertex 64 17.8 10
      vertex 30.7765 2.89778 10
      vertex 68 29 10
    endloop
  endfacet
  facet normal 0 0 -1
    outer loop
      vertex 30.3916 2.97433 10
      vertex 68 29 10
      vertex 30.7765 2.89778 10
    endloop
  endfacet
  facet normal 0 0 -1
    outer loop
      vertex 4 29 10
      vertex 30.3916 2.97433 10
      vertex 30 3 10
    endloop
  endfacet
  facet normal 0 0 -1
    outer loop
      vertex 4 29 10
      vertex 30 3 10
      vertex 29.6084 2.97433 10
    endloop
  endfacet
  facet normal 0 0 -1
    outer loop
      vertex 4 29 10
      vertex 29.6084 2.97433 10
      vertex 29.2235 2.89778 10
    endloop
  endfacet
  facet normal 0 0 -1
    outer loop
      vertex 4 29 10
      vertex 29.2235 2.89778 10
      vertex 28.8519 2.77164 10
    endloop
  endfacet
  facet normal 0 0 -1
    outer loop
      vertex 4 29 10
      vertex 28.8519 2.77164 10
      vertex 28.5 2.59808 10
    endloop
  endfacet
  facet normal 0 0 -1
    outer loop
      vertex 4 29 10
      vertex 28.5 2.59808 10
      vertex 28.1737 2.38006 10
    endloop
  endfacet
  facet normal -0 0 -1
    outer loop
      vertex 27.0257 -0.391578 10
      vertex 0 -25 10
      vertex 27 0 10
    endloop
  endfacet
  facet normal 0 0 -1
    outer loop
      vertex 0 25 10
      vertex 27 0 10
      vertex 0 -25 10
    endloop
  endfacet
  facet normal 0 0 -1
    outer loop
      vertex 27 0 10
      vertex 0 25 10
      vertex 27.0257 0.391578 10
    endloop
  endfacet
  facet normal 0 0 -1
    outer loop
      vertex 27.0257 0.391578 10
      vertex 0 25 10
      vertex 27.1022 0.776457 10
    endloop
  endfacet
  facet normal 0 0 -1
    outer loop
      vertex 27.1022 0.776457 10
      vertex 0 25 10
      vertex 27.2284 1.14805 10
    endloop
  endfacet
  facet normal 0 0 -1
    outer loop
      vertex 30.3916 2.97433 10
      vertex 4 29 10
      vertex 68 29 10
    endloop
  endfacet
  facet normal 0 0 -1
    outer loop
      vertex 27.8787 2.12132 10
      vertex 4 29 10
      vertex 28.1737 2.38006 10
    endloop
  endfacet
  facet normal 0 0 -1
    outer loop
      vertex 0 25 10
      vertex 27.8787 2.12132 10
      vertex 27.6199 1.82628 10
    endloop
  endfacet
  facet normal 0 0 -1
    outer loop
      vertex 27.2284 1.14805 10
      vertex 0 25 10
      vertex 27.4019 1.5 10
    endloop
  endfacet
  facet normal 0 0 -1
    outer loop
      vertex 0 -25 10
      vertex 4 -29 10
      vertex 3.47789 -28.9658 10
    endloop
  endfacet
  facet normal 0 0 -1
    outer loop
      vertex 27.4019 1.5 10
      vertex 0 25 10
      vertex 27.6199 1.82628 10
    endloop
  endfacet
  facet normal 0 0 -1
    outer loop
      vertex 0 -25 10
      vertex 3.47789 -28.9658 10
      vertex 2.96472 -28.8637 10
    endloop
  endfacet
  facet normal 0 0 -1
    outer loop
      vertex 27.8787 2.12132 10
      vertex 0 25 10
      vertex 4 29 10
    endloop
  endfacet
  facet normal 0 0 -1
    outer loop
      vertex 0 -25 10
      vertex 2.96472 -28.8637 10
      vertex 2.46925 -28.6955 10
    endloop
  endfacet
  facet normal 0 0 -1
    outer loop
      vertex 4 29 10
      vertex 0 25 10
      vertex 3.47789 28.9658 10
    endloop
  endfacet
  facet normal 0 0 -1
    outer loop
      vertex 0 -25 10
      vertex 2.46925 -28.6955 10
      vertex 2 -28.4641 10
    endloop
  endfacet
  facet normal 0 0 -1
    outer loop
      vertex 3.47789 28.9658 10
      vertex 0 25 10
      vertex 2.96472 28.8637 10
    endloop
  endfacet
  facet normal 0 0 -1
    outer loop
      vertex 0 -25 10
      vertex 2 -28.4641 10
      vertex 1.56494 -28.1734 10
    endloop
  endfacet
  facet normal 0 0 -1
    outer loop
      vertex 2.96472 28.8637 10
      vertex 0 25 10
      vertex 2.46925 28.6955 10
    endloop
  endfacet
  facet normal 0 0 -1
    outer loop
      vertex 0 -25 10
      vertex 1.56494 -28.1734 10
      vertex 1.17157 -27.8284 10
    endloop
  endfacet
  facet normal 0 0 -1
    outer loop
      vertex 2.46925 28.6955 10
      vertex 0 25 10
      vertex 2 28.4641 10
    endloop
  endfacet
  facet normal 0 0 -1
    outer loop
      vertex 0 -25 10
      vertex 1.17157 -27.8284 10
      vertex 0.826584 -27.435 10
    endloop
  endfacet
  facet normal 0 0 -1
    outer loop
      vertex 2 28.4641 10
      vertex 0 25 10
      vertex 1.56494 28.1734 10
    endloop
  endfacet
  facet normal 0 0 -1
    outer loop
      vertex 0 -25 10
      vertex 0.826584 -27.435 10
      vertex 0.535889 -27 10
    endloop
  endfacet
  facet normal 0 0 -1
    outer loop
      vertex 1.56494 28.1734 10
      vertex 0 25 10
      vertex 1.17157 27.8284 10
    endloop
  endfacet
  facet normal 0 0 -1
    outer loop
      vertex 0 -25 10
      vertex 0.535889 -27 10
      vertex 0.304474 -26.5307 10
    endloop
  endfacet
  facet normal 0 0 -1
    outer loop
      vertex 1.17157 27.8284 10
      vertex 0 25 10
      vertex 0.826584 27.435 10
    endloop
  endfacet
  facet normal 0 0 -1
    outer loop
      vertex 0 -25 10
      vertex 0.304474 -26.5307 10
      vertex 0.136292 -26.0353 10
    endloop
  endfacet
  facet normal 0 0 -1
    outer loop
      vertex 0.826584 27.435 10
      vertex 0 25 10
      vertex 0.535889 27 10
    endloop
  endfacet
  facet normal 0 0 -1
    outer loop
      vertex 0 -25 10
      vertex 0.136292 -26.0353 10
      vertex 0.0342102 -25.5221 10
    endloop
  endfacet
  facet normal 0 0 -1
    outer loop
      vertex 0.535889 27 10
      vertex 0 25 10
      vertex 0.304474 26.5307 10
    endloop
  endfacet
  facet normal 0 0 -1
    outer loop
      vertex 0.304474 26.5307 10
      vertex 0 25 10
      vertex 0.136292 26.0353 10
    endloop
  endfacet
  facet normal 0 0 -1
    outer loop
      vertex 0.136292 26.0353 10
      vertex 0 25 10
      vertex 0.0342102 25.5221 10
    endloop
  endfacet
  facet normal 0 0 -1
    outer loop
      vertex 90.5 0 10
      vertex 80 16 10
      vertex 90.5642 0.978946 10
    endloop
  endfacet
  facet normal 0 0 -1
    outer loop
      vertex 90.5642 0.978946 10
      vertex 80 16 10
      vertex 83.4 16 10
    endloop
  endfacet
  facet normal 0 0 -1
    outer loop
      vertex 99.9411 -7.24444 10
      vertex 110 -15 10
      vertex 109.914 -16.3053 10
    endloop
  endfacet
  facet normal 0 0 -1
    outer loop
      vertex 110 -15 10
      vertex 105.5 0 10
      vertex 110 15 10
    endloop
  endfacet
  facet normal 0 0 -1
    outer loop
      vertex 99.9411 -7.24444 10
      vertex 109.914 -16.3053 10
      vertex 109.659 -17.5882 10
    endloop
  endfacet
  facet normal 0 0 -1
    outer loop
      vertex 105.436 0.978946 10
      vertex 110 15 10
      vertex 105.5 0 10
    endloop
  endfacet
  facet normal 0 0 -1
    outer loop
      vertex 99.9411 -7.24444 10
      vertex 109.659 -17.5882 10
      vertex 109.239 -18.8268 10
    endloop
  endfacet
  facet normal 0 0 -1
    outer loop
      vertex 105.244 1.94114 10
      vertex 110 15 10
      vertex 105.436 0.978946 10
    endloop
  endfacet
  facet normal 0 0 -1
    outer loop
      vertex 99.9411 -7.24444 10
      vertex 109.239 -18.8268 10
      vertex 108.66 -20 10
    endloop
  endfacet
  facet normal 0 0 -1
    outer loop
      vertex 104.929 2.87012 10
      vertex 110 15 10
      vertex 105.244 1.94114 10
    endloop
  endfacet
  facet normal 0 0 -1
    outer loop
      vertex 99.9411 -7.24444 10
      vertex 108.66 -20 10
      vertex 107.934 -21.0876 10
    endloop
  endfacet
  facet normal 0 0 -1
    outer loop
      vertex 104.495 3.75 10
      vertex 110 15 10
      vertex 104.929 2.87012 10
    endloop
  endfacet
  facet normal 0 0 -1
    outer loop
      vertex 98.9789 -7.43584 10
      vertex 107.934 -21.0876 10
      vertex 107.071 -22.0711 10
    endloop
  endfacet
  facet normal 0 0 -1
    outer loop
      vertex 103.95 4.56571 10
      vertex 110 15 10
      vertex 104.495 3.75 10
    endloop
  endfacet
  facet normal 0 0 -1
    outer loop
      vertex 98.9789 -7.43584 10
      vertex 107.071 -22.0711 10
      vertex 106.088 -22.9335 10
    endloop
  endfacet
  facet normal 0 0 -1
    outer loop
      vertex 103.303 5.3033 10
      vertex 110 15 10
      vertex 103.95 4.56571 10
    endloop
  endfacet
  facet normal 0 0 -1
    outer loop
      vertex 102.566 5.95015 10
      vertex 110 15 10
      vertex 103.303 5.3033 10
    endloop
  endfacet
  facet normal 0 0 -1
    outer loop
      vertex 110 -15 10
      vertex 105.436 -0.978946 10
      vertex 105.5 0 10
    endloop
  endfacet
  facet normal 0 0 -1
    outer loop
      vertex 110 -15 10
      vertex 105.244 -1.94114 10
      vertex 105.436 -0.978946 10
    endloop
  endfacet
  facet normal 0 0 -1
    outer loop
      vertex 98.9789 -7.43584 10
      vertex 106.088 -22.9335 10
      vertex 105 -23.6602 10
    endloop
  endfacet
  facet normal 0 0 -1
    outer loop
      vertex 110 -15 10
      vertex 104.929 -2.87012 10
      vertex 105.244 -1.94114 10
    endloop
  endfacet
  facet normal 0 0 -1
    outer loop
      vertex 110 -15 10
      vertex 104.495 -3.75 10
      vertex 104.929 -2.87012 10
    endloop
  endfacet
  facet normal 0 0 -1
    outer loop
      vertex 110 -15 10
      vertex 103.95 -4.56571 10
      vertex 104.495 -3.75 10
    endloop
  endfacet
  facet normal 0 0 -1
    outer loop
      vertex 98.9789 -7.43584 10
      vertex 105 -23.6602 10
      vertex 103.827 -24.2388 10
    endloop
  endfacet
  facet normal 0 0 -1
    outer loop
      vertex 110 -15 10
      vertex 103.303 -5.3033 10
      vertex 103.95 -4.56571 10
    endloop
  endfacet
  facet normal 0 0 -1
    outer loop
      vertex 98.9789 -7.43584 10
      vertex 103.827 -24.2388 10
      vertex 102.588 -24.6593 10
    endloop
  endfacet
  facet normal 0 0 -1
    outer loop
      vertex 110 -15 10
      vertex 102.566 -5.95015 10
      vertex 103.303 -5.3033 10
    endloop
  endfacet
  facet normal 0 0 -1
    outer loop
      vertex 110 -15 10
      vertex 101.75 -6.49519 10
      vertex 102.566 -5.95015 10
    endloop
  endfacet
  facet normal 0 0 -1
    outer loop
      vertex 98.9789 -7.43584 10
      vertex 102.588 -24.6593 10
      vertex 101.305 -24.9144 10
    endloop
  endfacet
  facet normal 0 0 -1
    outer loop
      vertex 110 -15 10
      vertex 100.87 -6.9291 10
      vertex 101.75 -6.49519 10
    endloop
  endfacet
  facet normal 0 0 -1
    outer loop
      vertex 110 -15 10
      vertex 99.9411 -7.24444 10
      vertex 100.87 -6.9291 10
    endloop
  endfacet
  facet normal 0 0 -1
    outer loop
      vertex 107.934 -21.0876 10
      vertex 98.9789 -7.43584 10
      vertex 99.9411 -7.24444 10
    endloop
  endfacet
  facet normal 0 0 -1
    outer loop
      vertex 101.305 -24.9144 10
      vertex 98 -7.5 10
      vertex 98.9789 -7.43584 10
    endloop
  endfacet
  facet normal 0 0 -1
    outer loop
      vertex 101.305 -24.9144 10
      vertex 97.0211 -7.43584 10
      vertex 98 -7.5 10
    endloop
  endfacet
  facet normal 0 0 -1
    outer loop
      vertex 101.305 -24.9144 10
      vertex 96.0589 -7.24444 10
      vertex 97.0211 -7.43584 10
    endloop
  endfacet
  facet normal 0 0 -1
    outer loop
      vertex 83.4 -16 10
      vertex 96.0589 -7.24444 10
      vertex 101.305 -24.9144 10
    endloop
  endfacet
  facet normal -0 0 -1
    outer loop
      vertex 96.0589 -7.24444 10
      vertex 83.4 -16 10
      vertex 95.1299 -6.9291 10
    endloop
  endfacet
  facet normal 0 0 -1
    outer loop
      vertex 83.4 -14.2 10
      vertex 95.1299 -6.9291 10
      vertex 83.4 -16 10
    endloop
  endfacet
  facet normal -0 0 -1
    outer loop
      vertex 95.1299 -6.9291 10
      vertex 83.4 -14.2 10
      vertex 94.25 -6.49519 10
    endloop
  endfacet
  facet normal -0 0 -1
    outer loop
      vertex 94.25 -6.49519 10
      vertex 83.4 -14.2 10
      vertex 93.4343 -5.95015 10
    endloop
  endfacet
  facet normal -0 0 -1
    outer loop
      vertex 93.4343 -5.95015 10
      vertex 83.4 -14.2 10
      vertex 92.6967 -5.3033 10
    endloop
  endfacet
  facet normal -0 0 -1
    outer loop
      vertex 92.0499 -4.56571 10
      vertex 83.4 -14.2 10
      vertex 91.5048 -3.75 10
    endloop
  endfacet
  facet normal 0 0 -1
    outer loop
      vertex 80 -14.2 10
      vertex 90.7556 -1.94114 10
      vertex 83.4 -14.2 10
    endloop
  endfacet
  facet normal -0 0 -1
    outer loop
      vertex 91.0709 -2.87012 10
      vertex 83.4 -14.2 10
      vertex 90.7556 -1.94114 10
    endloop
  endfacet
  facet normal -0 0 -1
    outer loop
      vertex 91.5048 -3.75 10
      vertex 83.4 -14.2 10
      vertex 91.0709 -2.87012 10
    endloop
  endfacet
  facet normal -0 0 -1
    outer loop
      vertex 92.6967 -5.3033 10
      vertex 83.4 -14.2 10
      vertex 92.0499 -4.56571 10
    endloop
  endfacet
  facet normal 0 0 -1
    outer loop
      vertex 68.5221 -28.9658 10
      vertex 83.4 -16 10
      vertex 101.305 -24.9144 10
    endloop
  endfacet
  facet normal 0 0 -1
    outer loop
      vertex 67.4 -16 10
      vertex 80 -14.2 10
      vertex 80 -16 10
    endloop
  endfacet
  facet normal 0 0 -1
    outer loop
      vertex 67.4 -14.2 10
      vertex 80 -14.2 10
      vertex 67.4 -16 10
    endloop
  endfacet
  facet normal 0 0 -1
    outer loop
      vertex 67.4 -16 10
      vertex 80 -16 10
      vertex 68.5221 -28.9658 10
    endloop
  endfacet
  facet normal -0 0 -1
    outer loop
      vertex 83.4 -16 10
      vertex 68.5221 -28.9658 10
      vertex 80 -16 10
    endloop
  endfacet
  facet normal 0 0 -1
    outer loop
      vertex 101.75 6.49519 10
      vertex 110 15 10
      vertex 102.566 5.95015 10
    endloop
  endfacet
  facet normal 0 0 -1
    outer loop
      vertex 100.87 6.9291 10
      vertex 110 15 10
      vertex 101.75 6.49519 10
    endloop
  endfacet
  facet normal 0 0 -1
    outer loop
      vertex 99.9411 7.24444 10
      vertex 110 15 10
      vertex 100.87 6.9291 10
    endloop
  endfacet
  facet normal -0 0 -1
    outer loop
      vertex 110 15 10
      vertex 99.9411 7.24444 10
      vertex 109.914 16.3053 10
    endloop
  endfacet
  facet normal -0 0 -1
    outer loop
      vertex 109.914 16.3053 10
      vertex 99.9411 7.24444 10
      vertex 109.659 17.5882 10
    endloop
  endfacet
  facet normal -0 0 -1
    outer loop
      vertex 109.659 17.5882 10
      vertex 99.9411 7.24444 10
      vertex 109.239 18.8268 10
    endloop
  endfacet
  facet normal -0 0 -1
    outer loop
      vertex 109.239 18.8268 10
      vertex 99.9411 7.24444 10
      vertex 108.66 20 10
    endloop
  endfacet
  facet normal -0 0 -1
    outer loop
      vertex 108.66 20 10
      vertex 99.9411 7.24444 10
      vertex 107.934 21.0876 10
    endloop
  endfacet
  facet normal 0 0 -1
    outer loop
      vertex 98.9789 7.43584 10
      vertex 107.934 21.0876 10
      vertex 99.9411 7.24444 10
    endloop
  endfacet
  facet normal -0 0 -1
    outer loop
      vertex 107.934 21.0876 10
      vertex 98.9789 7.43584 10
      vertex 107.071 22.0711 10
    endloop
  endfacet
  facet normal -0 0 -1
    outer loop
      vertex 107.071 22.0711 10
      vertex 98.9789 7.43584 10
      vertex 106.088 22.9335 10
    endloop
  endfacet
  facet normal -0 0 -1
    outer loop
      vertex 106.088 22.9335 10
      vertex 98.9789 7.43584 10
      vertex 105 23.6602 10
    endloop
  endfacet
  facet normal -0 0 -1
    outer loop
      vertex 105 23.6602 10
      vertex 98.9789 7.43584 10
      vertex 103.827 24.2388 10
    endloop
  endfacet
  facet normal -0 0 -1
    outer loop
      vertex 103.827 24.2388 10
      vertex 98.9789 7.43584 10
      vertex 102.588 24.6593 10
    endloop
  endfacet
  facet normal -0 0 -1
    outer loop
      vertex 102.588 24.6593 10
      vertex 98.9789 7.43584 10
      vertex 101.305 24.9144 10
    endloop
  endfacet
  facet normal 0 0 -1
    outer loop
      vertex 98 7.5 10
      vertex 101.305 24.9144 10
      vertex 98.9789 7.43584 10
    endloop
  endfacet
  facet normal 0 0 -1
    outer loop
      vertex 97.0211 7.43584 10
      vertex 101.305 24.9144 10
      vertex 98 7.5 10
    endloop
  endfacet
  facet normal 0 0 -1
    outer loop
      vertex 96.0589 7.24444 10
      vertex 101.305 24.9144 10
      vertex 97.0211 7.43584 10
    endloop
  endfacet
  facet normal 0 0 -1
    outer loop
      vertex 83.4 16 10
      vertex 96.0589 7.24444 10
      vertex 95.1299 6.9291 10
    endloop
  endfacet
  facet normal 0 0 -1
    outer loop
      vertex 83.4 16 10
      vertex 95.1299 6.9291 10
      vertex 94.25 6.49519 10
    endloop
  endfacet
  facet normal 0 0 -1
    outer loop
      vertex 83.4 16 10
      vertex 94.25 6.49519 10
      vertex 93.4343 5.95015 10
    endloop
  endfacet
  facet normal 0 0 -1
    outer loop
      vertex 83.4 16 10
      vertex 93.4343 5.95015 10
      vertex 92.6967 5.3033 10
    endloop
  endfacet
  facet normal 0 0 -1
    outer loop
      vertex 83.4 16 10
      vertex 92.6967 5.3033 10
      vertex 92.0499 4.56571 10
    endloop
  endfacet
  facet normal 0 0 -1
    outer loop
      vertex 83.4 16 10
      vertex 92.0499 4.56571 10
      vertex 91.5048 3.75 10
    endloop
  endfacet
  facet normal 0 0 -1
    outer loop
      vertex 83.4 16 10
      vertex 91.5048 3.75 10
      vertex 91.0709 2.87012 10
    endloop
  endfacet
  facet normal -0 0 -1
    outer loop
      vertex 90.7556 -1.94114 10
      vertex 80 -14.2 10
      vertex 90.5642 -0.978946 10
    endloop
  endfacet
  facet normal -0 0 -1
    outer loop
      vertex 90.5642 -0.978946 10
      vertex 80 -14.2 10
      vertex 90.5 0 10
    endloop
  endfacet
  facet normal 0 0 -1
    outer loop
      vertex 80 16 10
      vertex 90.5 0 10
      vertex 80 -14.2 10
    endloop
  endfacet
  facet normal 0 0 -1
    outer loop
      vertex 90.5642 0.978946 10
      vertex 83.4 16 10
      vertex 90.7556 1.94114 10
    endloop
  endfacet
  facet normal 0 0 -1
    outer loop
      vertex 90.7556 1.94114 10
      vertex 83.4 16 10
      vertex 91.0709 2.87012 10
    endloop
  endfacet
  facet normal 0 0 -1
    outer loop
      vertex 96.0589 7.24444 10
      vertex 83.4 16 10
      vertex 83.4 17.8 10
    endloop
  endfacet
  facet normal 0 0 -1
    outer loop
      vertex 96.0589 7.24444 10
      vertex 83.4 17.8 10
      vertex 101.305 24.9144 10
    endloop
  endfacet
  facet normal 0 0 -1
    outer loop
      vertex 68.5221 28.9658 10
      vertex 83.4 17.8 10
      vertex 80 17.8 10
    endloop
  endfacet
  facet normal 0 0 -1
    outer loop
      vertex 83.4 17.8 10
      vertex 68.5221 28.9658 10
      vertex 101.305 24.9144 10
    endloop
  endfacet
  facet normal 0 0 -1
    outer loop
      vertex 80 -14.2 10
      vertex 67.4 -14.2 10
      vertex 80 16 10
    endloop
  endfacet
  facet normal 0 0 -1
    outer loop
      vertex 67.4 -16 10
      vertex 68.5221 -28.9658 10
      vertex 68 -29 10
    endloop
  endfacet
  facet normal -0 -0 -1
    outer loop
      vertex 68.5221 28.9658 10
      vertex 80 16 10
      vertex 68 29 10
    endloop
  endfacet
  facet normal 0 0 -1
    outer loop
      vertex 80 16 10
      vertex 68.5221 28.9658 10
      vertex 80 17.8 10
    endloop
  endfacet
  facet normal 0 0 -1
    outer loop
      vertex 68 -29 10
      vertex 64 -16 10
      vertex 67.4 -16 10
    endloop
  endfacet
  facet normal 0 0 -1
    outer loop
      vertex 32.1213 -2.12132 10
      vertex 64 -14.2 10
      vertex 64 -16 10
    endloop
  endfacet
  facet normal 0 0 -1
    outer loop
      vertex 64 -14.2 10
      vertex 33 0 10
      vertex 64 16 10
    endloop
  endfacet
  facet normal 0 0 -1
    outer loop
      vertex 32.9743 0.391578 10
      vertex 64 16 10
      vertex 33 0 10
    endloop
  endfacet
  facet normal 0 0 -1
    outer loop
      vertex 30.7765 -2.89778 10
      vertex 64 -16 10
      vertex 68 -29 10
    endloop
  endfacet
  facet normal 0 0 -1
    outer loop
      vertex 64 -14.2 10
      vertex 32.9743 -0.391578 10
      vertex 33 0 10
    endloop
  endfacet
  facet normal 0 0 -1
    outer loop
      vertex 64 -14.2 10
      vertex 32.8978 -0.776457 10
      vertex 32.9743 -0.391578 10
    endloop
  endfacet
  facet normal 0 0 -1
    outer loop
      vertex 64 -14.2 10
      vertex 32.7716 -1.14805 10
      vertex 32.8978 -0.776457 10
    endloop
  endfacet
  facet normal 0 0 -1
    outer loop
      vertex 64 -14.2 10
      vertex 32.5981 -1.5 10
      vertex 32.7716 -1.14805 10
    endloop
  endfacet
  facet normal 0 0 -1
    outer loop
      vertex 64 -14.2 10
      vertex 32.3801 -1.82628 10
      vertex 32.5981 -1.5 10
    endloop
  endfacet
  facet normal 0 0 -1
    outer loop
      vertex 64 -14.2 10
      vertex 32.1213 -2.12132 10
      vertex 32.3801 -1.82628 10
    endloop
  endfacet
  facet normal 0 0 -1
    outer loop
      vertex 64 -16 10
      vertex 31.8263 -2.38006 10
      vertex 32.1213 -2.12132 10
    endloop
  endfacet
  facet normal 0 0 -1
    outer loop
      vertex 64 -16 10
      vertex 31.5 -2.59808 10
      vertex 31.8263 -2.38006 10
    endloop
  endfacet
  facet normal 0 0 -1
    outer loop
      vertex 64 -16 10
      vertex 31.148 -2.77164 10
      vertex 31.5 -2.59808 10
    endloop
  endfacet
  facet normal 0 0 -1
    outer loop
      vertex 64 -16 10
      vertex 30.7765 -2.89778 10
      vertex 31.148 -2.77164 10
    endloop
  endfacet
  facet normal 0 0 -1
    outer loop
      vertex 68 -29 10
      vertex 30.3916 -2.97433 10
      vertex 30.7765 -2.89778 10
    endloop
  endfacet
  facet normal 0 0 -1
    outer loop
      vertex 4 -29 10
      vertex 30.3916 -2.97433 10
      vertex 68 -29 10
    endloop
  endfacet
  facet normal 0 0 -1
    outer loop
      vertex 30.3916 -2.97433 10
      vertex 4 -29 10
      vertex 30 -3 10
    endloop
  endfacet
  facet normal -0 0 -1
    outer loop
      vertex 30 -3 10
      vertex 4 -29 10
      vertex 29.6084 -2.97433 10
    endloop
  endfacet
  facet normal -0 0 -1
    outer loop
      vertex 29.6084 -2.97433 10
      vertex 4 -29 10
      vertex 29.2235 -2.89778 10
    endloop
  endfacet
  facet normal -0 0 -1
    outer loop
      vertex 29.2235 -2.89778 10
      vertex 4 -29 10
      vertex 28.8519 -2.77164 10
    endloop
  endfacet
  facet normal -0 0 -1
    outer loop
      vertex 28.8519 -2.77164 10
      vertex 4 -29 10
      vertex 28.5 -2.59808 10
    endloop
  endfacet
  facet normal -0 0 -1
    outer loop
      vertex 27.1022 -0.776457 10
      vertex 0 -25 10
      vertex 27.0257 -0.391578 10
    endloop
  endfacet
  facet normal -0 0 -1
    outer loop
      vertex 27.2284 -1.14805 10
      vertex 0 -25 10
      vertex 27.1022 -0.776457 10
    endloop
  endfacet
  facet normal -0 0 -1
    outer loop
      vertex 27.4019 -1.5 10
      vertex 0 -25 10
      vertex 27.2284 -1.14805 10
    endloop
  endfacet
  facet normal -0 0 -1
    outer loop
      vertex 27.6199 -1.82628 10
      vertex 0 -25 10
      vertex 27.4019 -1.5 10
    endloop
  endfacet
  facet normal -0 0 -1
    outer loop
      vertex 27.8787 -2.12132 10
      vertex 0 -25 10
      vertex 27.6199 -1.82628 10
    endloop
  endfacet
  facet normal 0 0 -1
    outer loop
      vertex 0 -25 10
      vertex 27.8787 -2.12132 10
      vertex 4 -29 10
    endloop
  endfacet
  facet normal -0 0 -1
    outer loop
      vertex 28.1737 -2.38006 10
      vertex 4 -29 10
      vertex 27.8787 -2.12132 10
    endloop
  endfacet
  facet normal -0 0 -1
    outer loop
      vertex 28.5 -2.59808 10
      vertex 4 -29 10
      vertex 28.1737 -2.38006 10
    endloop
  endfacet
  facet normal -0.0653634 -0.997862 0
    outer loop
      vertex 3.47789 -28.9658 10
      vertex 4 -29 32
      vertex 3.47789 -28.9658 32
    endloop
  endfacet
  facet normal -0.0653634 -0.997862 -0
    outer loop
      vertex 4 -29 32
      vertex 3.47789 -28.9658 10
      vertex 4 -29 10
    endloop
  endfacet
  facet normal 0.980812 -0.194955 0
    outer loop
      vertex 109.659 -17.5882 32
      vertex 109.914 -16.3053 10
      vertex 109.914 -16.3053 32
    endloop
  endfacet
  facet normal 0.980812 -0.194955 0
    outer loop
      vertex 109.914 -16.3053 10
      vertex 109.659 -17.5882 32
      vertex 109.659 -17.5882 10
    endloop
  endfacet
  facet normal -0.195135 -0.980776 0
    outer loop
      vertex 2.96472 -28.8637 10
      vertex 3.47789 -28.9658 32
      vertex 2.96472 -28.8637 32
    endloop
  endfacet
  facet normal -0.195135 -0.980776 -0
    outer loop
      vertex 3.47789 -28.9658 32
      vertex 2.96472 -28.8637 10
      vertex 3.47789 -28.9658 10
    endloop
  endfacet
  facet normal -0.659371 -0.751817 0
    outer loop
      vertex 1.17157 -27.8284 10
      vertex 1.56494 -28.1734 32
      vertex 1.17157 -27.8284 32
    endloop
  endfacet
  facet normal -0.659371 -0.751817 -0
    outer loop
      vertex 1.56494 -28.1734 32
      vertex 1.17157 -27.8284 10
      vertex 1.56494 -28.1734 10
    endloop
  endfacet
  facet normal -0.946921 -0.321468 0
    outer loop
      vertex 0.304474 -26.5307 10
      vertex 0.136292 -26.0353 32
      vertex 0.136292 -26.0353 10
    endloop
  endfacet
  facet normal -0.946921 -0.321468 0
    outer loop
      vertex 0.136292 -26.0353 32
      vertex 0.304474 -26.5307 10
      vertex 0.304474 -26.5307 32
    endloop
  endfacet
  facet normal -0.321458 -0.946924 0
    outer loop
      vertex 2.46925 -28.6955 10
      vertex 2.96472 -28.8637 32
      vertex 2.46925 -28.6955 32
    endloop
  endfacet
  facet normal -0.321458 -0.946924 -0
    outer loop
      vertex 2.96472 -28.8637 32
      vertex 2.46925 -28.6955 10
      vertex 2.96472 -28.8637 10
    endloop
  endfacet
  facet normal -0.831437 -0.55562 0
    outer loop
      vertex 0.826584 -27.435 10
      vertex 0.535889 -27 32
      vertex 0.535889 -27 10
    endloop
  endfacet
  facet normal -0.831437 -0.55562 0
    outer loop
      vertex 0.535889 -27 32
      vertex 0.826584 -27.435 10
      vertex 0.826584 -27.435 32
    endloop
  endfacet
  facet normal -0.751855 -0.659328 0
    outer loop
      vertex 1.17157 -27.8284 10
      vertex 0.826584 -27.435 32
      vertex 0.826584 -27.435 10
    endloop
  endfacet
  facet normal -0.751855 -0.659328 0
    outer loop
      vertex 0.826584 -27.435 32
      vertex 1.17157 -27.8284 10
      vertex 1.17157 -27.8284 32
    endloop
  endfacet
  facet normal -0.896886 -0.442261 0
    outer loop
      vertex 0.535889 -27 10
      vertex 0.304474 -26.5307 32
      vertex 0.304474 -26.5307 10
    endloop
  endfacet
  facet normal -0.896886 -0.442261 0
    outer loop
      vertex 0.304474 -26.5307 32
      vertex 0.535889 -27 10
      vertex 0.535889 -27 32
    endloop
  endfacet
  facet normal -0 0 1
    outer loop
      vertex 6.88006 22.6737 12
      vertex 13.7 15.5 12
      vertex 7.09808 23 12
    endloop
  endfacet
  facet normal 0 0 1
    outer loop
      vertex 8.7 -5.5 12
      vertex 7.47433 -24.1084 12
      vertex 7.5 -24.5 12
    endloop
  endfacet
  facet normal 0 0 1
    outer loop
      vertex 13.7 15.5 12
      vertex 6.88006 22.6737 12
      vertex 8.7 15.5 12
    endloop
  endfacet
  facet normal 0 0 1
    outer loop
      vertex 8.7 -5.5 12
      vertex 7.39778 -23.7235 12
      vertex 7.47433 -24.1084 12
    endloop
  endfacet
  facet normal -0 0 1
    outer loop
      vertex 6.62132 22.3787 12
      vertex 8.7 15.5 12
      vertex 6.88006 22.6737 12
    endloop
  endfacet
  facet normal 0 0 1
    outer loop
      vertex 8.7 -5.5 12
      vertex 7.27164 -23.3519 12
      vertex 7.39778 -23.7235 12
    endloop
  endfacet
  facet normal -0 0 1
    outer loop
      vertex 6.32628 22.1199 12
      vertex 8.7 15.5 12
      vertex 6.62132 22.3787 12
    endloop
  endfacet
  facet normal 0 0 1
    outer loop
      vertex 8.7 -5.5 12
      vertex 7.09808 -23 12
      vertex 7.27164 -23.3519 12
    endloop
  endfacet
  facet normal -0 0 1
    outer loop
      vertex 6 21.9019 12
      vertex 8.7 15.5 12
      vertex 6.32628 22.1199 12
    endloop
  endfacet
  facet normal 0 0 1
    outer loop
      vertex 8.7 -5.5 12
      vertex 6.88006 -22.6737 12
      vertex 7.09808 -23 12
    endloop
  endfacet
  facet normal -0 0 1
    outer loop
      vertex 5.64805 21.7284 12
      vertex 8.7 15.5 12
      vertex 6 21.9019 12
    endloop
  endfacet
  facet normal 0 0 1
    outer loop
      vertex 8.7 -5.5 12
      vertex 6.62132 -22.3787 12
      vertex 6.88006 -22.6737 12
    endloop
  endfacet
  facet normal -0 0 1
    outer loop
      vertex 5.27646 21.6022 12
      vertex 8.7 15.5 12
      vertex 5.64805 21.7284 12
    endloop
  endfacet
  facet normal 0 0 1
    outer loop
      vertex 8.7 -5.5 12
      vertex 6.32628 -22.1199 12
      vertex 6.62132 -22.3787 12
    endloop
  endfacet
  facet normal -0 0 1
    outer loop
      vertex 4.89158 21.5257 12
      vertex 8.7 15.5 12
      vertex 5.27646 21.6022 12
    endloop
  endfacet
  facet normal 0 0 1
    outer loop
      vertex 8.7 -5.5 12
      vertex 6 -21.9019 12
      vertex 6.32628 -22.1199 12
    endloop
  endfacet
  facet normal -0 0 1
    outer loop
      vertex 4.5 21.5 12
      vertex 8.7 15.5 12
      vertex 4.89158 21.5257 12
    endloop
  endfacet
  facet normal 0 0 1
    outer loop
      vertex 8.7 -5.5 12
      vertex 5.64805 -21.7284 12
      vertex 6 -21.9019 12
    endloop
  endfacet
  facet normal 0 0 1
    outer loop
      vertex 4.10842 21.5257 12
      vertex 8.7 15.5 12
      vertex 4.5 21.5 12
    endloop
  endfacet
  facet normal 0 0 1
    outer loop
      vertex 8.7 -5.5 12
      vertex 5.27646 -21.6022 12
      vertex 5.64805 -21.7284 12
    endloop
  endfacet
  facet normal 0 0 1
    outer loop
      vertex 3.72354 21.6022 12
      vertex 8.7 15.5 12
      vertex 4.10842 21.5257 12
    endloop
  endfacet
  facet normal 0 0 1
    outer loop
      vertex 8.7 -5.5 12
      vertex 4.89158 -21.5257 12
      vertex 5.27646 -21.6022 12
    endloop
  endfacet
  facet normal 0 0 1
    outer loop
      vertex 3.35195 21.7284 12
      vertex 8.7 15.5 12
      vertex 3.72354 21.6022 12
    endloop
  endfacet
  facet normal 0 0 1
    outer loop
      vertex 8.7 -5.5 12
      vertex 4.5 -21.5 12
      vertex 4.89158 -21.5257 12
    endloop
  endfacet
  facet normal 0 0 1
    outer loop
      vertex 3 21.9019 12
      vertex 8.7 15.5 12
      vertex 3.35195 21.7284 12
    endloop
  endfacet
  facet normal 0 0 1
    outer loop
      vertex 8.7 -5.5 12
      vertex 4.10842 -21.5257 12
      vertex 4.5 -21.5 12
    endloop
  endfacet
  facet normal 0 0 1
    outer loop
      vertex 8.7 15.5 12
      vertex 3 21.9019 12
      vertex 8.7 5.5 12
    endloop
  endfacet
  facet normal 0 0 1
    outer loop
      vertex 8.7 -5.5 12
      vertex 3.72354 -21.6022 12
      vertex 4.10842 -21.5257 12
    endloop
  endfacet
  facet normal 0 0 1
    outer loop
      vertex 2.67372 22.1199 12
      vertex 8.7 5.5 12
      vertex 3 21.9019 12
    endloop
  endfacet
  facet normal 0 0 1
    outer loop
      vertex 8.7 -5.5 12
      vertex 3.35195 -21.7284 12
      vertex 3.72354 -21.6022 12
    endloop
  endfacet
  facet normal 0 0 1
    outer loop
      vertex 2.37868 22.3787 12
      vertex 8.7 5.5 12
      vertex 2.67372 22.1199 12
    endloop
  endfacet
  facet normal 0 0 1
    outer loop
      vertex 8.7 -5.5 12
      vertex 3 -21.9019 12
      vertex 3.35195 -21.7284 12
    endloop
  endfacet
  facet normal 0 0 1
    outer loop
      vertex 2.11994 22.6737 12
      vertex 8.7 5.5 12
      vertex 2.37868 22.3787 12
    endloop
  endfacet
  facet normal 0 0 1
    outer loop
      vertex 8.7 -5.5 12
      vertex 2.67372 -22.1199 12
      vertex 3 -21.9019 12
    endloop
  endfacet
  facet normal 0 0 1
    outer loop
      vertex 8.7 5.5 12
      vertex 2.11994 22.6737 12
      vertex 8.7 -5.5 12
    endloop
  endfacet
  facet normal 0 0 1
    outer loop
      vertex 8.7 -5.5 12
      vertex 2.37868 -22.3787 12
      vertex 2.67372 -22.1199 12
    endloop
  endfacet
  facet normal 0 0 1
    outer loop
      vertex 2.11994 -22.6737 12
      vertex 8.7 -5.5 12
      vertex 2.11994 22.6737 12
    endloop
  endfacet
  facet normal 0 0 1
    outer loop
      vertex 8.7 -5.5 12
      vertex 2.11994 -22.6737 12
      vertex 2.37868 -22.3787 12
    endloop
  endfacet
  facet normal 0 0 1
    outer loop
      vertex 2 22.8532 12
      vertex 2.11994 -22.6737 12
      vertex 2.11994 22.6737 12
    endloop
  endfacet
  facet normal 0 0 1
    outer loop
      vertex 2.11994 -22.6737 12
      vertex 2 22.8532 12
      vertex 2 -22.8532 12
    endloop
  endfacet
  facet normal 0 0 1
    outer loop
      vertex 8.7 -5.5 12
      vertex 16 -1.4 12
      vertex 8.7 5.5 12
    endloop
  endfacet
  facet normal 0 0 1
    outer loop
      vertex 16 -1.4 12
      vertex 8.7 -5.5 12
      vertex 13.7 -5.5 12
    endloop
  endfacet
  facet normal -0 0 1
    outer loop
      vertex 31.148 -2.77164 12
      vertex 31.3 -5.5 12
      vertex 31.5 -2.59808 12
    endloop
  endfacet
  facet normal -0 0 1
    outer loop
      vertex 30.7765 -2.89778 12
      vertex 31.3 -5.5 12
      vertex 31.148 -2.77164 12
    endloop
  endfacet
  facet normal -0 0 1
    outer loop
      vertex 30.3916 -2.97433 12
      vertex 31.3 -5.5 12
      vertex 30.7765 -2.89778 12
    endloop
  endfacet
  facet normal -0 0 1
    outer loop
      vertex 30 -3 12
      vertex 31.3 -5.5 12
      vertex 30.3916 -2.97433 12
    endloop
  endfacet
  facet normal 0 0 1
    outer loop
      vertex 29.6084 -2.97433 12
      vertex 31.3 -5.5 12
      vertex 30 -3 12
    endloop
  endfacet
  facet normal 0 0 1
    outer loop
      vertex 29.2235 -2.89778 12
      vertex 31.3 -5.5 12
      vertex 29.6084 -2.97433 12
    endloop
  endfacet
  facet normal 0 0 1
    outer loop
      vertex 26.3 -5.5 12
      vertex 29.2235 -2.89778 12
      vertex 28.8519 -2.77164 12
    endloop
  endfacet
  facet normal 0 0 1
    outer loop
      vertex 26.3 -5.5 12
      vertex 28.8519 -2.77164 12
      vertex 28.5 -2.59808 12
    endloop
  endfacet
  facet normal 0 0 1
    outer loop
      vertex 26.3 -5.5 12
      vertex 28.5 -2.59808 12
      vertex 28.1737 -2.38006 12
    endloop
  endfacet
  facet normal 0 0 1
    outer loop
      vertex 26.3 -5.5 12
      vertex 28.1737 -2.38006 12
      vertex 27.8787 -2.12132 12
    endloop
  endfacet
  facet normal 0 0 1
    outer loop
      vertex 27.0257 0.391578 12
      vertex 24 1.4 12
      vertex 27 0 12
    endloop
  endfacet
  facet normal 0 0 1
    outer loop
      vertex 29.2235 -2.89778 12
      vertex 26.3 -5.5 12
      vertex 31.3 -5.5 12
    endloop
  endfacet
  facet normal 0 0 1
    outer loop
      vertex 27.6199 -1.82628 12
      vertex 26.3 -5.5 12
      vertex 27.8787 -2.12132 12
    endloop
  endfacet
  facet normal 0 0 1
    outer loop
      vertex 24 -1.4 12
      vertex 27.6199 -1.82628 12
      vertex 27.4019 -1.5 12
    endloop
  endfacet
  facet normal -0 0 1
    outer loop
      vertex 24 -1.4 12
      vertex 27.4019 -1.5 12
      vertex 27.2284 -1.14805 12
    endloop
  endfacet
  facet normal 0 0 1
    outer loop
      vertex 24 -1.4 12
      vertex 27.2284 -1.14805 12
      vertex 27.1022 -0.776457 12
    endloop
  endfacet
  facet normal 0 0 1
    outer loop
      vertex 24 -1.4 12
      vertex 27.1022 -0.776457 12
      vertex 27.0257 -0.391578 12
    endloop
  endfacet
  facet normal 0 0 1
    outer loop
      vertex 24 -1.4 12
      vertex 27 0 12
      vertex 24 1.4 12
    endloop
  endfacet
  facet normal 0 0 1
    outer loop
      vertex 52.029 22.629 12
      vertex 39.971 22.629 12
      vertex 52.2503 22.435 12
    endloop
  endfacet
  facet normal 0 0 1
    outer loop
      vertex 52.495 -14.4714 12
      vertex 40.6107 -16.1263 12
      vertex 40.63 -16.42 12
    endloop
  endfacet
  facet normal 0 0 1
    outer loop
      vertex 39.7497 22.435 12
      vertex 52.2503 22.435 12
      vertex 39.971 22.629 12
    endloop
  endfacet
  facet normal 0 0 1
    outer loop
      vertex 52.495 -14.4714 12
      vertex 40.5533 -15.8377 12
      vertex 40.6107 -16.1263 12
    endloop
  endfacet
  facet normal 0 0 1
    outer loop
      vertex 52.2503 22.435 12
      vertex 39.7497 22.435 12
      vertex 52.495 22.2714 12
    endloop
  endfacet
  facet normal 0 0 1
    outer loop
      vertex 52.495 -14.4714 12
      vertex 40.4587 -15.559 12
      vertex 40.5533 -15.8377 12
    endloop
  endfacet
  facet normal 0 0 1
    outer loop
      vertex 39.505 22.2714 12
      vertex 52.495 22.2714 12
      vertex 39.7497 22.435 12
    endloop
  endfacet
  facet normal 0 0 1
    outer loop
      vertex 52.495 -14.4714 12
      vertex 40.3286 -15.295 12
      vertex 40.4587 -15.559 12
    endloop
  endfacet
  facet normal 0 0 1
    outer loop
      vertex 52.495 22.2714 12
      vertex 39.505 22.2714 12
      vertex 52.759 22.1413 12
    endloop
  endfacet
  facet normal 0 0 1
    outer loop
      vertex 52.495 -14.4714 12
      vertex 40.165 -15.0503 12
      vertex 40.3286 -15.295 12
    endloop
  endfacet
  facet normal 0 -0 1
    outer loop
      vertex 32.9743 0.391578 12
      vertex 52.759 22.1413 12
      vertex 32.8978 0.776457 12
    endloop
  endfacet
  facet normal 0 0 1
    outer loop
      vertex 52.495 -14.4714 12
      vertex 39.971 -14.829 12
      vertex 40.165 -15.0503 12
    endloop
  endfacet
  facet normal 0 0 1
    outer loop
      vertex 52.759 22.1413 12
      vertex 32.9743 0.391578 12
      vertex 52.759 -14.3413 12
    endloop
  endfacet
  facet normal -0 0 1
    outer loop
      vertex 32.9743 -0.391578 12
      vertex 52.759 -14.3413 12
      vertex 33 0 12
    endloop
  endfacet
  facet normal 0 0 1
    outer loop
      vertex 31.3 5.5 12
      vertex 52.759 22.1413 12
      vertex 39.505 22.2714 12
    endloop
  endfacet
  facet normal 0 0 1
    outer loop
      vertex 52.759 -14.3413 12
      vertex 32.9743 -0.391578 12
      vertex 52.495 -14.4714 12
    endloop
  endfacet
  facet normal 0 0 1
    outer loop
      vertex 31.3 5.5 12
      vertex 39.505 22.2714 12
      vertex 39.241 22.1413 12
    endloop
  endfacet
  facet normal 0 0 1
    outer loop
      vertex 52.495 -14.4714 12
      vertex 39.7497 -14.635 12
      vertex 39.971 -14.829 12
    endloop
  endfacet
  facet normal 0 0 1
    outer loop
      vertex 31.3 5.5 12
      vertex 39.241 22.1413 12
      vertex 38.9623 22.0467 12
    endloop
  endfacet
  facet normal 0 -0 1
    outer loop
      vertex 39.505 -14.4714 12
      vertex 52.495 -14.4714 12
      vertex 32.9743 -0.391578 12
    endloop
  endfacet
  facet normal 0 0 1
    outer loop
      vertex 31.3 15.5 12
      vertex 38.9623 22.0467 12
      vertex 38.6737 21.9892 12
    endloop
  endfacet
  facet normal 0 0 1
    outer loop
      vertex 52.495 -14.4714 12
      vertex 39.505 -14.4714 12
      vertex 39.7497 -14.635 12
    endloop
  endfacet
  facet normal 0 0 1
    outer loop
      vertex 31.3 15.5 12
      vertex 38.6737 21.9892 12
      vertex 38.38 21.97 12
    endloop
  endfacet
  facet normal -0 0 1
    outer loop
      vertex 32.8978 -0.776457 12
      vertex 39.505 -14.4714 12
      vertex 32.9743 -0.391578 12
    endloop
  endfacet
  facet normal 0 0 1
    outer loop
      vertex 31.3 15.5 12
      vertex 38.38 21.97 12
      vertex 38.0863 21.9892 12
    endloop
  endfacet
  facet normal 0 0 1
    outer loop
      vertex 39.505 -14.4714 12
      vertex 32.8978 -0.776457 12
      vertex 39.241 -14.3413 12
    endloop
  endfacet
  facet normal 0 0 1
    outer loop
      vertex 31.3 15.5 12
      vertex 38.0863 21.9892 12
      vertex 37.7977 22.0467 12
    endloop
  endfacet
  facet normal -0 0 1
    outer loop
      vertex 32.7716 -1.14805 12
      vertex 39.241 -14.3413 12
      vertex 32.8978 -0.776457 12
    endloop
  endfacet
  facet normal 0 0 1
    outer loop
      vertex 31.3 15.5 12
      vertex 37.7977 22.0467 12
      vertex 37.519 22.1413 12
    endloop
  endfacet
  facet normal 0 0 1
    outer loop
      vertex 39.241 -14.3413 12
      vertex 32.7716 -1.14805 12
      vertex 38.9623 -14.2467 12
    endloop
  endfacet
  facet normal 0 0 1
    outer loop
      vertex 31.3 15.5 12
      vertex 37.519 22.1413 12
      vertex 37.255 22.2714 12
    endloop
  endfacet
  facet normal -0 0 1
    outer loop
      vertex 32.5981 -1.5 12
      vertex 38.9623 -14.2467 12
      vertex 32.7716 -1.14805 12
    endloop
  endfacet
  facet normal 0 0 1
    outer loop
      vertex 31.3 15.5 12
      vertex 37.255 22.2714 12
      vertex 37.0103 22.435 12
    endloop
  endfacet
  facet normal 0 0 1
    outer loop
      vertex 38.9623 -14.2467 12
      vertex 32.5981 -1.5 12
      vertex 38.6737 -14.1892 12
    endloop
  endfacet
  facet normal 0 0 1
    outer loop
      vertex 31.3 15.5 12
      vertex 37.0103 22.435 12
      vertex 36.789 22.629 12
    endloop
  endfacet
  facet normal -0 0 1
    outer loop
      vertex 31.3 -5.5 12
      vertex 38.6737 -14.1892 12
      vertex 32.5981 -1.5 12
    endloop
  endfacet
  facet normal 0 0 1
    outer loop
      vertex 31.3 15.5 12
      vertex 36.789 22.629 12
      vertex 36.595 22.8503 12
    endloop
  endfacet
  facet normal 0 0 1
    outer loop
      vertex 38.6737 -14.1892 12
      vertex 31.3 -5.5 12
      vertex 38.38 -14.17 12
    endloop
  endfacet
  facet normal 0 0 1
    outer loop
      vertex 31.3 15.5 12
      vertex 36.595 22.8503 12
      vertex 36.4314 23.095 12
    endloop
  endfacet
  facet normal 0 0 1
    outer loop
      vertex 38.38 -14.17 12
      vertex 31.3 -5.5 12
      vertex 38.0863 -14.1892 12
    endloop
  endfacet
  facet normal 0 0 1
    outer loop
      vertex 31.3 15.5 12
      vertex 36.4314 23.095 12
      vertex 36.3013 23.359 12
    endloop
  endfacet
  facet normal 0 0 1
    outer loop
      vertex 37.7977 -14.2467 12
      vertex 31.3 -5.5 12
      vertex 37.519 -14.3413 12
    endloop
  endfacet
  facet normal 0 0 1
    outer loop
      vertex 31.3 15.5 12
      vertex 36.3013 23.359 12
      vertex 36.2067 23.6377 12
    endloop
  endfacet
  facet normal 0 0 1
    outer loop
      vertex 37.519 -14.3413 12
      vertex 31.3 -5.5 12
      vertex 37.255 -14.4714 12
    endloop
  endfacet
  facet normal 0 0 1
    outer loop
      vertex 31.3 15.5 12
      vertex 36.2067 23.6377 12
      vertex 36.1492 23.9263 12
    endloop
  endfacet
  facet normal 0 0 1
    outer loop
      vertex 37.255 -14.4714 12
      vertex 31.3 -5.5 12
      vertex 37.0103 -14.635 12
    endloop
  endfacet
  facet normal 0 0 1
    outer loop
      vertex 26.3 15.5 12
      vertex 36.1492 23.9263 12
      vertex 36.13 24.22 12
    endloop
  endfacet
  facet normal 0 0 1
    outer loop
      vertex 31.3 -15.5 12
      vertex 37.0103 -14.635 12
      vertex 31.3 -5.5 12
    endloop
  endfacet
  facet normal 0 0 1
    outer loop
      vertex 59.4019 23 12
      vertex 55.405 22.8503 12
      vertex 59.6199 22.6737 12
    endloop
  endfacet
  facet normal 0 0 1
    outer loop
      vertex 64 16 12
      vertex 55.8507 -16.1263 12
      vertex 55.87 -16.42 12
    endloop
  endfacet
  facet normal 0 0 1
    outer loop
      vertex 55.211 22.629 12
      vertex 59.6199 22.6737 12
      vertex 55.405 22.8503 12
    endloop
  endfacet
  facet normal 0 0 1
    outer loop
      vertex 64 16 12
      vertex 55.7933 -15.8377 12
      vertex 55.8507 -16.1263 12
    endloop
  endfacet
  facet normal 0 0 1
    outer loop
      vertex 59.6199 22.6737 12
      vertex 55.211 22.629 12
      vertex 59.8787 22.3787 12
    endloop
  endfacet
  facet normal 0 0 1
    outer loop
      vertex 64 16 12
      vertex 55.6987 -15.559 12
      vertex 55.7933 -15.8377 12
    endloop
  endfacet
  facet normal -0 0 1
    outer loop
      vertex 54.9897 22.435 12
      vertex 59.8787 22.3787 12
      vertex 55.211 22.629 12
    endloop
  endfacet
  facet normal 0 0 1
    outer loop
      vertex 64 16 12
      vertex 55.5686 -15.295 12
      vertex 55.6987 -15.559 12
    endloop
  endfacet
  facet normal 0 0 1
    outer loop
      vertex 59.8787 22.3787 12
      vertex 54.9897 22.435 12
      vertex 60.1737 22.1199 12
    endloop
  endfacet
  facet normal 0 0 1
    outer loop
      vertex 64 16 12
      vertex 55.405 -15.0503 12
      vertex 55.5686 -15.295 12
    endloop
  endfacet
  facet normal -0 0 1
    outer loop
      vertex 54.745 22.2714 12
      vertex 60.1737 22.1199 12
      vertex 54.9897 22.435 12
    endloop
  endfacet
  facet normal 0 0 1
    outer loop
      vertex 64 16 12
      vertex 55.211 -14.829 12
      vertex 55.405 -15.0503 12
    endloop
  endfacet
  facet normal -0 0 1
    outer loop
      vertex 54.481 22.1413 12
      vertex 60.1737 22.1199 12
      vertex 54.745 22.2714 12
    endloop
  endfacet
  facet normal 0 0 1
    outer loop
      vertex 64 16 12
      vertex 54.9897 -14.635 12
      vertex 55.211 -14.829 12
    endloop
  endfacet
  facet normal 0 0 1
    outer loop
      vertex 60.1737 22.1199 12
      vertex 54.481 22.1413 12
      vertex 64 16 12
    endloop
  endfacet
  facet normal 0 0 1
    outer loop
      vertex 64 16 12
      vertex 54.745 -14.4714 12
      vertex 54.9897 -14.635 12
    endloop
  endfacet
  facet normal -0 0 1
    outer loop
      vertex 54.2023 22.0467 12
      vertex 64 16 12
      vertex 54.481 22.1413 12
    endloop
  endfacet
  facet normal 0 0 1
    outer loop
      vertex 64 16 12
      vertex 54.481 -14.3413 12
      vertex 54.745 -14.4714 12
    endloop
  endfacet
  facet normal -0 0 1
    outer loop
      vertex 53.9137 21.9892 12
      vertex 64 16 12
      vertex 54.2023 22.0467 12
    endloop
  endfacet
  facet normal 0 0 1
    outer loop
      vertex 64 16 12
      vertex 54.2023 -14.2467 12
      vertex 54.481 -14.3413 12
    endloop
  endfacet
  facet normal -0 0 1
    outer loop
      vertex 53.62 21.97 12
      vertex 64 16 12
      vertex 53.9137 21.9892 12
    endloop
  endfacet
  facet normal 0 0 1
    outer loop
      vertex 64 16 12
      vertex 53.9137 -14.1892 12
      vertex 54.2023 -14.2467 12
    endloop
  endfacet
  facet normal 0 0 1
    outer loop
      vertex 53.3263 21.9892 12
      vertex 64 16 12
      vertex 53.62 21.97 12
    endloop
  endfacet
  facet normal 0 0 1
    outer loop
      vertex 64 16 12
      vertex 53.62 -14.17 12
      vertex 53.9137 -14.1892 12
    endloop
  endfacet
  facet normal 0 0 1
    outer loop
      vertex 53.3263 -14.1892 12
      vertex 64 16 12
      vertex 53.3263 21.9892 12
    endloop
  endfacet
  facet normal 0 0 1
    outer loop
      vertex 64 16 12
      vertex 53.3263 -14.1892 12
      vertex 53.62 -14.17 12
    endloop
  endfacet
  facet normal 0 0 1
    outer loop
      vertex 53.0377 22.0467 12
      vertex 53.3263 -14.1892 12
      vertex 53.3263 21.9892 12
    endloop
  endfacet
  facet normal 0 0 1
    outer loop
      vertex 53.0377 22.0467 12
      vertex 53.0377 -14.2467 12
      vertex 53.3263 -14.1892 12
    endloop
  endfacet
  facet normal 0 0 1
    outer loop
      vertex 52.759 22.1413 12
      vertex 53.0377 -14.2467 12
      vertex 53.0377 22.0467 12
    endloop
  endfacet
  facet normal 0 0 1
    outer loop
      vertex 52.759 22.1413 12
      vertex 52.759 -14.3413 12
      vertex 53.0377 -14.2467 12
    endloop
  endfacet
  facet normal 0 0 1
    outer loop
      vertex 40.165 22.8503 12
      vertex 51.835 22.8503 12
      vertex 40.3286 23.095 12
    endloop
  endfacet
  facet normal 0 0 1
    outer loop
      vertex 51.835 22.8503 12
      vertex 40.165 22.8503 12
      vertex 52.029 22.629 12
    endloop
  endfacet
  facet normal 0 0 1
    outer loop
      vertex 40.3286 23.095 12
      vertex 51.6714 23.095 12
      vertex 40.4587 23.359 12
    endloop
  endfacet
  facet normal 0 0 1
    outer loop
      vertex 51.6714 23.095 12
      vertex 40.3286 23.095 12
      vertex 51.835 22.8503 12
    endloop
  endfacet
  facet normal 0 0 1
    outer loop
      vertex 51.5413 23.359 12
      vertex 40.4587 23.359 12
      vertex 51.6714 23.095 12
    endloop
  endfacet
  facet normal 0 0 1
    outer loop
      vertex 39.971 22.629 12
      vertex 52.029 22.629 12
      vertex 40.165 22.8503 12
    endloop
  endfacet
  facet normal 0 0 1
    outer loop
      vertex 40.4587 23.359 12
      vertex 51.5413 23.359 12
      vertex 40.5533 23.6377 12
    endloop
  endfacet
  facet normal 0 0 1
    outer loop
      vertex 52.495 -14.4714 12
      vertex 40.63 -16.42 12
      vertex 52.2503 -14.635 12
    endloop
  endfacet
  facet normal 0 0 1
    outer loop
      vertex 51.4467 23.6377 12
      vertex 40.5533 23.6377 12
      vertex 51.5413 23.359 12
    endloop
  endfacet
  facet normal 0 0 1
    outer loop
      vertex 52.2503 -14.635 12
      vertex 40.63 -16.42 12
      vertex 52.029 -14.829 12
    endloop
  endfacet
  facet normal 0 0 1
    outer loop
      vertex 40.5533 23.6377 12
      vertex 51.4467 23.6377 12
      vertex 40.6107 23.9263 12
    endloop
  endfacet
  facet normal 0 0 1
    outer loop
      vertex 52.029 -14.829 12
      vertex 40.63 -16.42 12
      vertex 51.835 -15.0503 12
    endloop
  endfacet
  facet normal 0 0 1
    outer loop
      vertex 51.3892 23.9263 12
      vertex 40.6107 23.9263 12
      vertex 51.4467 23.6377 12
    endloop
  endfacet
  facet normal 0 0 1
    outer loop
      vertex 51.835 -15.0503 12
      vertex 40.63 -16.42 12
      vertex 51.6714 -15.295 12
    endloop
  endfacet
  facet normal 0 0 1
    outer loop
      vertex 40.6107 23.9263 12
      vertex 51.3892 23.9263 12
      vertex 40.63 24.22 12
    endloop
  endfacet
  facet normal 0 0 1
    outer loop
      vertex 51.6714 -15.295 12
      vertex 40.63 -16.42 12
      vertex 51.5413 -15.559 12
    endloop
  endfacet
  facet normal -0 0 1
    outer loop
      vertex 40.63 24.22 12
      vertex 51.3892 23.9263 12
      vertex 51.37 24.22 12
    endloop
  endfacet
  facet normal 0 0 1
    outer loop
      vertex 51.5413 -15.559 12
      vertex 40.63 -16.42 12
      vertex 51.4467 -15.8377 12
    endloop
  endfacet
  facet normal 0 0 1
    outer loop
      vertex 60.1737 -22.1199 12
      vertex 55.405 -17.7897 12
      vertex 59.8787 -22.3787 12
    endloop
  endfacet
  facet normal -0 0 1
    outer loop
      vertex 55.8507 24.5137 12
      vertex 59 24.5 12
      vertex 59.0257 24.8916 12
    endloop
  endfacet
  facet normal 0 0 1
    outer loop
      vertex 55.7933 24.8023 12
      vertex 59.0257 24.8916 12
      vertex 59.1022 25.2765 12
    endloop
  endfacet
  facet normal 0 0 1
    outer loop
      vertex 55.6987 25.081 12
      vertex 59.1022 25.2765 12
      vertex 59.2284 25.648 12
    endloop
  endfacet
  facet normal 0 0 1
    outer loop
      vertex 55.405 25.5897 12
      vertex 59.2284 25.648 12
      vertex 59.4019 26 12
    endloop
  endfacet
  facet normal 0 0 1
    outer loop
      vertex 55.211 25.811 12
      vertex 59.4019 26 12
      vertex 59.6199 26.3263 12
    endloop
  endfacet
  facet normal 0 0 1
    outer loop
      vertex 54.9897 26.005 12
      vertex 59.6199 26.3263 12
      vertex 59.8787 26.6213 12
    endloop
  endfacet
  facet normal 0 0 1
    outer loop
      vertex 54.745 26.1686 12
      vertex 59.8787 26.6213 12
      vertex 60.1737 26.8801 12
    endloop
  endfacet
  facet normal 0 0 1
    outer loop
      vertex 54.481 26.2987 12
      vertex 60.1737 26.8801 12
      vertex 60.3532 27 12
    endloop
  endfacet
  facet normal 0 0 1
    outer loop
      vertex 59 24.5 12
      vertex 55.8507 24.5137 12
      vertex 55.87 24.22 12
    endloop
  endfacet
  facet normal 0 0 1
    outer loop
      vertex 59.0257 24.8916 12
      vertex 55.7933 24.8023 12
      vertex 55.8507 24.5137 12
    endloop
  endfacet
  facet normal 0 0 1
    outer loop
      vertex 59.1022 25.2765 12
      vertex 55.6987 25.081 12
      vertex 55.7933 24.8023 12
    endloop
  endfacet
  facet normal 0 0 1
    outer loop
      vertex 59.2284 25.648 12
      vertex 55.5686 25.345 12
      vertex 55.6987 25.081 12
    endloop
  endfacet
  facet normal 0 0 1
    outer loop
      vertex 59.2284 25.648 12
      vertex 55.405 25.5897 12
      vertex 55.5686 25.345 12
    endloop
  endfacet
  facet normal 0 0 1
    outer loop
      vertex 59.4019 26 12
      vertex 55.211 25.811 12
      vertex 55.405 25.5897 12
    endloop
  endfacet
  facet normal 0 0 1
    outer loop
      vertex 59.6199 26.3263 12
      vertex 54.9897 26.005 12
      vertex 55.211 25.811 12
    endloop
  endfacet
  facet normal 0 0 1
    outer loop
      vertex 59.8787 26.6213 12
      vertex 54.745 26.1686 12
      vertex 54.9897 26.005 12
    endloop
  endfacet
  facet normal 0 0 1
    outer loop
      vertex 60.1737 26.8801 12
      vertex 54.481 26.2987 12
      vertex 54.745 26.1686 12
    endloop
  endfacet
  facet normal 0 0 1
    outer loop
      vertex 60.3532 27 12
      vertex 54.2023 26.3933 12
      vertex 54.481 26.2987 12
    endloop
  endfacet
  facet normal 0 0 1
    outer loop
      vertex 60.3532 27 12
      vertex 53.9137 26.4508 12
      vertex 54.2023 26.3933 12
    endloop
  endfacet
  facet normal 0 0 1
    outer loop
      vertex 60.3532 27 12
      vertex 53.62 26.47 12
      vertex 53.9137 26.4508 12
    endloop
  endfacet
  facet normal 0 0 1
    outer loop
      vertex 38.38 26.47 12
      vertex 53.62 26.47 12
      vertex 60.3532 27 12
    endloop
  endfacet
  facet normal 0 0 1
    outer loop
      vertex 51.4467 -15.8377 12
      vertex 40.63 -16.42 12
      vertex 51.3892 -16.1263 12
    endloop
  endfacet
  facet normal 0 0 1
    outer loop
      vertex 51.3892 24.5137 12
      vertex 40.63 24.22 12
      vertex 51.37 24.22 12
    endloop
  endfacet
  facet normal 0 0 1
    outer loop
      vertex 40.6107 24.5137 12
      vertex 51.3892 24.5137 12
      vertex 51.4467 24.8023 12
    endloop
  endfacet
  facet normal 0 0 1
    outer loop
      vertex 40.5533 24.8023 12
      vertex 51.4467 24.8023 12
      vertex 51.5413 25.081 12
    endloop
  endfacet
  facet normal 0 0 1
    outer loop
      vertex 40.4587 25.081 12
      vertex 51.5413 25.081 12
      vertex 51.6714 25.345 12
    endloop
  endfacet
  facet normal 0 0 1
    outer loop
      vertex 40.3286 25.345 12
      vertex 51.6714 25.345 12
      vertex 51.835 25.5897 12
    endloop
  endfacet
  facet normal 0 0 1
    outer loop
      vertex 40.165 25.5897 12
      vertex 51.835 25.5897 12
      vertex 52.029 25.811 12
    endloop
  endfacet
  facet normal 0 0 1
    outer loop
      vertex 39.971 25.811 12
      vertex 52.029 25.811 12
      vertex 52.2503 26.005 12
    endloop
  endfacet
  facet normal 0 0 1
    outer loop
      vertex 39.7497 26.005 12
      vertex 52.2503 26.005 12
      vertex 52.495 26.1686 12
    endloop
  endfacet
  facet normal 0 0 1
    outer loop
      vertex 39.505 26.1686 12
      vertex 52.495 26.1686 12
      vertex 52.759 26.2987 12
    endloop
  endfacet
  facet normal 0 0 1
    outer loop
      vertex 39.241 26.2987 12
      vertex 52.759 26.2987 12
      vertex 53.0377 26.3933 12
    endloop
  endfacet
  facet normal 0 0 1
    outer loop
      vertex 38.9623 26.3933 12
      vertex 53.0377 26.3933 12
      vertex 53.3263 26.4508 12
    endloop
  endfacet
  facet normal 0 0 1
    outer loop
      vertex 51.3892 24.5137 12
      vertex 40.6107 24.5137 12
      vertex 40.63 24.22 12
    endloop
  endfacet
  facet normal 0 0 1
    outer loop
      vertex 51.4467 24.8023 12
      vertex 40.5533 24.8023 12
      vertex 40.6107 24.5137 12
    endloop
  endfacet
  facet normal 0 0 1
    outer loop
      vertex 51.5413 25.081 12
      vertex 40.4587 25.081 12
      vertex 40.5533 24.8023 12
    endloop
  endfacet
  facet normal 0 0 1
    outer loop
      vertex 51.6714 25.345 12
      vertex 40.3286 25.345 12
      vertex 40.4587 25.081 12
    endloop
  endfacet
  facet normal 0 0 1
    outer loop
      vertex 51.835 25.5897 12
      vertex 40.165 25.5897 12
      vertex 40.3286 25.345 12
    endloop
  endfacet
  facet normal 0 0 1
    outer loop
      vertex 53.62 26.47 12
      vertex 38.38 26.47 12
      vertex 53.3263 26.4508 12
    endloop
  endfacet
  facet normal 0 0 1
    outer loop
      vertex 52.029 25.811 12
      vertex 39.971 25.811 12
      vertex 40.165 25.5897 12
    endloop
  endfacet
  facet normal 0 0 1
    outer loop
      vertex 52.2503 26.005 12
      vertex 39.7497 26.005 12
      vertex 39.971 25.811 12
    endloop
  endfacet
  facet normal 0 0 1
    outer loop
      vertex 52.495 26.1686 12
      vertex 39.505 26.1686 12
      vertex 39.7497 26.005 12
    endloop
  endfacet
  facet normal 0 0 1
    outer loop
      vertex 52.759 26.2987 12
      vertex 39.241 26.2987 12
      vertex 39.505 26.1686 12
    endloop
  endfacet
  facet normal 0 0 1
    outer loop
      vertex 53.0377 26.3933 12
      vertex 38.9623 26.3933 12
      vertex 39.241 26.2987 12
    endloop
  endfacet
  facet normal 0 0 1
    outer loop
      vertex 53.3263 26.4508 12
      vertex 38.6737 26.4508 12
      vertex 38.9623 26.3933 12
    endloop
  endfacet
  facet normal 0 0 1
    outer loop
      vertex 53.3263 26.4508 12
      vertex 38.38 26.47 12
      vertex 38.6737 26.4508 12
    endloop
  endfacet
  facet normal 0 0 1
    outer loop
      vertex 37.0103 -14.635 12
      vertex 31.3 -15.5 12
      vertex 36.789 -14.829 12
    endloop
  endfacet
  facet normal 0 0 1
    outer loop
      vertex 26.3 15.5 12
      vertex 36.13 24.22 12
      vertex 36.1492 24.5137 12
    endloop
  endfacet
  facet normal 0 0 1
    outer loop
      vertex 38.0863 -14.1892 12
      vertex 31.3 -5.5 12
      vertex 37.7977 -14.2467 12
    endloop
  endfacet
  facet normal -0 -0 1
    outer loop
      vertex 33 0 12
      vertex 52.759 -14.3413 12
      vertex 32.9743 0.391578 12
    endloop
  endfacet
  facet normal 0 0 1
    outer loop
      vertex 52.759 22.1413 12
      vertex 32.7716 1.14805 12
      vertex 32.8978 0.776457 12
    endloop
  endfacet
  facet normal 0 0 1
    outer loop
      vertex 52.759 22.1413 12
      vertex 31.3 5.5 12
      vertex 32.7716 1.14805 12
    endloop
  endfacet
  facet normal 0 0 1
    outer loop
      vertex 32.7716 1.14805 12
      vertex 31.3 5.5 12
      vertex 32.5981 1.5 12
    endloop
  endfacet
  facet normal 0 0 1
    outer loop
      vertex 32.5981 1.5 12
      vertex 31.3 5.5 12
      vertex 32.3801 1.82628 12
    endloop
  endfacet
  facet normal 0 0 1
    outer loop
      vertex 32.3801 1.82628 12
      vertex 31.3 5.5 12
      vertex 32.1213 2.12132 12
    endloop
  endfacet
  facet normal 0 0 1
    outer loop
      vertex 32.1213 2.12132 12
      vertex 31.3 5.5 12
      vertex 31.8263 2.38006 12
    endloop
  endfacet
  facet normal 0 0 1
    outer loop
      vertex 26.3 15.5 12
      vertex 36.1492 24.5137 12
      vertex 36.2067 24.8023 12
    endloop
  endfacet
  facet normal 0 0 1
    outer loop
      vertex 38.9623 22.0467 12
      vertex 31.3 15.5 12
      vertex 31.3 5.5 12
    endloop
  endfacet
  facet normal 0 0 1
    outer loop
      vertex 26.3 15.5 12
      vertex 36.2067 24.8023 12
      vertex 36.3013 25.081 12
    endloop
  endfacet
  facet normal 0 0 1
    outer loop
      vertex 7.27164 25.648 12
      vertex 36.3013 25.081 12
      vertex 36.4314 25.345 12
    endloop
  endfacet
  facet normal 0 0 1
    outer loop
      vertex 36.1492 23.9263 12
      vertex 26.3 15.5 12
      vertex 31.3 15.5 12
    endloop
  endfacet
  facet normal 0 0 1
    outer loop
      vertex 7.09808 26 12
      vertex 36.4314 25.345 12
      vertex 36.595 25.5897 12
    endloop
  endfacet
  facet normal 0 0 1
    outer loop
      vertex 6.88006 26.3263 12
      vertex 36.595 25.5897 12
      vertex 36.789 25.811 12
    endloop
  endfacet
  facet normal 0 0 1
    outer loop
      vertex 13.7 5.5 12
      vertex 26.3 5.5 12
      vertex 26.3 15.5 12
    endloop
  endfacet
  facet normal 0 0 1
    outer loop
      vertex 27 0 12
      vertex 24 -1.4 12
      vertex 27.0257 -0.391578 12
    endloop
  endfacet
  facet normal 0 0 1
    outer loop
      vertex 27.6199 -1.82628 12
      vertex 24 -1.4 12
      vertex 26.3 -5.5 12
    endloop
  endfacet
  facet normal 0 0 1
    outer loop
      vertex 26.3 5.5 12
      vertex 13.7 5.5 12
      vertex 24 1.4 12
    endloop
  endfacet
  facet normal 0 0 1
    outer loop
      vertex 24 1.4 12
      vertex 13.7 5.5 12
      vertex 16 1.4 12
    endloop
  endfacet
  facet normal 0 0 1
    outer loop
      vertex 13.7 5.5 12
      vertex 26.3 15.5 12
      vertex 13.7 15.5 12
    endloop
  endfacet
  facet normal 0 0 1
    outer loop
      vertex 36.3013 25.081 12
      vertex 7.39778 25.2765 12
      vertex 26.3 15.5 12
    endloop
  endfacet
  facet normal 0 0 1
    outer loop
      vertex 6.62132 26.6213 12
      vertex 36.789 25.811 12
      vertex 37.0103 26.005 12
    endloop
  endfacet
  facet normal 0 0 1
    outer loop
      vertex 6.32628 26.8801 12
      vertex 37.0103 26.005 12
      vertex 37.255 26.1686 12
    endloop
  endfacet
  facet normal 0 0 1
    outer loop
      vertex 6.14678 27 12
      vertex 37.255 26.1686 12
      vertex 37.519 26.2987 12
    endloop
  endfacet
  facet normal 0 0 1
    outer loop
      vertex 26.3 15.5 12
      vertex 7.47433 24.8916 12
      vertex 13.7 15.5 12
    endloop
  endfacet
  facet normal -0 0 1
    outer loop
      vertex 7.39778 23.7235 12
      vertex 13.7 15.5 12
      vertex 7.47433 24.1084 12
    endloop
  endfacet
  facet normal -0 0 1
    outer loop
      vertex 7.27164 23.3519 12
      vertex 13.7 15.5 12
      vertex 7.39778 23.7235 12
    endloop
  endfacet
  facet normal -0 0 1
    outer loop
      vertex 7.09808 23 12
      vertex 13.7 15.5 12
      vertex 7.27164 23.3519 12
    endloop
  endfacet
  facet normal -0 0 1
    outer loop
      vertex 7.47433 24.1084 12
      vertex 13.7 15.5 12
      vertex 7.5 24.5 12
    endloop
  endfacet
  facet normal 0 0 1
    outer loop
      vertex 6.14678 27 12
      vertex 37.519 26.2987 12
      vertex 37.7977 26.3933 12
    endloop
  endfacet
  facet normal 0 0 1
    outer loop
      vertex 6.14678 27 12
      vertex 37.7977 26.3933 12
      vertex 38.0863 26.4508 12
    endloop
  endfacet
  facet normal 0 0 1
    outer loop
      vertex 6.14678 27 12
      vertex 38.0863 26.4508 12
      vertex 38.38 26.47 12
    endloop
  endfacet
  facet normal 0 0 1
    outer loop
      vertex 13.7 15.5 12
      vertex 7.47433 24.8916 12
      vertex 7.5 24.5 12
    endloop
  endfacet
  facet normal 0 0 1
    outer loop
      vertex 26.3 15.5 12
      vertex 7.39778 25.2765 12
      vertex 7.47433 24.8916 12
    endloop
  endfacet
  facet normal 0 0 1
    outer loop
      vertex 36.3013 25.081 12
      vertex 7.27164 25.648 12
      vertex 7.39778 25.2765 12
    endloop
  endfacet
  facet normal 0 0 1
    outer loop
      vertex 36.4314 25.345 12
      vertex 7.09808 26 12
      vertex 7.27164 25.648 12
    endloop
  endfacet
  facet normal -0 0 1
    outer loop
      vertex 6.14678 27 12
      vertex 38.38 26.47 12
      vertex 60.3532 27 12
    endloop
  endfacet
  facet normal 0 0 1
    outer loop
      vertex 36.595 25.5897 12
      vertex 6.88006 26.3263 12
      vertex 7.09808 26 12
    endloop
  endfacet
  facet normal 0 0 1
    outer loop
      vertex 36.789 25.811 12
      vertex 6.62132 26.6213 12
      vertex 6.88006 26.3263 12
    endloop
  endfacet
  facet normal 0 0 1
    outer loop
      vertex 37.0103 26.005 12
      vertex 6.32628 26.8801 12
      vertex 6.62132 26.6213 12
    endloop
  endfacet
  facet normal 0 0 1
    outer loop
      vertex 37.255 26.1686 12
      vertex 6.14678 27 12
      vertex 6.32628 26.8801 12
    endloop
  endfacet
  facet normal -0 0 1
    outer loop
      vertex 55.211 -18.011 12
      vertex 59.8787 -22.3787 12
      vertex 55.405 -17.7897 12
    endloop
  endfacet
  facet normal 0 0 1
    outer loop
      vertex 59.8787 -22.3787 12
      vertex 55.211 -18.011 12
      vertex 59.6199 -22.6737 12
    endloop
  endfacet
  facet normal -0 0 1
    outer loop
      vertex 54.9897 -18.205 12
      vertex 59.6199 -22.6737 12
      vertex 55.211 -18.011 12
    endloop
  endfacet
  facet normal 0 0 1
    outer loop
      vertex 59.6199 -22.6737 12
      vertex 54.9897 -18.205 12
      vertex 59.4019 -23 12
    endloop
  endfacet
  facet normal -0 0 1
    outer loop
      vertex 54.745 -18.3686 12
      vertex 59.4019 -23 12
      vertex 54.9897 -18.205 12
    endloop
  endfacet
  facet normal 0 0 1
    outer loop
      vertex 59.4019 -23 12
      vertex 54.745 -18.3686 12
      vertex 59.2284 -23.3519 12
    endloop
  endfacet
  facet normal -0 0 1
    outer loop
      vertex 54.481 -18.4987 12
      vertex 59.2284 -23.3519 12
      vertex 54.745 -18.3686 12
    endloop
  endfacet
  facet normal -0 0 1
    outer loop
      vertex 54.2023 -18.5933 12
      vertex 59.2284 -23.3519 12
      vertex 54.481 -18.4987 12
    endloop
  endfacet
  facet normal 0 0 1
    outer loop
      vertex 59.2284 -23.3519 12
      vertex 54.2023 -18.5933 12
      vertex 59.1022 -23.7235 12
    endloop
  endfacet
  facet normal -0 0 1
    outer loop
      vertex 53.9137 -18.6507 12
      vertex 59.1022 -23.7235 12
      vertex 54.2023 -18.5933 12
    endloop
  endfacet
  facet normal 0 0 1
    outer loop
      vertex 59.1022 -23.7235 12
      vertex 53.9137 -18.6507 12
      vertex 59.0257 -24.1084 12
    endloop
  endfacet
  facet normal -0 0 1
    outer loop
      vertex 53.62 -18.67 12
      vertex 59.0257 -24.1084 12
      vertex 53.9137 -18.6507 12
    endloop
  endfacet
  facet normal 0 0 1
    outer loop
      vertex 59.0257 -24.1084 12
      vertex 53.62 -18.67 12
      vertex 59 -24.5 12
    endloop
  endfacet
  facet normal 0 0 1
    outer loop
      vertex 53.3263 -18.6507 12
      vertex 59 -24.5 12
      vertex 53.62 -18.67 12
    endloop
  endfacet
  facet normal 0 0 1
    outer loop
      vertex 59 -24.5 12
      vertex 53.3263 -18.6507 12
      vertex 59.0257 -24.8916 12
    endloop
  endfacet
  facet normal 0 0 1
    outer loop
      vertex 53.0377 -18.5933 12
      vertex 59.0257 -24.8916 12
      vertex 53.3263 -18.6507 12
    endloop
  endfacet
  facet normal 0 0 1
    outer loop
      vertex 59.0257 -24.8916 12
      vertex 53.0377 -18.5933 12
      vertex 59.1022 -25.2765 12
    endloop
  endfacet
  facet normal 0 0 1
    outer loop
      vertex 52.759 -18.4987 12
      vertex 59.1022 -25.2765 12
      vertex 53.0377 -18.5933 12
    endloop
  endfacet
  facet normal 0 0 1
    outer loop
      vertex 59.1022 -25.2765 12
      vertex 52.759 -18.4987 12
      vertex 59.2284 -25.648 12
    endloop
  endfacet
  facet normal 0 0 1
    outer loop
      vertex 52.495 -18.3686 12
      vertex 59.2284 -25.648 12
      vertex 52.759 -18.4987 12
    endloop
  endfacet
  facet normal -0 0 1
    outer loop
      vertex 39.505 -18.3686 12
      vertex 59.2284 -25.648 12
      vertex 52.495 -18.3686 12
    endloop
  endfacet
  facet normal -0 0 1
    outer loop
      vertex 39.241 -18.4987 12
      vertex 59.2284 -25.648 12
      vertex 39.505 -18.3686 12
    endloop
  endfacet
  facet normal 0 0 1
    outer loop
      vertex 59.2284 -25.648 12
      vertex 39.241 -18.4987 12
      vertex 59.4019 -26 12
    endloop
  endfacet
  facet normal 0 0 1
    outer loop
      vertex 39.505 -18.3686 12
      vertex 52.495 -18.3686 12
      vertex 52.2503 -18.205 12
    endloop
  endfacet
  facet normal 0 0 1
    outer loop
      vertex 39.7497 -18.205 12
      vertex 52.2503 -18.205 12
      vertex 52.029 -18.011 12
    endloop
  endfacet
  facet normal 0 0 1
    outer loop
      vertex 51.3892 -16.1263 12
      vertex 40.63 -16.42 12
      vertex 51.37 -16.42 12
    endloop
  endfacet
  facet normal 0 0 1
    outer loop
      vertex 51.37 -16.42 12
      vertex 40.63 -16.42 12
      vertex 51.3892 -16.7137 12
    endloop
  endfacet
  facet normal 0 0 1
    outer loop
      vertex 40.6107 -16.7137 12
      vertex 51.3892 -16.7137 12
      vertex 40.63 -16.42 12
    endloop
  endfacet
  facet normal 0 0 1
    outer loop
      vertex 51.3892 -16.7137 12
      vertex 40.6107 -16.7137 12
      vertex 51.4467 -17.0023 12
    endloop
  endfacet
  facet normal 0 0 1
    outer loop
      vertex 40.5533 -17.0023 12
      vertex 51.4467 -17.0023 12
      vertex 40.6107 -16.7137 12
    endloop
  endfacet
  facet normal 0 0 1
    outer loop
      vertex 51.4467 -17.0023 12
      vertex 40.5533 -17.0023 12
      vertex 51.5413 -17.281 12
    endloop
  endfacet
  facet normal 0 0 1
    outer loop
      vertex 40.4587 -17.281 12
      vertex 51.5413 -17.281 12
      vertex 40.5533 -17.0023 12
    endloop
  endfacet
  facet normal 0 0 1
    outer loop
      vertex 51.5413 -17.281 12
      vertex 40.4587 -17.281 12
      vertex 51.6714 -17.545 12
    endloop
  endfacet
  facet normal 0 0 1
    outer loop
      vertex 40.3286 -17.545 12
      vertex 51.6714 -17.545 12
      vertex 40.4587 -17.281 12
    endloop
  endfacet
  facet normal 0 0 1
    outer loop
      vertex 51.6714 -17.545 12
      vertex 40.3286 -17.545 12
      vertex 51.835 -17.7897 12
    endloop
  endfacet
  facet normal 0 0 1
    outer loop
      vertex 40.165 -17.7897 12
      vertex 51.835 -17.7897 12
      vertex 40.3286 -17.545 12
    endloop
  endfacet
  facet normal 0 0 1
    outer loop
      vertex 51.835 -17.7897 12
      vertex 40.165 -17.7897 12
      vertex 52.029 -18.011 12
    endloop
  endfacet
  facet normal 0 0 1
    outer loop
      vertex 39.971 -18.011 12
      vertex 52.029 -18.011 12
      vertex 40.165 -17.7897 12
    endloop
  endfacet
  facet normal 0 0 1
    outer loop
      vertex 39.7497 -18.205 12
      vertex 52.029 -18.011 12
      vertex 39.971 -18.011 12
    endloop
  endfacet
  facet normal 0 0 1
    outer loop
      vertex 52.2503 -18.205 12
      vertex 39.7497 -18.205 12
      vertex 39.505 -18.3686 12
    endloop
  endfacet
  facet normal -0 0 1
    outer loop
      vertex 38.9623 -18.5933 12
      vertex 59.4019 -26 12
      vertex 39.241 -18.4987 12
    endloop
  endfacet
  facet normal 0 0 1
    outer loop
      vertex 59.4019 -26 12
      vertex 38.9623 -18.5933 12
      vertex 59.6199 -26.3263 12
    endloop
  endfacet
  facet normal -0 0 1
    outer loop
      vertex 38.6737 -18.6507 12
      vertex 59.6199 -26.3263 12
      vertex 38.9623 -18.5933 12
    endloop
  endfacet
  facet normal 0 0 1
    outer loop
      vertex 59.6199 -26.3263 12
      vertex 38.6737 -18.6507 12
      vertex 59.8787 -26.6213 12
    endloop
  endfacet
  facet normal -0 0 1
    outer loop
      vertex 38.38 -18.67 12
      vertex 59.8787 -26.6213 12
      vertex 38.6737 -18.6507 12
    endloop
  endfacet
  facet normal 0 0 1
    outer loop
      vertex 59.8787 -26.6213 12
      vertex 38.38 -18.67 12
      vertex 60.1737 -26.8801 12
    endloop
  endfacet
  facet normal 0 0 1
    outer loop
      vertex 38.0863 -18.6507 12
      vertex 60.1737 -26.8801 12
      vertex 38.38 -18.67 12
    endloop
  endfacet
  facet normal 0 0 1
    outer loop
      vertex 6.32628 -26.8801 12
      vertex 60.1737 -26.8801 12
      vertex 38.0863 -18.6507 12
    endloop
  endfacet
  facet normal 0 0 1
    outer loop
      vertex 6.32628 -26.8801 12
      vertex 38.0863 -18.6507 12
      vertex 37.7977 -18.5933 12
    endloop
  endfacet
  facet normal 0 0 1
    outer loop
      vertex 6.62132 -26.6213 12
      vertex 37.7977 -18.5933 12
      vertex 37.519 -18.4987 12
    endloop
  endfacet
  facet normal 0 0 1
    outer loop
      vertex 36.789 -14.829 12
      vertex 31.3 -15.5 12
      vertex 36.595 -15.0503 12
    endloop
  endfacet
  facet normal 0 0 1
    outer loop
      vertex 36.595 -15.0503 12
      vertex 31.3 -15.5 12
      vertex 36.4314 -15.295 12
    endloop
  endfacet
  facet normal 0 0 1
    outer loop
      vertex 36.4314 -15.295 12
      vertex 31.3 -15.5 12
      vertex 36.3013 -15.559 12
    endloop
  endfacet
  facet normal 0 0 1
    outer loop
      vertex 36.3013 -15.559 12
      vertex 31.3 -15.5 12
      vertex 36.2067 -15.8377 12
    endloop
  endfacet
  facet normal 0 0 1
    outer loop
      vertex 36.2067 -15.8377 12
      vertex 31.3 -15.5 12
      vertex 36.1492 -16.1263 12
    endloop
  endfacet
  facet normal 0 0 1
    outer loop
      vertex 36.1492 -16.1263 12
      vertex 31.3 -15.5 12
      vertex 36.13 -16.42 12
    endloop
  endfacet
  facet normal 0 0 1
    outer loop
      vertex 31.3 -5.5 12
      vertex 32.5981 -1.5 12
      vertex 32.3801 -1.82628 12
    endloop
  endfacet
  facet normal 0 0 1
    outer loop
      vertex 31.3 -5.5 12
      vertex 32.3801 -1.82628 12
      vertex 32.1213 -2.12132 12
    endloop
  endfacet
  facet normal 0 0 1
    outer loop
      vertex 31.3 -5.5 12
      vertex 32.1213 -2.12132 12
      vertex 31.8263 -2.38006 12
    endloop
  endfacet
  facet normal 0 0 1
    outer loop
      vertex 31.3 -5.5 12
      vertex 31.8263 -2.38006 12
      vertex 31.5 -2.59808 12
    endloop
  endfacet
  facet normal 0 0 1
    outer loop
      vertex 36.13 -16.42 12
      vertex 31.3 -15.5 12
      vertex 36.1492 -16.7137 12
    endloop
  endfacet
  facet normal 0 0 1
    outer loop
      vertex 36.1492 -16.7137 12
      vertex 31.3 -15.5 12
      vertex 36.2067 -17.0023 12
    endloop
  endfacet
  facet normal 0 0 1
    outer loop
      vertex 36.2067 -17.0023 12
      vertex 31.3 -15.5 12
      vertex 36.3013 -17.281 12
    endloop
  endfacet
  facet normal 0 0 1
    outer loop
      vertex 31.3 -15.5 12
      vertex 36.4314 -17.545 12
      vertex 36.3013 -17.281 12
    endloop
  endfacet
  facet normal 0 0 1
    outer loop
      vertex 31.3 -15.5 12
      vertex 36.595 -17.7897 12
      vertex 36.4314 -17.545 12
    endloop
  endfacet
  facet normal 0 0 1
    outer loop
      vertex 31.3 -15.5 12
      vertex 36.789 -18.011 12
      vertex 36.595 -17.7897 12
    endloop
  endfacet
  facet normal 0 0 1
    outer loop
      vertex 31.3 -15.5 12
      vertex 37.0103 -18.205 12
      vertex 36.789 -18.011 12
    endloop
  endfacet
  facet normal -0 0 1
    outer loop
      vertex 26.3 -15.5 12
      vertex 37.0103 -18.205 12
      vertex 31.3 -15.5 12
    endloop
  endfacet
  facet normal 0 0 1
    outer loop
      vertex 37.0103 -18.205 12
      vertex 26.3 -15.5 12
      vertex 37.255 -18.3686 12
    endloop
  endfacet
  facet normal 0 0 1
    outer loop
      vertex 7.09808 -26 12
      vertex 37.255 -18.3686 12
      vertex 26.3 -15.5 12
    endloop
  endfacet
  facet normal 0 0 1
    outer loop
      vertex 6.88006 -26.3263 12
      vertex 37.255 -18.3686 12
      vertex 7.09808 -26 12
    endloop
  endfacet
  facet normal 0 0 1
    outer loop
      vertex 13.7 -5.5 12
      vertex 26.3 -5.5 12
      vertex 24 -1.4 12
    endloop
  endfacet
  facet normal 0 0 1
    outer loop
      vertex 13.7 -5.5 12
      vertex 24 -1.4 12
      vertex 16 -1.4 12
    endloop
  endfacet
  facet normal -0 0 1
    outer loop
      vertex 8.7 5.5 12
      vertex 16 1.4 12
      vertex 13.7 5.5 12
    endloop
  endfacet
  facet normal 0 0 1
    outer loop
      vertex 16 1.4 12
      vertex 8.7 5.5 12
      vertex 16 -1.4 12
    endloop
  endfacet
  facet normal 0 0 1
    outer loop
      vertex 26.3 -5.5 12
      vertex 13.7 -5.5 12
      vertex 26.3 -15.5 12
    endloop
  endfacet
  facet normal 0 0 1
    outer loop
      vertex 13.7 -15.5 12
      vertex 26.3 -15.5 12
      vertex 13.7 -5.5 12
    endloop
  endfacet
  facet normal 0 0 1
    outer loop
      vertex 7.47433 -24.8916 12
      vertex 26.3 -15.5 12
      vertex 13.7 -15.5 12
    endloop
  endfacet
  facet normal 0 0 1
    outer loop
      vertex 7.5 -24.5 12
      vertex 13.7 -15.5 12
      vertex 8.7 -15.5 12
    endloop
  endfacet
  facet normal 0 0 1
    outer loop
      vertex 8.7 -5.5 12
      vertex 7.5 -24.5 12
      vertex 8.7 -15.5 12
    endloop
  endfacet
  facet normal 0 0 1
    outer loop
      vertex 7.47433 -24.8916 12
      vertex 13.7 -15.5 12
      vertex 7.5 -24.5 12
    endloop
  endfacet
  facet normal 0 0 1
    outer loop
      vertex 26.3 -15.5 12
      vertex 7.47433 -24.8916 12
      vertex 7.39778 -25.2765 12
    endloop
  endfacet
  facet normal 0 0 1
    outer loop
      vertex 26.3 -15.5 12
      vertex 7.39778 -25.2765 12
      vertex 7.27164 -25.648 12
    endloop
  endfacet
  facet normal 0 0 1
    outer loop
      vertex 7.09808 -26 12
      vertex 26.3 -15.5 12
      vertex 7.27164 -25.648 12
    endloop
  endfacet
  facet normal 0 0 1
    outer loop
      vertex 37.255 -18.3686 12
      vertex 6.88006 -26.3263 12
      vertex 37.519 -18.4987 12
    endloop
  endfacet
  facet normal 0 0 1
    outer loop
      vertex 37.519 -18.4987 12
      vertex 6.88006 -26.3263 12
      vertex 6.62132 -26.6213 12
    endloop
  endfacet
  facet normal 0 0 1
    outer loop
      vertex 37.7977 -18.5933 12
      vertex 6.62132 -26.6213 12
      vertex 6.32628 -26.8801 12
    endloop
  endfacet
  facet normal 0 0 1
    outer loop
      vertex 60.1737 -26.8801 12
      vertex 6.32628 -26.8801 12
      vertex 60.3532 -27 12
    endloop
  endfacet
  facet normal 0 0 1
    outer loop
      vertex 60.3532 -27 12
      vertex 6.32628 -26.8801 12
      vertex 6.14678 -27 12
    endloop
  endfacet
  facet normal 0 0 1
    outer loop
      vertex 31.8263 2.38006 12
      vertex 31.3 5.5 12
      vertex 31.5 2.59808 12
    endloop
  endfacet
  facet normal 0 0 1
    outer loop
      vertex 31.3 5.5 12
      vertex 31.148 2.77164 12
      vertex 31.5 2.59808 12
    endloop
  endfacet
  facet normal 0 0 1
    outer loop
      vertex 31.3 5.5 12
      vertex 30.7765 2.89778 12
      vertex 31.148 2.77164 12
    endloop
  endfacet
  facet normal 0 0 1
    outer loop
      vertex 31.3 5.5 12
      vertex 30.3916 2.97433 12
      vertex 30.7765 2.89778 12
    endloop
  endfacet
  facet normal 0 0 1
    outer loop
      vertex 31.3 5.5 12
      vertex 30 3 12
      vertex 30.3916 2.97433 12
    endloop
  endfacet
  facet normal 0 0 1
    outer loop
      vertex 31.3 5.5 12
      vertex 29.6084 2.97433 12
      vertex 30 3 12
    endloop
  endfacet
  facet normal 0 0 1
    outer loop
      vertex 31.3 5.5 12
      vertex 29.2235 2.89778 12
      vertex 29.6084 2.97433 12
    endloop
  endfacet
  facet normal -0 0 1
    outer loop
      vertex 26.3 5.5 12
      vertex 29.2235 2.89778 12
      vertex 31.3 5.5 12
    endloop
  endfacet
  facet normal 0 0 1
    outer loop
      vertex 29.2235 2.89778 12
      vertex 26.3 5.5 12
      vertex 28.8519 2.77164 12
    endloop
  endfacet
  facet normal 0 0 1
    outer loop
      vertex 28.8519 2.77164 12
      vertex 26.3 5.5 12
      vertex 28.5 2.59808 12
    endloop
  endfacet
  facet normal 0 0 1
    outer loop
      vertex 28.5 2.59808 12
      vertex 26.3 5.5 12
      vertex 28.1737 2.38006 12
    endloop
  endfacet
  facet normal 0 0 1
    outer loop
      vertex 27.1022 0.776457 12
      vertex 24 1.4 12
      vertex 27.0257 0.391578 12
    endloop
  endfacet
  facet normal 0 0 1
    outer loop
      vertex 27.2284 1.14805 12
      vertex 24 1.4 12
      vertex 27.1022 0.776457 12
    endloop
  endfacet
  facet normal 0 0 1
    outer loop
      vertex 27.4019 1.5 12
      vertex 24 1.4 12
      vertex 27.2284 1.14805 12
    endloop
  endfacet
  facet normal 0 0 1
    outer loop
      vertex 27.6199 1.82628 12
      vertex 24 1.4 12
      vertex 27.4019 1.5 12
    endloop
  endfacet
  facet normal 0 0 1
    outer loop
      vertex 24 1.4 12
      vertex 27.6199 1.82628 12
      vertex 26.3 5.5 12
    endloop
  endfacet
  facet normal 0 0 1
    outer loop
      vertex 27.8787 2.12132 12
      vertex 26.3 5.5 12
      vertex 27.6199 1.82628 12
    endloop
  endfacet
  facet normal 0 0 1
    outer loop
      vertex 28.1737 2.38006 12
      vertex 26.3 5.5 12
      vertex 27.8787 2.12132 12
    endloop
  endfacet
  facet normal 0 0 1
    outer loop
      vertex 67.9346 -27 12
      vertex 64.9743 -24.1084 12
      vertex 65 -24.5 12
    endloop
  endfacet
  facet normal 0 0 1
    outer loop
      vertex 67.9346 -27 12
      vertex 64.8978 -23.7235 12
      vertex 64.9743 -24.1084 12
    endloop
  endfacet
  facet normal 0 0 1
    outer loop
      vertex 67.9346 -27 12
      vertex 64.7716 -23.3519 12
      vertex 64.8978 -23.7235 12
    endloop
  endfacet
  facet normal 0 0 1
    outer loop
      vertex 67.4 -16 12
      vertex 64.5981 -23 12
      vertex 64.7716 -23.3519 12
    endloop
  endfacet
  facet normal 0 0 1
    outer loop
      vertex 67.4 -16 12
      vertex 64.3801 -22.6737 12
      vertex 64.5981 -23 12
    endloop
  endfacet
  facet normal 0 0 1
    outer loop
      vertex 67.4 -16 12
      vertex 64.1213 -22.3787 12
      vertex 64.3801 -22.6737 12
    endloop
  endfacet
  facet normal 0 0 1
    outer loop
      vertex 63.8263 -22.1199 12
      vertex 67.4 -16 12
      vertex 64 -16 12
    endloop
  endfacet
  facet normal 0 0 1
    outer loop
      vertex 67.4 -16 12
      vertex 63.8263 -22.1199 12
      vertex 64.1213 -22.3787 12
    endloop
  endfacet
  facet normal 0 0 1
    outer loop
      vertex 64 -14.2 12
      vertex 63.8263 -22.1199 12
      vertex 64 -16 12
    endloop
  endfacet
  facet normal -0 0 1
    outer loop
      vertex 62.3916 21.5257 12
      vertex 64 17.8 12
      vertex 62.7765 21.6022 12
    endloop
  endfacet
  facet normal 0 0 1
    outer loop
      vertex 64 -14.2 12
      vertex 63.5 -21.9019 12
      vertex 63.8263 -22.1199 12
    endloop
  endfacet
  facet normal -0 0 1
    outer loop
      vertex 62 21.5 12
      vertex 64 17.8 12
      vertex 62.3916 21.5257 12
    endloop
  endfacet
  facet normal 0 0 1
    outer loop
      vertex 64 -14.2 12
      vertex 63.148 -21.7284 12
      vertex 63.5 -21.9019 12
    endloop
  endfacet
  facet normal 0 0 1
    outer loop
      vertex 61.6084 21.5257 12
      vertex 64 17.8 12
      vertex 62 21.5 12
    endloop
  endfacet
  facet normal 0 0 1
    outer loop
      vertex 64 -14.2 12
      vertex 62.7765 -21.6022 12
      vertex 63.148 -21.7284 12
    endloop
  endfacet
  facet normal 0 0 1
    outer loop
      vertex 61.2235 21.6022 12
      vertex 64 17.8 12
      vertex 61.6084 21.5257 12
    endloop
  endfacet
  facet normal 0 0 1
    outer loop
      vertex 64 -14.2 12
      vertex 62.3916 -21.5257 12
      vertex 62.7765 -21.6022 12
    endloop
  endfacet
  facet normal 0 0 1
    outer loop
      vertex 60.852 21.7284 12
      vertex 64 17.8 12
      vertex 61.2235 21.6022 12
    endloop
  endfacet
  facet normal 0 0 1
    outer loop
      vertex 64 -14.2 12
      vertex 62 -21.5 12
      vertex 62.3916 -21.5257 12
    endloop
  endfacet
  facet normal 0 0 1
    outer loop
      vertex 64 17.8 12
      vertex 60.852 21.7284 12
      vertex 64 16 12
    endloop
  endfacet
  facet normal 0 0 1
    outer loop
      vertex 64 -14.2 12
      vertex 61.6084 -21.5257 12
      vertex 62 -21.5 12
    endloop
  endfacet
  facet normal 0 0 1
    outer loop
      vertex 60.5 21.9019 12
      vertex 64 16 12
      vertex 60.852 21.7284 12
    endloop
  endfacet
  facet normal 0 0 1
    outer loop
      vertex 64 -14.2 12
      vertex 61.2235 -21.6022 12
      vertex 61.6084 -21.5257 12
    endloop
  endfacet
  facet normal 0 0 1
    outer loop
      vertex 60.1737 22.1199 12
      vertex 64 16 12
      vertex 60.5 21.9019 12
    endloop
  endfacet
  facet normal 0 0 1
    outer loop
      vertex 55.8507 -16.7137 12
      vertex 64 -14.2 12
      vertex 55.87 -16.42 12
    endloop
  endfacet
  facet normal 0 0 1
    outer loop
      vertex 55.5686 23.095 12
      vertex 59.2284 23.3519 12
      vertex 55.6987 23.359 12
    endloop
  endfacet
  facet normal 0 0 1
    outer loop
      vertex 64 -14.2 12
      vertex 55.8507 -16.7137 12
      vertex 61.2235 -21.6022 12
    endloop
  endfacet
  facet normal -0 0 1
    outer loop
      vertex 55.6987 23.359 12
      vertex 59.2284 23.3519 12
      vertex 55.7933 23.6377 12
    endloop
  endfacet
  facet normal -0 0 1
    outer loop
      vertex 55.7933 -17.0023 12
      vertex 61.2235 -21.6022 12
      vertex 55.8507 -16.7137 12
    endloop
  endfacet
  facet normal 0 0 1
    outer loop
      vertex 59.2284 23.3519 12
      vertex 55.5686 23.095 12
      vertex 59.4019 23 12
    endloop
  endfacet
  facet normal 0 0 1
    outer loop
      vertex 61.2235 -21.6022 12
      vertex 55.7933 -17.0023 12
      vertex 60.852 -21.7284 12
    endloop
  endfacet
  facet normal 0 0 1
    outer loop
      vertex 55.405 22.8503 12
      vertex 59.4019 23 12
      vertex 55.5686 23.095 12
    endloop
  endfacet
  facet normal -0 0 1
    outer loop
      vertex 55.6987 -17.281 12
      vertex 60.852 -21.7284 12
      vertex 55.7933 -17.0023 12
    endloop
  endfacet
  facet normal 0 0 1
    outer loop
      vertex 59.1022 23.7235 12
      vertex 55.7933 23.6377 12
      vertex 59.2284 23.3519 12
    endloop
  endfacet
  facet normal 0 0 1
    outer loop
      vertex 64 16 12
      vertex 55.87 -16.42 12
      vertex 64 -14.2 12
    endloop
  endfacet
  facet normal 0 0 1
    outer loop
      vertex 55.7933 23.6377 12
      vertex 59.1022 23.7235 12
      vertex 55.8507 23.9263 12
    endloop
  endfacet
  facet normal 0 0 1
    outer loop
      vertex 60.852 -21.7284 12
      vertex 55.6987 -17.281 12
      vertex 60.5 -21.9019 12
    endloop
  endfacet
  facet normal 0 0 1
    outer loop
      vertex 59.0257 24.1084 12
      vertex 55.8507 23.9263 12
      vertex 59.1022 23.7235 12
    endloop
  endfacet
  facet normal -0 0 1
    outer loop
      vertex 55.5686 -17.545 12
      vertex 60.5 -21.9019 12
      vertex 55.6987 -17.281 12
    endloop
  endfacet
  facet normal 0 0 1
    outer loop
      vertex 55.8507 23.9263 12
      vertex 59.0257 24.1084 12
      vertex 55.87 24.22 12
    endloop
  endfacet
  facet normal 0 0 1
    outer loop
      vertex 60.5 -21.9019 12
      vertex 55.5686 -17.545 12
      vertex 60.1737 -22.1199 12
    endloop
  endfacet
  facet normal -0 0 1
    outer loop
      vertex 55.87 24.22 12
      vertex 59.0257 24.1084 12
      vertex 59 24.5 12
    endloop
  endfacet
  facet normal -0 0 1
    outer loop
      vertex 55.405 -17.7897 12
      vertex 60.1737 -22.1199 12
      vertex 55.5686 -17.545 12
    endloop
  endfacet
  facet normal -0 0 1
    outer loop
      vertex 64 16 12
      vertex 67.4 -14.2 12
      vertex 67.4 16 12
    endloop
  endfacet
  facet normal 0 0 1
    outer loop
      vertex 67.4 -14.2 12
      vertex 64 16 12
      vertex 64 -14.2 12
    endloop
  endfacet
  facet normal 0 0 1
    outer loop
      vertex 67.4 -14.2 12
      vertex 80 -14.2 12
      vertex 67.4 16 12
    endloop
  endfacet
  facet normal 0 0 1
    outer loop
      vertex 67.4 -16 12
      vertex 80 -14.2 12
      vertex 67.4 -14.2 12
    endloop
  endfacet
  facet normal 0 0 1
    outer loop
      vertex 80 -14.2 12
      vertex 67.4 -16 12
      vertex 67.9346 -27 12
    endloop
  endfacet
  facet normal -0 0 1
    outer loop
      vertex 64.7716 -23.3519 12
      vertex 67.9346 -27 12
      vertex 67.4 -16 12
    endloop
  endfacet
  facet normal -0 0 1
    outer loop
      vertex 64.9743 -24.8916 12
      vertex 67.9346 -27 12
      vertex 65 -24.5 12
    endloop
  endfacet
  facet normal -0 0 1
    outer loop
      vertex 64.8978 -25.2765 12
      vertex 67.9346 -27 12
      vertex 64.9743 -24.8916 12
    endloop
  endfacet
  facet normal -0 0 1
    outer loop
      vertex 64.7716 -25.648 12
      vertex 67.9346 -27 12
      vertex 64.8978 -25.2765 12
    endloop
  endfacet
  facet normal -0 0 1
    outer loop
      vertex 64.5981 -26 12
      vertex 67.9346 -27 12
      vertex 64.7716 -25.648 12
    endloop
  endfacet
  facet normal -0 0 1
    outer loop
      vertex 64.3801 -26.3263 12
      vertex 67.9346 -27 12
      vertex 64.5981 -26 12
    endloop
  endfacet
  facet normal -0 0 1
    outer loop
      vertex 64.1213 -26.6213 12
      vertex 67.9346 -27 12
      vertex 64.3801 -26.3263 12
    endloop
  endfacet
  facet normal -0 0 1
    outer loop
      vertex 63.8263 -26.8801 12
      vertex 67.9346 -27 12
      vertex 64.1213 -26.6213 12
    endloop
  endfacet
  facet normal 0 0 1
    outer loop
      vertex 67.9346 -27 12
      vertex 63.8263 -26.8801 12
      vertex 63.6468 -27 12
    endloop
  endfacet
  facet normal 0 0 1
    outer loop
      vertex 64.8978 23.7235 12
      vertex 68.3339 26.9738 12
      vertex 64.9743 24.1084 12
    endloop
  endfacet
  facet normal 0 0 1
    outer loop
      vertex 68.3339 26.9738 12
      vertex 64.8978 23.7235 12
      vertex 67.4 17.8 12
    endloop
  endfacet
  facet normal -0 0 1
    outer loop
      vertex 64.7716 23.3519 12
      vertex 67.4 17.8 12
      vertex 64.8978 23.7235 12
    endloop
  endfacet
  facet normal -0 0 1
    outer loop
      vertex 64.5981 23 12
      vertex 67.4 17.8 12
      vertex 64.7716 23.3519 12
    endloop
  endfacet
  facet normal -0 0 1
    outer loop
      vertex 64.3801 22.6737 12
      vertex 67.4 17.8 12
      vertex 64.5981 23 12
    endloop
  endfacet
  facet normal -0 0 1
    outer loop
      vertex 64.1213 22.3787 12
      vertex 67.4 17.8 12
      vertex 64.3801 22.6737 12
    endloop
  endfacet
  facet normal -0 0 1
    outer loop
      vertex 63.8263 22.1199 12
      vertex 67.4 17.8 12
      vertex 64.1213 22.3787 12
    endloop
  endfacet
  facet normal -0 0 1
    outer loop
      vertex 63.5 21.9019 12
      vertex 64 17.8 12
      vertex 63.8263 22.1199 12
    endloop
  endfacet
  facet normal -0 0 1
    outer loop
      vertex 63.148 21.7284 12
      vertex 64 17.8 12
      vertex 63.5 21.9019 12
    endloop
  endfacet
  facet normal -0 0 1
    outer loop
      vertex 62.7765 21.6022 12
      vertex 64 17.8 12
      vertex 63.148 21.7284 12
    endloop
  endfacet
  facet normal 0 0 1
    outer loop
      vertex 67.4 17.8 12
      vertex 63.8263 22.1199 12
      vertex 64 17.8 12
    endloop
  endfacet
  facet normal 0 0 1
    outer loop
      vertex 80 -14.2 12
      vertex 90.5 0 12
      vertex 80 16 12
    endloop
  endfacet
  facet normal 0 0 1
    outer loop
      vertex 90.5 0 12
      vertex 80 -14.2 12
      vertex 83.4 -14.2 12
    endloop
  endfacet
  facet normal 0 0 1
    outer loop
      vertex 98.9789 7.43584 12
      vertex 108 14.9346 12
      vertex 107.927 16.0435 12
    endloop
  endfacet
  facet normal 0 0 1
    outer loop
      vertex 108 14.9346 12
      vertex 105.5 0 12
      vertex 108 -14.9346 12
    endloop
  endfacet
  facet normal 0 0 1
    outer loop
      vertex 98.9789 7.43584 12
      vertex 107.927 16.0435 12
      vertex 107.723 17.0695 12
    endloop
  endfacet
  facet normal -0 0 1
    outer loop
      vertex 105.436 -0.978946 12
      vertex 108 -14.9346 12
      vertex 105.5 0 12
    endloop
  endfacet
  facet normal 0 0 1
    outer loop
      vertex 98.9789 7.43584 12
      vertex 107.723 17.0695 12
      vertex 107.387 18.0598 12
    endloop
  endfacet
  facet normal -0 0 1
    outer loop
      vertex 105.244 -1.94114 12
      vertex 108 -14.9346 12
      vertex 105.436 -0.978946 12
    endloop
  endfacet
  facet normal 0 0 1
    outer loop
      vertex 98.9789 7.43584 12
      vertex 107.387 18.0598 12
      vertex 106.924 18.9978 12
    endloop
  endfacet
  facet normal -0 0 1
    outer loop
      vertex 104.929 -2.87012 12
      vertex 108 -14.9346 12
      vertex 105.244 -1.94114 12
    endloop
  endfacet
  facet normal 0 0 1
    outer loop
      vertex 98.9789 7.43584 12
      vertex 106.924 18.9978 12
      vertex 106.343 19.8674 12
    endloop
  endfacet
  facet normal -0 0 1
    outer loop
      vertex 104.495 -3.75 12
      vertex 108 -14.9346 12
      vertex 104.929 -2.87012 12
    endloop
  endfacet
  facet normal 0 0 1
    outer loop
      vertex 98.9789 7.43584 12
      vertex 106.343 19.8674 12
      vertex 105.654 20.6538 12
    endloop
  endfacet
  facet normal -0 0 1
    outer loop
      vertex 103.95 -4.56571 12
      vertex 108 -14.9346 12
      vertex 104.495 -3.75 12
    endloop
  endfacet
  facet normal -0 0 1
    outer loop
      vertex 103.303 -5.3033 12
      vertex 108 -14.9346 12
      vertex 103.95 -4.56571 12
    endloop
  endfacet
  facet normal 0 0 1
    outer loop
      vertex 108 14.9346 12
      vertex 105.436 0.978946 12
      vertex 105.5 0 12
    endloop
  endfacet
  facet normal 0 0 1
    outer loop
      vertex 108 14.9346 12
      vertex 105.244 1.94114 12
      vertex 105.436 0.978946 12
    endloop
  endfacet
  facet normal 0 0 1
    outer loop
      vertex 108 14.9346 12
      vertex 104.929 2.87012 12
      vertex 105.244 1.94114 12
    endloop
  endfacet
  facet normal 0 0 1
    outer loop
      vertex 98.9789 7.43584 12
      vertex 105.654 20.6538 12
      vertex 104.867 21.3434 12
    endloop
  endfacet
  facet normal 0 0 1
    outer loop
      vertex 108 14.9346 12
      vertex 104.495 3.75 12
      vertex 104.929 2.87012 12
    endloop
  endfacet
  facet normal 0 0 1
    outer loop
      vertex 98.9789 7.43584 12
      vertex 104.867 21.3434 12
      vertex 103.998 21.9245 12
    endloop
  endfacet
  facet normal 0 0 1
    outer loop
      vertex 108 14.9346 12
      vertex 103.95 4.56571 12
      vertex 104.495 3.75 12
    endloop
  endfacet
  facet normal 0 0 1
    outer loop
      vertex 108 14.9346 12
      vertex 103.303 5.3033 12
      vertex 103.95 4.56571 12
    endloop
  endfacet
  facet normal 0 0 1
    outer loop
      vertex 98.9789 7.43584 12
      vertex 103.998 21.9245 12
      vertex 103.06 22.3871 12
    endloop
  endfacet
  facet normal 0 0 1
    outer loop
      vertex 108 14.9346 12
      vertex 102.566 5.95015 12
      vertex 103.303 5.3033 12
    endloop
  endfacet
  facet normal 0 0 1
    outer loop
      vertex 98.9789 7.43584 12
      vertex 103.06 22.3871 12
      vertex 102.069 22.7232 12
    endloop
  endfacet
  facet normal 0 0 1
    outer loop
      vertex 108 14.9346 12
      vertex 101.75 6.49519 12
      vertex 102.566 5.95015 12
    endloop
  endfacet
  facet normal 0 0 1
    outer loop
      vertex 98.9789 7.43584 12
      vertex 102.069 22.7232 12
      vertex 100.987 22.9386 12
    endloop
  endfacet
  facet normal 0 0 1
    outer loop
      vertex 108 14.9346 12
      vertex 100.87 6.9291 12
      vertex 101.75 6.49519 12
    endloop
  endfacet
  facet normal 0 0 1
    outer loop
      vertex 108 14.9346 12
      vertex 99.9411 7.24444 12
      vertex 100.87 6.9291 12
    endloop
  endfacet
  facet normal 0 0 1
    outer loop
      vertex 108 14.9346 12
      vertex 98.9789 7.43584 12
      vertex 99.9411 7.24444 12
    endloop
  endfacet
  facet normal 0 0 1
    outer loop
      vertex 100.987 22.9386 12
      vertex 98 7.5 12
      vertex 98.9789 7.43584 12
    endloop
  endfacet
  facet normal 0 0 1
    outer loop
      vertex 100.987 22.9386 12
      vertex 97.0211 7.43584 12
      vertex 98 7.5 12
    endloop
  endfacet
  facet normal 0 0 1
    outer loop
      vertex 100.987 22.9386 12
      vertex 96.0589 7.24444 12
      vertex 97.0211 7.43584 12
    endloop
  endfacet
  facet normal -0 0 1
    outer loop
      vertex 83.4 16 12
      vertex 96.0589 7.24444 12
      vertex 100.987 22.9386 12
    endloop
  endfacet
  facet normal 0 0 1
    outer loop
      vertex 96.0589 7.24444 12
      vertex 83.4 16 12
      vertex 95.1299 6.9291 12
    endloop
  endfacet
  facet normal 0 0 1
    outer loop
      vertex 95.1299 6.9291 12
      vertex 83.4 16 12
      vertex 94.25 6.49519 12
    endloop
  endfacet
  facet normal 0 0 1
    outer loop
      vertex 94.25 6.49519 12
      vertex 83.4 16 12
      vertex 93.4343 5.95015 12
    endloop
  endfacet
  facet normal 0 0 1
    outer loop
      vertex 93.4343 5.95015 12
      vertex 83.4 16 12
      vertex 92.6967 5.3033 12
    endloop
  endfacet
  facet normal 0 0 1
    outer loop
      vertex 92.6967 5.3033 12
      vertex 83.4 16 12
      vertex 92.0499 4.56571 12
    endloop
  endfacet
  facet normal 0 0 1
    outer loop
      vertex 91.0709 2.87012 12
      vertex 80 16 12
      vertex 90.7556 1.94114 12
    endloop
  endfacet
  facet normal -0 0 1
    outer loop
      vertex 80 16 12
      vertex 91.0709 2.87012 12
      vertex 83.4 16 12
    endloop
  endfacet
  facet normal 0 0 1
    outer loop
      vertex 91.5048 3.75 12
      vertex 83.4 16 12
      vertex 91.0709 2.87012 12
    endloop
  endfacet
  facet normal 0 0 1
    outer loop
      vertex 92.0499 4.56571 12
      vertex 83.4 16 12
      vertex 91.5048 3.75 12
    endloop
  endfacet
  facet normal 0 0 1
    outer loop
      vertex 83.4 16 12
      vertex 100.987 22.9386 12
      vertex 83.4 17.8 12
    endloop
  endfacet
  facet normal 0 0 1
    outer loop
      vertex 68.3339 26.9738 12
      vertex 83.4 17.8 12
      vertex 100.987 22.9386 12
    endloop
  endfacet
  facet normal -0 0 1
    outer loop
      vertex 67.4 17.8 12
      vertex 80 16 12
      vertex 80 17.8 12
    endloop
  endfacet
  facet normal 0 0 1
    outer loop
      vertex 67.4 16 12
      vertex 80 16 12
      vertex 67.4 17.8 12
    endloop
  endfacet
  facet normal 0 0 1
    outer loop
      vertex 67.4 17.8 12
      vertex 80 17.8 12
      vertex 68.3339 26.9738 12
    endloop
  endfacet
  facet normal 0 0 1
    outer loop
      vertex 83.4 17.8 12
      vertex 68.3339 26.9738 12
      vertex 80 17.8 12
    endloop
  endfacet
  facet normal -0 0 1
    outer loop
      vertex 102.566 -5.95015 12
      vertex 108 -14.9346 12
      vertex 103.303 -5.3033 12
    endloop
  endfacet
  facet normal -0 0 1
    outer loop
      vertex 101.75 -6.49519 12
      vertex 108 -14.9346 12
      vertex 102.566 -5.95015 12
    endloop
  endfacet
  facet normal -0 0 1
    outer loop
      vertex 100.87 -6.9291 12
      vertex 108 -14.9346 12
      vertex 101.75 -6.49519 12
    endloop
  endfacet
  facet normal -0 0 1
    outer loop
      vertex 99.9411 -7.24444 12
      vertex 108 -14.9346 12
      vertex 100.87 -6.9291 12
    endloop
  endfacet
  facet normal -0 0 1
    outer loop
      vertex 98.9789 -7.43584 12
      vertex 108 -14.9346 12
      vertex 99.9411 -7.24444 12
    endloop
  endfacet
  facet normal 0 0 1
    outer loop
      vertex 108 -14.9346 12
      vertex 98.9789 -7.43584 12
      vertex 107.927 -16.0435 12
    endloop
  endfacet
  facet normal 0 0 1
    outer loop
      vertex 107.927 -16.0435 12
      vertex 98.9789 -7.43584 12
      vertex 107.723 -17.0695 12
    endloop
  endfacet
  facet normal 0 0 1
    outer loop
      vertex 107.723 -17.0695 12
      vertex 98.9789 -7.43584 12
      vertex 107.387 -18.0598 12
    endloop
  endfacet
  facet normal 0 0 1
    outer loop
      vertex 107.387 -18.0598 12
      vertex 98.9789 -7.43584 12
      vertex 106.924 -18.9978 12
    endloop
  endfacet
  facet normal 0 0 1
    outer loop
      vertex 106.924 -18.9978 12
      vertex 98.9789 -7.43584 12
      vertex 106.343 -19.8674 12
    endloop
  endfacet
  facet normal 0 0 1
    outer loop
      vertex 106.343 -19.8674 12
      vertex 98.9789 -7.43584 12
      vertex 105.654 -20.6538 12
    endloop
  endfacet
  facet normal 0 0 1
    outer loop
      vertex 105.654 -20.6538 12
      vertex 98.9789 -7.43584 12
      vertex 104.867 -21.3434 12
    endloop
  endfacet
  facet normal 0 0 1
    outer loop
      vertex 104.867 -21.3434 12
      vertex 98.9789 -7.43584 12
      vertex 103.998 -21.9245 12
    endloop
  endfacet
  facet normal 0 0 1
    outer loop
      vertex 103.998 -21.9245 12
      vertex 98.9789 -7.43584 12
      vertex 103.06 -22.3871 12
    endloop
  endfacet
  facet normal 0 0 1
    outer loop
      vertex 103.06 -22.3871 12
      vertex 98.9789 -7.43584 12
      vertex 102.069 -22.7232 12
    endloop
  endfacet
  facet normal 0 0 1
    outer loop
      vertex 102.069 -22.7232 12
      vertex 98.9789 -7.43584 12
      vertex 100.987 -22.9386 12
    endloop
  endfacet
  facet normal -0 0 1
    outer loop
      vertex 98 -7.5 12
      vertex 100.987 -22.9386 12
      vertex 98.9789 -7.43584 12
    endloop
  endfacet
  facet normal 0 0 1
    outer loop
      vertex 97.0211 -7.43584 12
      vertex 100.987 -22.9386 12
      vertex 98 -7.5 12
    endloop
  endfacet
  facet normal 0 0 1
    outer loop
      vertex 96.0589 -7.24444 12
      vertex 100.987 -22.9386 12
      vertex 97.0211 -7.43584 12
    endloop
  endfacet
  facet normal 0 0 1
    outer loop
      vertex 83.4 -16 12
      vertex 96.0589 -7.24444 12
      vertex 95.1299 -6.9291 12
    endloop
  endfacet
  facet normal 0 0 1
    outer loop
      vertex 83.4 -14.2 12
      vertex 95.1299 -6.9291 12
      vertex 94.25 -6.49519 12
    endloop
  endfacet
  facet normal 0 0 1
    outer loop
      vertex 83.4 -14.2 12
      vertex 94.25 -6.49519 12
      vertex 93.4343 -5.95015 12
    endloop
  endfacet
  facet normal 0 0 1
    outer loop
      vertex 83.4 -14.2 12
      vertex 93.4343 -5.95015 12
      vertex 92.6967 -5.3033 12
    endloop
  endfacet
  facet normal 0 0 1
    outer loop
      vertex 83.4 -14.2 12
      vertex 92.6967 -5.3033 12
      vertex 92.0499 -4.56571 12
    endloop
  endfacet
  facet normal 0 0 1
    outer loop
      vertex 83.4 -14.2 12
      vertex 92.0499 -4.56571 12
      vertex 91.5048 -3.75 12
    endloop
  endfacet
  facet normal 0 0 1
    outer loop
      vertex 90.7556 1.94114 12
      vertex 80 16 12
      vertex 90.5642 0.978946 12
    endloop
  endfacet
  facet normal 0 0 1
    outer loop
      vertex 90.5642 0.978946 12
      vertex 80 16 12
      vertex 90.5 0 12
    endloop
  endfacet
  facet normal 0 0 1
    outer loop
      vertex 90.5 0 12
      vertex 83.4 -14.2 12
      vertex 90.5642 -0.978946 12
    endloop
  endfacet
  facet normal 0 0 1
    outer loop
      vertex 90.5642 -0.978946 12
      vertex 83.4 -14.2 12
      vertex 90.7556 -1.94114 12
    endloop
  endfacet
  facet normal 0 0 1
    outer loop
      vertex 90.7556 -1.94114 12
      vertex 83.4 -14.2 12
      vertex 91.0709 -2.87012 12
    endloop
  endfacet
  facet normal 0 0 1
    outer loop
      vertex 83.4 -14.2 12
      vertex 91.5048 -3.75 12
      vertex 91.0709 -2.87012 12
    endloop
  endfacet
  facet normal 0 0 1
    outer loop
      vertex 95.1299 -6.9291 12
      vertex 83.4 -14.2 12
      vertex 83.4 -16 12
    endloop
  endfacet
  facet normal 0 0 1
    outer loop
      vertex 96.0589 -7.24444 12
      vertex 83.4 -16 12
      vertex 100.987 -22.9386 12
    endloop
  endfacet
  facet normal 0 0 1
    outer loop
      vertex 68.3339 -26.9738 12
      vertex 83.4 -16 12
      vertex 80 -16 12
    endloop
  endfacet
  facet normal 0 0 1
    outer loop
      vertex 83.4 -16 12
      vertex 68.3339 -26.9738 12
      vertex 100.987 -22.9386 12
    endloop
  endfacet
  facet normal 0 0 1
    outer loop
      vertex 80 16 12
      vertex 67.4 16 12
      vertex 80 -14.2 12
    endloop
  endfacet
  facet normal 0 0 1
    outer loop
      vertex 64.9743 24.1084 12
      vertex 67.9346 27 12
      vertex 65 24.5 12
    endloop
  endfacet
  facet normal 0 -0 1
    outer loop
      vertex 68.3339 -26.9738 12
      vertex 80 -14.2 12
      vertex 67.9346 -27 12
    endloop
  endfacet
  facet normal 0 0 1
    outer loop
      vertex 80 -14.2 12
      vertex 68.3339 -26.9738 12
      vertex 80 -16 12
    endloop
  endfacet
  facet normal 0 0 1
    outer loop
      vertex 67.9346 27 12
      vertex 64.9743 24.1084 12
      vertex 68.3339 26.9738 12
    endloop
  endfacet
  facet normal 0 0 1
    outer loop
      vertex 67.9346 27 12
      vertex 64.9743 24.8916 12
      vertex 65 24.5 12
    endloop
  endfacet
  facet normal 0 0 1
    outer loop
      vertex 67.9346 27 12
      vertex 64.8978 25.2765 12
      vertex 64.9743 24.8916 12
    endloop
  endfacet
  facet normal 0 0 1
    outer loop
      vertex 67.9346 27 12
      vertex 64.7716 25.648 12
      vertex 64.8978 25.2765 12
    endloop
  endfacet
  facet normal 0 0 1
    outer loop
      vertex 67.9346 27 12
      vertex 64.5981 26 12
      vertex 64.7716 25.648 12
    endloop
  endfacet
  facet normal 0 0 1
    outer loop
      vertex 67.9346 27 12
      vertex 64.3801 26.3263 12
      vertex 64.5981 26 12
    endloop
  endfacet
  facet normal 0 0 1
    outer loop
      vertex 67.9346 27 12
      vertex 64.1213 26.6213 12
      vertex 64.3801 26.3263 12
    endloop
  endfacet
  facet normal 0 0 1
    outer loop
      vertex 67.9346 27 12
      vertex 63.8263 26.8801 12
      vertex 64.1213 26.6213 12
    endloop
  endfacet
  facet normal 0 -0 1
    outer loop
      vertex 63.8263 26.8801 12
      vertex 67.9346 27 12
      vertex 63.6468 27 12
    endloop
  endfacet
  facet normal 1 0 0
    outer loop
      vertex 2 22.8532 32
      vertex 2 5 24.5
      vertex 2 22.8532 12
    endloop
  endfacet
  facet normal 1 0 0
    outer loop
      vertex 2 22.8532 32
      vertex 2 -5 24.5
      vertex 2 5 24.5
    endloop
  endfacet
  facet normal 1 0 0
    outer loop
      vertex 2 -5 24.5
      vertex 2 -22.8532 32
      vertex 2 -5 19.5
    endloop
  endfacet
  facet normal 1 -0 0
    outer loop
      vertex 2 -22.8532 32
      vertex 2 -5 24.5
      vertex 2 22.8532 32
    endloop
  endfacet
  facet normal 1 -0 0
    outer loop
      vertex 2 5 19.5
      vertex 2 22.8532 12
      vertex 2 5 24.5
    endloop
  endfacet
  facet normal 1 -0 0
    outer loop
      vertex 2 -5 19.5
      vertex 2 22.8532 12
      vertex 2 5 19.5
    endloop
  endfacet
  facet normal 1 0 0
    outer loop
      vertex 2 -5 19.5
      vertex 2 -22.8532 12
      vertex 2 22.8532 12
    endloop
  endfacet
  facet normal 1 0 0
    outer loop
      vertex 2 -22.8532 12
      vertex 2 -5 19.5
      vertex 2 -22.8532 32
    endloop
  endfacet
  facet normal 0 -1 0
    outer loop
      vertex 63.6468 27 12
      vertex 67.9346 27 32
      vertex 63.6468 27 32
    endloop
  endfacet
  facet normal 0 -1 -0
    outer loop
      vertex 67.9346 27 32
      vertex 63.6468 27 12
      vertex 67.9346 27 12
    endloop
  endfacet
  facet normal 0 -1 0
    outer loop
      vertex 15.1556 27 17.8315
      vertex 17.7 27 32
      vertex 6.14678 27 32
    endloop
  endfacet
  facet normal 0 -1 0
    outer loop
      vertex 17.7 27 32
      vertex 15.1556 27 17.8315
      vertex 15.5 27 17.9
    endloop
  endfacet
  facet normal 0 -1 0
    outer loop
      vertex 6.14678 27 32
      vertex 14.8636 27 17.6364
      vertex 15.1556 27 17.8315
    endloop
  endfacet
  facet normal 0 -1 0
    outer loop
      vertex 6.14678 27 32
      vertex 14.6685 27 17.3444
      vertex 14.8636 27 17.6364
    endloop
  endfacet
  facet normal 0 -1 0
    outer loop
      vertex 6.14678 27 12
      vertex 14.6685 27 17.3444
      vertex 6.14678 27 32
    endloop
  endfacet
  facet normal 0 -1 0
    outer loop
      vertex 14.6685 27 17.3444
      vertex 6.14678 27 12
      vertex 14.6 27 17
    endloop
  endfacet
  facet normal 0 -1 0
    outer loop
      vertex 15.8444 27 16.1685
      vertex 18.1753 27 15.5998
      vertex 18.0081 27 15.85
    endloop
  endfacet
  facet normal 0 -1 0
    outer loop
      vertex 15.8444 27 16.1685
      vertex 18.3737 27 15.3737
      vertex 18.1753 27 15.5998
    endloop
  endfacet
  facet normal 0 -1 0
    outer loop
      vertex 6.14678 27 12
      vertex 15.5 27 16.1
      vertex 15.1556 27 16.1685
    endloop
  endfacet
  facet normal 0 -1 0
    outer loop
      vertex 15.5 27 16.1
      vertex 18.5998 27 15.1753
      vertex 18.3737 27 15.3737
    endloop
  endfacet
  facet normal 0 -1 0
    outer loop
      vertex 15.5 27 16.1
      vertex 18.85 27 15.0081
      vertex 18.5998 27 15.1753
    endloop
  endfacet
  facet normal 0 -1 -0
    outer loop
      vertex 15.5 27 16.1
      vertex 6.14678 27 12
      vertex 18.85 27 15.0081
    endloop
  endfacet
  facet normal 0 -1 -0
    outer loop
      vertex 18.85 27 15.0081
      vertex 6.14678 27 12
      vertex 19.1198 27 14.8751
    endloop
  endfacet
  facet normal 0 -1 -0
    outer loop
      vertex 19.6998 27 14.7197
      vertex 6.14678 27 12
      vertex 20 27 14.7
    endloop
  endfacet
  facet normal 0 -1 -0
    outer loop
      vertex 19.4047 27 14.7784
      vertex 6.14678 27 12
      vertex 19.6998 27 14.7197
    endloop
  endfacet
  facet normal 0 -1 -0
    outer loop
      vertex 19.1198 27 14.8751
      vertex 6.14678 27 12
      vertex 19.4047 27 14.7784
    endloop
  endfacet
  facet normal 0 -1 -0
    outer loop
      vertex 14.8636 27 16.3636
      vertex 6.14678 27 12
      vertex 15.1556 27 16.1685
    endloop
  endfacet
  facet normal 0 -1 -0
    outer loop
      vertex 14.6685 27 16.6556
      vertex 6.14678 27 12
      vertex 14.8636 27 16.3636
    endloop
  endfacet
  facet normal 0 -1 -0
    outer loop
      vertex 14.6 27 17
      vertex 6.14678 27 12
      vertex 14.6685 27 16.6556
    endloop
  endfacet
  facet normal 0 -1 0
    outer loop
      vertex 15.8444 27 17.8315
      vertex 17.7 27 32
      vertex 15.5 27 17.9
    endloop
  endfacet
  facet normal 0 -1 0
    outer loop
      vertex 17.7 27 17
      vertex 15.8444 27 17.8315
      vertex 16.1364 27 17.6364
    endloop
  endfacet
  facet normal 0 -1 0
    outer loop
      vertex 17.7 27 17
      vertex 16.1364 27 17.6364
      vertex 16.3315 27 17.3444
    endloop
  endfacet
  facet normal 0 -1 0
    outer loop
      vertex 17.7 27 17
      vertex 16.3315 27 17.3444
      vertex 16.4 27 17
    endloop
  endfacet
  facet normal 0 -1 0
    outer loop
      vertex 15.8444 27 17.8315
      vertex 17.7 27 17
      vertex 17.7 27 32
    endloop
  endfacet
  facet normal 0 -1 0
    outer loop
      vertex 16.4 27 17
      vertex 17.7197 27 16.6998
      vertex 17.7 27 17
    endloop
  endfacet
  facet normal 0 -1 0
    outer loop
      vertex 16.3315 27 16.6556
      vertex 17.7197 27 16.6998
      vertex 16.4 27 17
    endloop
  endfacet
  facet normal 0 -1 0
    outer loop
      vertex 16.3315 27 16.6556
      vertex 17.7784 27 16.4047
      vertex 17.7197 27 16.6998
    endloop
  endfacet
  facet normal 0 -1 0
    outer loop
      vertex 16.1364 27 16.3636
      vertex 17.7784 27 16.4047
      vertex 16.3315 27 16.6556
    endloop
  endfacet
  facet normal 0 -1 0
    outer loop
      vertex 18.0081 27 15.85
      vertex 16.1364 27 16.3636
      vertex 15.8444 27 16.1685
    endloop
  endfacet
  facet normal 0 -1 0
    outer loop
      vertex 16.1364 27 16.3636
      vertex 17.8751 27 16.1198
      vertex 17.7784 27 16.4047
    endloop
  endfacet
  facet normal 0 -1 0
    outer loop
      vertex 18.3737 27 15.3737
      vertex 15.8444 27 16.1685
      vertex 15.5 27 16.1
    endloop
  endfacet
  facet normal 0 -1 0
    outer loop
      vertex 16.1364 27 16.3636
      vertex 18.0081 27 15.85
      vertex 17.8751 27 16.1198
    endloop
  endfacet
  facet normal 0 -1 0
    outer loop
      vertex 22.3 27 32
      vertex 40.5 27 25.1
      vertex 60.3532 27 32
    endloop
  endfacet
  facet normal 0 -1 0
    outer loop
      vertex 24.8444 27 17.8315
      vertex 22.3 27 32
      vertex 24.5 27 17.9
    endloop
  endfacet
  facet normal 0 -1 0
    outer loop
      vertex 22.3 27 32
      vertex 24.1556 27 17.8315
      vertex 24.5 27 17.9
    endloop
  endfacet
  facet normal 0 -1 0
    outer loop
      vertex 22.3 27 17
      vertex 24.1556 27 17.8315
      vertex 22.3 27 32
    endloop
  endfacet
  facet normal 0 -1 0
    outer loop
      vertex 24.1556 27 17.8315
      vertex 22.3 27 17
      vertex 23.8636 27 17.6364
    endloop
  endfacet
  facet normal 0 -1 0
    outer loop
      vertex 23.8636 27 17.6364
      vertex 22.3 27 17
      vertex 23.6685 27 17.3444
    endloop
  endfacet
  facet normal 0 -1 0
    outer loop
      vertex 22.3 27 17
      vertex 23.6 27 17
      vertex 23.6685 27 17.3444
    endloop
  endfacet
  facet normal 0 -1 0
    outer loop
      vertex 22.2803 27 16.6998
      vertex 23.6 27 17
      vertex 22.3 27 17
    endloop
  endfacet
  facet normal 0 -1 0
    outer loop
      vertex 22.2803 27 16.6998
      vertex 23.6685 27 16.6556
      vertex 23.6 27 17
    endloop
  endfacet
  facet normal 0 -1 0
    outer loop
      vertex 22.2216 27 16.4047
      vertex 23.6685 27 16.6556
      vertex 22.2803 27 16.6998
    endloop
  endfacet
  facet normal 0 -1 0
    outer loop
      vertex 22.2216 27 16.4047
      vertex 23.8636 27 16.3636
      vertex 23.6685 27 16.6556
    endloop
  endfacet
  facet normal 0 -1 0
    outer loop
      vertex 22.1249 27 16.1198
      vertex 23.8636 27 16.3636
      vertex 22.2216 27 16.4047
    endloop
  endfacet
  facet normal 0 -1 0
    outer loop
      vertex 21.9919 27 15.85
      vertex 23.8636 27 16.3636
      vertex 22.1249 27 16.1198
    endloop
  endfacet
  facet normal 0 -1 -0
    outer loop
      vertex 23.8636 27 16.3636
      vertex 21.9919 27 15.85
      vertex 24.1556 27 16.1685
    endloop
  endfacet
  facet normal 0 -1 0
    outer loop
      vertex 21.8247 27 15.5998
      vertex 24.1556 27 16.1685
      vertex 21.9919 27 15.85
    endloop
  endfacet
  facet normal 0 -1 0
    outer loop
      vertex 51.5 27 25.1
      vertex 60.3532 27 32
      vertex 40.5 27 25.1
    endloop
  endfacet
  facet normal 0 -1 0
    outer loop
      vertex 60.3532 27 12
      vertex 51.5 27 25.1
      vertex 51.5 27 17.1
    endloop
  endfacet
  facet normal 0 -1 0
    outer loop
      vertex 25.1364 27 16.3636
      vertex 40.5 27 17.1
      vertex 25.3315 27 16.6556
    endloop
  endfacet
  facet normal 0 -1 0
    outer loop
      vertex 24.8444 27 16.1685
      vertex 40.5 27 17.1
      vertex 25.1364 27 16.3636
    endloop
  endfacet
  facet normal 0 -1 0
    outer loop
      vertex 20.8802 27 14.8751
      vertex 40.5 27 17.1
      vertex 24.8444 27 16.1685
    endloop
  endfacet
  facet normal 0 -1 0
    outer loop
      vertex 20.8802 27 14.8751
      vertex 24.8444 27 16.1685
      vertex 24.5 27 16.1
    endloop
  endfacet
  facet normal 0 -1 0
    outer loop
      vertex 21.6263 27 15.3737
      vertex 24.1556 27 16.1685
      vertex 21.8247 27 15.5998
    endloop
  endfacet
  facet normal 0 -1 -0
    outer loop
      vertex 24.1556 27 16.1685
      vertex 21.6263 27 15.3737
      vertex 24.5 27 16.1
    endloop
  endfacet
  facet normal 0 -1 0
    outer loop
      vertex 21.4002 27 15.1753
      vertex 24.5 27 16.1
      vertex 21.6263 27 15.3737
    endloop
  endfacet
  facet normal 0 -1 0
    outer loop
      vertex 21.15 27 15.0081
      vertex 24.5 27 16.1
      vertex 21.4002 27 15.1753
    endloop
  endfacet
  facet normal 0 -1 0
    outer loop
      vertex 20.8802 27 14.8751
      vertex 24.5 27 16.1
      vertex 21.15 27 15.0081
    endloop
  endfacet
  facet normal 0 -1 0
    outer loop
      vertex 20.5953 27 14.7784
      vertex 40.5 27 17.1
      vertex 20.8802 27 14.8751
    endloop
  endfacet
  facet normal 0 -1 -0
    outer loop
      vertex 40.5 27 17.1
      vertex 20.5953 27 14.7784
      vertex 60.3532 27 12
    endloop
  endfacet
  facet normal 0 -1 0
    outer loop
      vertex 60.3532 27 12
      vertex 20.5953 27 14.7784
      vertex 20.3002 27 14.7197
    endloop
  endfacet
  facet normal 0 -1 0
    outer loop
      vertex 6.14678 27 12
      vertex 20.3002 27 14.7197
      vertex 20 27 14.7
    endloop
  endfacet
  facet normal 0 -1 0
    outer loop
      vertex 60.3532 27 12
      vertex 20.3002 27 14.7197
      vertex 6.14678 27 12
    endloop
  endfacet
  facet normal 0 -1 0
    outer loop
      vertex 51.5 27 25.1
      vertex 60.3532 27 12
      vertex 60.3532 27 32
    endloop
  endfacet
  facet normal 0 -1 0
    outer loop
      vertex 40.5 27 17.1
      vertex 60.3532 27 12
      vertex 51.5 27 17.1
    endloop
  endfacet
  facet normal 0 -1 0
    outer loop
      vertex 22.3 27 32
      vertex 24.8444 27 17.8315
      vertex 40.5 27 25.1
    endloop
  endfacet
  facet normal 0 -1 0
    outer loop
      vertex 25.1364 27 17.6364
      vertex 40.5 27 25.1
      vertex 24.8444 27 17.8315
    endloop
  endfacet
  facet normal 0 -1 0
    outer loop
      vertex 25.3315 27 17.3444
      vertex 40.5 27 25.1
      vertex 25.1364 27 17.6364
    endloop
  endfacet
  facet normal 0 -1 0
    outer loop
      vertex 25.3315 27 17.3444
      vertex 40.5 27 17.1
      vertex 40.5 27 25.1
    endloop
  endfacet
  facet normal 0 -1 0
    outer loop
      vertex 25.3315 27 16.6556
      vertex 40.5 27 17.1
      vertex 25.4 27 17
    endloop
  endfacet
  facet normal 0 -1 0
    outer loop
      vertex 25.4 27 17
      vertex 40.5 27 17.1
      vertex 25.3315 27 17.3444
    endloop
  endfacet
  facet normal -0.065474 -0.997854 0
    outer loop
      vertex 67.9346 27 12
      vertex 68.3339 26.9738 32
      vertex 67.9346 27 32
    endloop
  endfacet
  facet normal -0.065474 -0.997854 -0
    outer loop
      vertex 68.3339 26.9738 32
      vertex 67.9346 27 12
      vertex 68.3339 26.9738 12
    endloop
  endfacet
  facet normal -0.122645 -0.992451 0
    outer loop
      vertex 68.3339 26.9738 12
      vertex 100.987 22.9386 32
      vertex 68.3339 26.9738 32
    endloop
  endfacet
  facet normal -0.122645 -0.992451 -0
    outer loop
      vertex 100.987 22.9386 32
      vertex 68.3339 26.9738 12
      vertex 100.987 22.9386 12
    endloop
  endfacet
  facet normal -0.195244 -0.980755 0
    outer loop
      vertex 100.987 22.9386 12
      vertex 102.069 22.7232 32
      vertex 100.987 22.9386 32
    endloop
  endfacet
  facet normal -0.195244 -0.980755 -0
    outer loop
      vertex 102.069 22.7232 32
      vertex 100.987 22.9386 12
      vertex 102.069 22.7232 12
    endloop
  endfacet
  facet normal -0.321183 -0.947017 0
    outer loop
      vertex 102.069 22.7232 12
      vertex 103.06 22.3871 32
      vertex 102.069 22.7232 32
    endloop
  endfacet
  facet normal -0.321183 -0.947017 -0
    outer loop
      vertex 103.06 22.3871 32
      vertex 102.069 22.7232 12
      vertex 103.06 22.3871 12
    endloop
  endfacet
  facet normal -0.442311 -0.896862 0
    outer loop
      vertex 103.06 22.3871 12
      vertex 103.998 21.9245 32
      vertex 103.06 22.3871 32
    endloop
  endfacet
  facet normal -0.442311 -0.896862 -0
    outer loop
      vertex 103.998 21.9245 32
      vertex 103.06 22.3871 12
      vertex 103.998 21.9245 12
    endloop
  endfacet
  facet normal -0.55587 -0.831269 0
    outer loop
      vertex 103.998 21.9245 12
      vertex 104.867 21.3434 32
      vertex 103.998 21.9245 32
    endloop
  endfacet
  facet normal -0.55587 -0.831269 -0
    outer loop
      vertex 104.867 21.3434 32
      vertex 103.998 21.9245 12
      vertex 104.867 21.3434 12
    endloop
  endfacet
  facet normal -0.659032 -0.752115 0
    outer loop
      vertex 104.867 21.3434 12
      vertex 105.654 20.6538 32
      vertex 104.867 21.3434 32
    endloop
  endfacet
  facet normal -0.659032 -0.752115 -0
    outer loop
      vertex 105.654 20.6538 32
      vertex 104.867 21.3434 12
      vertex 105.654 20.6538 12
    endloop
  endfacet
  facet normal -0.75215 -0.658992 0
    outer loop
      vertex 106.343 19.8674 12
      vertex 105.654 20.6538 32
      vertex 105.654 20.6538 12
    endloop
  endfacet
  facet normal -0.75215 -0.658992 0
    outer loop
      vertex 105.654 20.6538 32
      vertex 106.343 19.8674 12
      vertex 106.343 19.8674 32
    endloop
  endfacet
  facet normal -0.831491 -0.555538 0
    outer loop
      vertex 106.924 18.9978 12
      vertex 106.343 19.8674 32
      vertex 106.343 19.8674 12
    endloop
  endfacet
  facet normal -0.831491 -0.555538 0
    outer loop
      vertex 106.343 19.8674 32
      vertex 106.924 18.9978 12
      vertex 106.924 18.9978 32
    endloop
  endfacet
  facet normal -0.89671 -0.442619 0
    outer loop
      vertex 107.387 18.0598 12
      vertex 106.924 18.9978 32
      vertex 106.924 18.9978 12
    endloop
  endfacet
  facet normal -0.89671 -0.442619 0
    outer loop
      vertex 106.924 18.9978 32
      vertex 107.387 18.0598 12
      vertex 107.387 18.0598 32
    endloop
  endfacet
  facet normal -0.946977 -0.321301 0
    outer loop
      vertex 107.723 17.0695 12
      vertex 107.387 18.0598 32
      vertex 107.387 18.0598 12
    endloop
  endfacet
  facet normal -0.946977 -0.321301 0
    outer loop
      vertex 107.387 18.0598 32
      vertex 107.723 17.0695 12
      vertex 107.723 17.0695 32
    endloop
  endfacet
  facet normal -0.980801 -0.195013 0
    outer loop
      vertex 107.927 16.0435 12
      vertex 107.723 17.0695 32
      vertex 107.723 17.0695 12
    endloop
  endfacet
  facet normal -0.980801 -0.195013 0
    outer loop
      vertex 107.723 17.0695 32
      vertex 107.927 16.0435 12
      vertex 107.927 16.0435 32
    endloop
  endfacet
  facet normal -0.99784 -0.0656888 0
    outer loop
      vertex 108 14.9346 12
      vertex 107.927 16.0435 32
      vertex 107.927 16.0435 12
    endloop
  endfacet
  facet normal -0.99784 -0.0656888 0
    outer loop
      vertex 107.927 16.0435 32
      vertex 108 14.9346 12
      vertex 108 14.9346 32
    endloop
  endfacet
  facet normal -1 0 0
    outer loop
      vertex 108 -14.9346 12
      vertex 108 14.9346 32
      vertex 108 14.9346 12
    endloop
  endfacet
  facet normal -1 -0 0
    outer loop
      vertex 108 14.9346 32
      vertex 108 -14.9346 12
      vertex 108 -14.9346 32
    endloop
  endfacet
  facet normal -0.99784 0.0656888 0
    outer loop
      vertex 107.927 -16.0435 12
      vertex 108 -14.9346 32
      vertex 108 -14.9346 12
    endloop
  endfacet
  facet normal -0.99784 0.0656888 0
    outer loop
      vertex 108 -14.9346 32
      vertex 107.927 -16.0435 12
      vertex 107.927 -16.0435 32
    endloop
  endfacet
  facet normal -0.980801 0.195013 0
    outer loop
      vertex 107.723 -17.0695 12
      vertex 107.927 -16.0435 32
      vertex 107.927 -16.0435 12
    endloop
  endfacet
  facet normal -0.980801 0.195013 0
    outer loop
      vertex 107.927 -16.0435 32
      vertex 107.723 -17.0695 12
      vertex 107.723 -17.0695 32
    endloop
  endfacet
  facet normal -0.946977 0.321301 0
    outer loop
      vertex 107.387 -18.0598 12
      vertex 107.723 -17.0695 32
      vertex 107.723 -17.0695 12
    endloop
  endfacet
  facet normal -0.946977 0.321301 0
    outer loop
      vertex 107.723 -17.0695 32
      vertex 107.387 -18.0598 12
      vertex 107.387 -18.0598 32
    endloop
  endfacet
  facet normal -0.89671 0.442619 0
    outer loop
      vertex 106.924 -18.9978 12
      vertex 107.387 -18.0598 32
      vertex 107.387 -18.0598 12
    endloop
  endfacet
  facet normal -0.89671 0.442619 0
    outer loop
      vertex 107.387 -18.0598 32
      vertex 106.924 -18.9978 12
      vertex 106.924 -18.9978 32
    endloop
  endfacet
  facet normal -0.831491 0.555538 0
    outer loop
      vertex 106.343 -19.8674 12
      vertex 106.924 -18.9978 32
      vertex 106.924 -18.9978 12
    endloop
  endfacet
  facet normal -0.831491 0.555538 0
    outer loop
      vertex 106.924 -18.9978 32
      vertex 106.343 -19.8674 12
      vertex 106.343 -19.8674 32
    endloop
  endfacet
  facet normal -0.75215 0.658992 0
    outer loop
      vertex 105.654 -20.6538 12
      vertex 106.343 -19.8674 32
      vertex 106.343 -19.8674 12
    endloop
  endfacet
  facet normal -0.75215 0.658992 0
    outer loop
      vertex 106.343 -19.8674 32
      vertex 105.654 -20.6538 12
      vertex 105.654 -20.6538 32
    endloop
  endfacet
  facet normal -0.659032 0.752115 0
    outer loop
      vertex 105.654 -20.6538 12
      vertex 104.867 -21.3434 32
      vertex 105.654 -20.6538 32
    endloop
  endfacet
  facet normal -0.659032 0.752115 0
    outer loop
      vertex 104.867 -21.3434 32
      vertex 105.654 -20.6538 12
      vertex 104.867 -21.3434 12
    endloop
  endfacet
  facet normal -0.55587 0.831269 0
    outer loop
      vertex 104.867 -21.3434 12
      vertex 103.998 -21.9245 32
      vertex 104.867 -21.3434 32
    endloop
  endfacet
  facet normal -0.55587 0.831269 0
    outer loop
      vertex 103.998 -21.9245 32
      vertex 104.867 -21.3434 12
      vertex 103.998 -21.9245 12
    endloop
  endfacet
  facet normal -0.442311 0.896862 0
    outer loop
      vertex 103.998 -21.9245 12
      vertex 103.06 -22.3871 32
      vertex 103.998 -21.9245 32
    endloop
  endfacet
  facet normal -0.442311 0.896862 0
    outer loop
      vertex 103.06 -22.3871 32
      vertex 103.998 -21.9245 12
      vertex 103.06 -22.3871 12
    endloop
  endfacet
  facet normal -0.321183 0.947017 0
    outer loop
      vertex 103.06 -22.3871 12
      vertex 102.069 -22.7232 32
      vertex 103.06 -22.3871 32
    endloop
  endfacet
  facet normal -0.321183 0.947017 0
    outer loop
      vertex 102.069 -22.7232 32
      vertex 103.06 -22.3871 12
      vertex 102.069 -22.7232 12
    endloop
  endfacet
  facet normal -0.195244 0.980755 0
    outer loop
      vertex 102.069 -22.7232 12
      vertex 100.987 -22.9386 32
      vertex 102.069 -22.7232 32
    endloop
  endfacet
  facet normal -0.195244 0.980755 0
    outer loop
      vertex 100.987 -22.9386 32
      vertex 102.069 -22.7232 12
      vertex 100.987 -22.9386 12
    endloop
  endfacet
  facet normal -0.122645 0.992451 0
    outer loop
      vertex 100.987 -22.9386 12
      vertex 68.3339 -26.9738 32
      vertex 100.987 -22.9386 32
    endloop
  endfacet
  facet normal -0.122645 0.992451 0
    outer loop
      vertex 68.3339 -26.9738 32
      vertex 100.987 -22.9386 12
      vertex 68.3339 -26.9738 12
    endloop
  endfacet
  facet normal -0.065474 0.997854 0
    outer loop
      vertex 68.3339 -26.9738 12
      vertex 67.9346 -27 32
      vertex 68.3339 -26.9738 32
    endloop
  endfacet
  facet normal -0.065474 0.997854 0
    outer loop
      vertex 67.9346 -27 32
      vertex 68.3339 -26.9738 12
      vertex 67.9346 -27 12
    endloop
  endfacet
  facet normal 0 1 -0
    outer loop
      vertex 67.9346 -27 12
      vertex 63.6468 -27 32
      vertex 67.9346 -27 32
    endloop
  endfacet
  facet normal 0 1 0
    outer loop
      vertex 63.6468 -27 32
      vertex 67.9346 -27 12
      vertex 63.6468 -27 12
    endloop
  endfacet
  facet normal 0 1 -0
    outer loop
      vertex 25.1364 -27 17.6364
      vertex 22.3 -27 32
      vertex 60.3532 -27 32
    endloop
  endfacet
  facet normal 0 1 0
    outer loop
      vertex 22.3 -27 32
      vertex 24.8444 -27 17.8315
      vertex 24.5 -27 17.9
    endloop
  endfacet
  facet normal 0 1 0
    outer loop
      vertex 22.3 -27 32
      vertex 25.1364 -27 17.6364
      vertex 24.8444 -27 17.8315
    endloop
  endfacet
  facet normal 0 1 0
    outer loop
      vertex 60.3532 -27 32
      vertex 25.3315 -27 17.3444
      vertex 25.1364 -27 17.6364
    endloop
  endfacet
  facet normal 0 1 -0
    outer loop
      vertex 60.3532 -27 12
      vertex 25.3315 -27 17.3444
      vertex 60.3532 -27 32
    endloop
  endfacet
  facet normal 0 1 0
    outer loop
      vertex 25.3315 -27 17.3444
      vertex 60.3532 -27 12
      vertex 25.4 -27 17
    endloop
  endfacet
  facet normal 0 1 0
    outer loop
      vertex 25.4 -27 17
      vertex 60.3532 -27 12
      vertex 25.3315 -27 16.6556
    endloop
  endfacet
  facet normal 0 1 0
    outer loop
      vertex 25.3315 -27 16.6556
      vertex 60.3532 -27 12
      vertex 25.1364 -27 16.3636
    endloop
  endfacet
  facet normal 0 1 0
    outer loop
      vertex 24.1556 -27 16.1685
      vertex 21.8247 -27 15.5998
      vertex 21.9919 -27 15.85
    endloop
  endfacet
  facet normal 0 1 0
    outer loop
      vertex 24.1556 -27 16.1685
      vertex 21.6263 -27 15.3737
      vertex 21.8247 -27 15.5998
    endloop
  endfacet
  facet normal 0 1 0
    outer loop
      vertex 20.8802 -27 14.8751
      vertex 24.5 -27 16.1
      vertex 24.8444 -27 16.1685
    endloop
  endfacet
  facet normal 0 1 0
    outer loop
      vertex 24.5 -27 16.1
      vertex 21.4002 -27 15.1753
      vertex 21.6263 -27 15.3737
    endloop
  endfacet
  facet normal 0 1 0
    outer loop
      vertex 24.5 -27 16.1
      vertex 21.15 -27 15.0081
      vertex 21.4002 -27 15.1753
    endloop
  endfacet
  facet normal 0 1 0
    outer loop
      vertex 24.5 -27 16.1
      vertex 20.8802 -27 14.8751
      vertex 21.15 -27 15.0081
    endloop
  endfacet
  facet normal 0 1 0
    outer loop
      vertex 60.3532 -27 12
      vertex 20.8802 -27 14.8751
      vertex 24.8444 -27 16.1685
    endloop
  endfacet
  facet normal 0 1 0
    outer loop
      vertex 6.14678 -27 12
      vertex 20.3002 -27 14.7197
      vertex 60.3532 -27 12
    endloop
  endfacet
  facet normal 0 1 0
    outer loop
      vertex 20.5953 -27 14.7784
      vertex 60.3532 -27 12
      vertex 20.3002 -27 14.7197
    endloop
  endfacet
  facet normal 0 1 0
    outer loop
      vertex 20.8802 -27 14.8751
      vertex 60.3532 -27 12
      vertex 20.5953 -27 14.7784
    endloop
  endfacet
  facet normal 0 1 0
    outer loop
      vertex 25.1364 -27 16.3636
      vertex 60.3532 -27 12
      vertex 24.8444 -27 16.1685
    endloop
  endfacet
  facet normal 0 1 -0
    outer loop
      vertex 24.1556 -27 17.8315
      vertex 22.3 -27 32
      vertex 24.5 -27 17.9
    endloop
  endfacet
  facet normal 0 1 0
    outer loop
      vertex 22.3 -27 17
      vertex 24.1556 -27 17.8315
      vertex 23.8636 -27 17.6364
    endloop
  endfacet
  facet normal 0 1 0
    outer loop
      vertex 22.3 -27 17
      vertex 23.8636 -27 17.6364
      vertex 23.6685 -27 17.3444
    endloop
  endfacet
  facet normal 0 1 0
    outer loop
      vertex 22.3 -27 17
      vertex 23.6685 -27 17.3444
      vertex 23.6 -27 17
    endloop
  endfacet
  facet normal 0 1 0
    outer loop
      vertex 24.1556 -27 17.8315
      vertex 22.3 -27 17
      vertex 22.3 -27 32
    endloop
  endfacet
  facet normal 0 1 0
    outer loop
      vertex 23.6 -27 17
      vertex 22.2803 -27 16.6998
      vertex 22.3 -27 17
    endloop
  endfacet
  facet normal 0 1 0
    outer loop
      vertex 23.6685 -27 16.6556
      vertex 22.2803 -27 16.6998
      vertex 23.6 -27 17
    endloop
  endfacet
  facet normal 0 1 0
    outer loop
      vertex 23.6685 -27 16.6556
      vertex 22.2216 -27 16.4047
      vertex 22.2803 -27 16.6998
    endloop
  endfacet
  facet normal 0 1 0
    outer loop
      vertex 23.8636 -27 16.3636
      vertex 22.2216 -27 16.4047
      vertex 23.6685 -27 16.6556
    endloop
  endfacet
  facet normal 0 1 0
    outer loop
      vertex 21.9919 -27 15.85
      vertex 23.8636 -27 16.3636
      vertex 24.1556 -27 16.1685
    endloop
  endfacet
  facet normal 0 1 0
    outer loop
      vertex 23.8636 -27 16.3636
      vertex 22.1249 -27 16.1198
      vertex 22.2216 -27 16.4047
    endloop
  endfacet
  facet normal 0 1 0
    outer loop
      vertex 21.6263 -27 15.3737
      vertex 24.1556 -27 16.1685
      vertex 24.5 -27 16.1
    endloop
  endfacet
  facet normal 0 1 0
    outer loop
      vertex 23.8636 -27 16.3636
      vertex 21.9919 -27 15.85
      vertex 22.1249 -27 16.1198
    endloop
  endfacet
  facet normal 0 1 0
    outer loop
      vertex 15.1556 -27 17.8315
      vertex 17.7 -27 32
      vertex 15.5 -27 17.9
    endloop
  endfacet
  facet normal 0 1 0
    outer loop
      vertex 17.7 -27 32
      vertex 15.8444 -27 17.8315
      vertex 15.5 -27 17.9
    endloop
  endfacet
  facet normal 0 1 -0
    outer loop
      vertex 17.7 -27 17
      vertex 15.8444 -27 17.8315
      vertex 17.7 -27 32
    endloop
  endfacet
  facet normal 0 1 0
    outer loop
      vertex 15.8444 -27 17.8315
      vertex 17.7 -27 17
      vertex 16.1364 -27 17.6364
    endloop
  endfacet
  facet normal 0 1 0
    outer loop
      vertex 16.1364 -27 17.6364
      vertex 17.7 -27 17
      vertex 16.3315 -27 17.3444
    endloop
  endfacet
  facet normal 0 1 0
    outer loop
      vertex 17.7 -27 17
      vertex 16.4 -27 17
      vertex 16.3315 -27 17.3444
    endloop
  endfacet
  facet normal 0 1 0
    outer loop
      vertex 17.7197 -27 16.6998
      vertex 16.4 -27 17
      vertex 17.7 -27 17
    endloop
  endfacet
  facet normal 0 1 0
    outer loop
      vertex 17.7197 -27 16.6998
      vertex 16.3315 -27 16.6556
      vertex 16.4 -27 17
    endloop
  endfacet
  facet normal 0 1 0
    outer loop
      vertex 17.7784 -27 16.4047
      vertex 16.3315 -27 16.6556
      vertex 17.7197 -27 16.6998
    endloop
  endfacet
  facet normal 0 1 0
    outer loop
      vertex 17.7784 -27 16.4047
      vertex 16.1364 -27 16.3636
      vertex 16.3315 -27 16.6556
    endloop
  endfacet
  facet normal 0 1 0
    outer loop
      vertex 17.8751 -27 16.1198
      vertex 16.1364 -27 16.3636
      vertex 17.7784 -27 16.4047
    endloop
  endfacet
  facet normal 0 1 0
    outer loop
      vertex 18.0081 -27 15.85
      vertex 16.1364 -27 16.3636
      vertex 17.8751 -27 16.1198
    endloop
  endfacet
  facet normal 0 1 0
    outer loop
      vertex 16.1364 -27 16.3636
      vertex 18.0081 -27 15.85
      vertex 15.8444 -27 16.1685
    endloop
  endfacet
  facet normal 0 1 0
    outer loop
      vertex 18.1753 -27 15.5998
      vertex 15.8444 -27 16.1685
      vertex 18.0081 -27 15.85
    endloop
  endfacet
  facet normal 0 1 0
    outer loop
      vertex 17.7 -27 32
      vertex 15.1556 -27 17.8315
      vertex 6.14678 -27 32
    endloop
  endfacet
  facet normal 0 1 -0
    outer loop
      vertex 14.8636 -27 17.6364
      vertex 6.14678 -27 32
      vertex 15.1556 -27 17.8315
    endloop
  endfacet
  facet normal 0 1 -0
    outer loop
      vertex 14.6685 -27 17.3444
      vertex 6.14678 -27 32
      vertex 14.8636 -27 17.6364
    endloop
  endfacet
  facet normal 0 1 0
    outer loop
      vertex 6.14678 -27 12
      vertex 14.6685 -27 17.3444
      vertex 14.6 -27 17
    endloop
  endfacet
  facet normal 0 1 0
    outer loop
      vertex 6.14678 -27 12
      vertex 14.6 -27 17
      vertex 14.6685 -27 16.6556
    endloop
  endfacet
  facet normal 0 1 0
    outer loop
      vertex 18.3737 -27 15.3737
      vertex 15.8444 -27 16.1685
      vertex 18.1753 -27 15.5998
    endloop
  endfacet
  facet normal 0 1 0
    outer loop
      vertex 15.8444 -27 16.1685
      vertex 18.3737 -27 15.3737
      vertex 15.5 -27 16.1
    endloop
  endfacet
  facet normal 0 1 0
    outer loop
      vertex 18.5998 -27 15.1753
      vertex 15.5 -27 16.1
      vertex 18.3737 -27 15.3737
    endloop
  endfacet
  facet normal 0 1 0
    outer loop
      vertex 18.85 -27 15.0081
      vertex 15.5 -27 16.1
      vertex 18.5998 -27 15.1753
    endloop
  endfacet
  facet normal 0 1 0
    outer loop
      vertex 6.14678 -27 12
      vertex 15.5 -27 16.1
      vertex 18.85 -27 15.0081
    endloop
  endfacet
  facet normal 0 1 0
    outer loop
      vertex 6.14678 -27 12
      vertex 18.85 -27 15.0081
      vertex 19.1198 -27 14.8751
    endloop
  endfacet
  facet normal 0 1 0
    outer loop
      vertex 6.14678 -27 12
      vertex 19.1198 -27 14.8751
      vertex 19.4047 -27 14.7784
    endloop
  endfacet
  facet normal 0 1 0
    outer loop
      vertex 20.3002 -27 14.7197
      vertex 6.14678 -27 12
      vertex 20 -27 14.7
    endloop
  endfacet
  facet normal 0 1 0
    outer loop
      vertex 14.6685 -27 17.3444
      vertex 6.14678 -27 12
      vertex 6.14678 -27 32
    endloop
  endfacet
  facet normal 0 1 0
    outer loop
      vertex 14.8636 -27 16.3636
      vertex 6.14678 -27 12
      vertex 14.6685 -27 16.6556
    endloop
  endfacet
  facet normal 0 1 0
    outer loop
      vertex 15.1556 -27 16.1685
      vertex 6.14678 -27 12
      vertex 14.8636 -27 16.3636
    endloop
  endfacet
  facet normal 0 1 0
    outer loop
      vertex 15.5 -27 16.1
      vertex 6.14678 -27 12
      vertex 15.1556 -27 16.1685
    endloop
  endfacet
  facet normal 0 1 0
    outer loop
      vertex 19.6998 -27 14.7197
      vertex 6.14678 -27 12
      vertex 19.4047 -27 14.7784
    endloop
  endfacet
  facet normal 0 1 0
    outer loop
      vertex 20 -27 14.7
      vertex 6.14678 -27 12
      vertex 19.6998 -27 14.7197
    endloop
  endfacet
  facet normal 1 -0 0
    outer loop
      vertex 24 -1.4 15.99
      vertex 24 1.4 12
      vertex 24 1.4 15.99
    endloop
  endfacet
  facet normal 1 0 0
    outer loop
      vertex 24 1.4 12
      vertex 24 -1.4 15.99
      vertex 24 -1.4 12
    endloop
  endfacet
  facet normal -0 0 1
    outer loop
      vertex 16 1.4 15.99
      vertex 24 -1.4 15.99
      vertex 24 1.4 15.99
    endloop
  endfacet
  facet normal 0 0 1
    outer loop
      vertex 24 -1.4 15.99
      vertex 16 1.4 15.99
      vertex 16 -1.4 15.99
    endloop
  endfacet
  facet normal -1 0 0
    outer loop
      vertex 16 -1.4 12
      vertex 16 1.4 15.99
      vertex 16 1.4 12
    endloop
  endfacet
  facet normal -1 -0 0
    outer loop
      vertex 16 1.4 15.99
      vertex 16 -1.4 12
      vertex 16 -1.4 15.99
    endloop
  endfacet
  facet normal 0 1 -0
    outer loop
      vertex 24 1.4 12
      vertex 16 1.4 15.99
      vertex 24 1.4 15.99
    endloop
  endfacet
  facet normal 0 1 0
    outer loop
      vertex 16 1.4 15.99
      vertex 24 1.4 12
      vertex 16 1.4 12
    endloop
  endfacet
  facet normal 0 -1 0
    outer loop
      vertex 16 -1.4 12
      vertex 24 -1.4 15.99
      vertex 16 -1.4 15.99
    endloop
  endfacet
  facet normal 0 -1 -0
    outer loop
      vertex 24 -1.4 15.99
      vertex 16 -1.4 12
      vertex 24 -1.4 12
    endloop
  endfacet
  facet normal 0.980788 -0 0.195075
    outer loop
      vertex 14.6 -29 17
      vertex 14.6685 -27 16.6556
      vertex 14.6 -27 17
    endloop
  endfacet
  facet normal 0.980788 0 0.195075
    outer loop
      vertex 14.6685 -27 16.6556
      vertex 14.6 -29 17
      vertex 14.6685 -29 16.6556
    endloop
  endfacet
  facet normal -0.83148 0 -0.555554
    outer loop
      vertex 16.3315 -29 17.3444
      vertex 16.1364 -27 17.6364
      vertex 16.3315 -27 17.3444
    endloop
  endfacet
  facet normal -0.83148 -0 -0.555554
    outer loop
      vertex 16.1364 -27 17.6364
      vertex 16.3315 -29 17.3444
      vertex 16.1364 -29 17.6364
    endloop
  endfacet
  facet normal -0.980788 0 -0.195075
    outer loop
      vertex 16.4 -29 17
      vertex 16.3315 -27 17.3444
      vertex 16.4 -27 17
    endloop
  endfacet
  facet normal -0.980788 -0 -0.195075
    outer loop
      vertex 16.3315 -27 17.3444
      vertex 16.4 -29 17
      vertex 16.3315 -29 17.3444
    endloop
  endfacet
  facet normal 0.83148 0 -0.555554
    outer loop
      vertex 14.8636 -29 17.6364
      vertex 14.6685 -27 17.3444
      vertex 14.8636 -27 17.6364
    endloop
  endfacet
  facet normal 0.83148 0 -0.555554
    outer loop
      vertex 14.6685 -27 17.3444
      vertex 14.8636 -29 17.6364
      vertex 14.6685 -29 17.3444
    endloop
  endfacet
  facet normal -0.555554 0 0.83148
    outer loop
      vertex 15.8444 -27 16.1685
      vertex 16.1364 -29 16.3636
      vertex 16.1364 -27 16.3636
    endloop
  endfacet
  facet normal -0.555554 0 0.83148
    outer loop
      vertex 16.1364 -29 16.3636
      vertex 15.8444 -27 16.1685
      vertex 15.8444 -29 16.1685
    endloop
  endfacet
  facet normal -0.555554 0 -0.83148
    outer loop
      vertex 15.8444 -29 17.8315
      vertex 16.1364 -27 17.6364
      vertex 16.1364 -29 17.6364
    endloop
  endfacet
  facet normal -0.555554 0 -0.83148
    outer loop
      vertex 16.1364 -27 17.6364
      vertex 15.8444 -29 17.8315
      vertex 15.8444 -27 17.8315
    endloop
  endfacet
  facet normal -0.83148 0 0.555554
    outer loop
      vertex 16.1364 -29 16.3636
      vertex 16.3315 -27 16.6556
      vertex 16.1364 -27 16.3636
    endloop
  endfacet
  facet normal -0.83148 0 0.555554
    outer loop
      vertex 16.3315 -27 16.6556
      vertex 16.1364 -29 16.3636
      vertex 16.3315 -29 16.6556
    endloop
  endfacet
  facet normal 0.195075 0 0.980788
    outer loop
      vertex 15.1556 -27 16.1685
      vertex 15.5 -29 16.1
      vertex 15.5 -27 16.1
    endloop
  endfacet
  facet normal 0.195075 0 0.980788
    outer loop
      vertex 15.5 -29 16.1
      vertex 15.1556 -27 16.1685
      vertex 15.1556 -29 16.1685
    endloop
  endfacet
  facet normal -0.195075 0 -0.980788
    outer loop
      vertex 15.5 -29 17.9
      vertex 15.8444 -27 17.8315
      vertex 15.8444 -29 17.8315
    endloop
  endfacet
  facet normal -0.195075 0 -0.980788
    outer loop
      vertex 15.8444 -27 17.8315
      vertex 15.5 -29 17.9
      vertex 15.5 -27 17.9
    endloop
  endfacet
  facet normal 0.195075 0 -0.980788
    outer loop
      vertex 15.1556 -29 17.8315
      vertex 15.5 -27 17.9
      vertex 15.5 -29 17.9
    endloop
  endfacet
  facet normal 0.195075 0 -0.980788
    outer loop
      vertex 15.5 -27 17.9
      vertex 15.1556 -29 17.8315
      vertex 15.1556 -27 17.8315
    endloop
  endfacet
  facet normal -0.195075 0 0.980788
    outer loop
      vertex 15.5 -27 16.1
      vertex 15.8444 -29 16.1685
      vertex 15.8444 -27 16.1685
    endloop
  endfacet
  facet normal -0.195075 0 0.980788
    outer loop
      vertex 15.8444 -29 16.1685
      vertex 15.5 -27 16.1
      vertex 15.5 -29 16.1
    endloop
  endfacet
  facet normal 0.980788 0 -0.195075
    outer loop
      vertex 14.6685 -29 17.3444
      vertex 14.6 -27 17
      vertex 14.6685 -27 17.3444
    endloop
  endfacet
  facet normal 0.980788 0 -0.195075
    outer loop
      vertex 14.6 -27 17
      vertex 14.6685 -29 17.3444
      vertex 14.6 -29 17
    endloop
  endfacet
  facet normal 0.83148 -0 0.555554
    outer loop
      vertex 14.6685 -29 16.6556
      vertex 14.8636 -27 16.3636
      vertex 14.6685 -27 16.6556
    endloop
  endfacet
  facet normal 0.83148 0 0.555554
    outer loop
      vertex 14.8636 -27 16.3636
      vertex 14.6685 -29 16.6556
      vertex 14.8636 -29 16.3636
    endloop
  endfacet
  facet normal 0.555554 0 -0.83148
    outer loop
      vertex 14.8636 -29 17.6364
      vertex 15.1556 -27 17.8315
      vertex 15.1556 -29 17.8315
    endloop
  endfacet
  facet normal 0.555554 0 -0.83148
    outer loop
      vertex 15.1556 -27 17.8315
      vertex 14.8636 -29 17.6364
      vertex 14.8636 -27 17.6364
    endloop
  endfacet
  facet normal -0.980788 0 0.195075
    outer loop
      vertex 16.3315 -29 16.6556
      vertex 16.4 -27 17
      vertex 16.3315 -27 16.6556
    endloop
  endfacet
  facet normal -0.980788 0 0.195075
    outer loop
      vertex 16.4 -27 17
      vertex 16.3315 -29 16.6556
      vertex 16.4 -29 17
    endloop
  endfacet
  facet normal 0.555554 0 0.83148
    outer loop
      vertex 14.8636 -27 16.3636
      vertex 15.1556 -29 16.1685
      vertex 15.1556 -27 16.1685
    endloop
  endfacet
  facet normal 0.555554 0 0.83148
    outer loop
      vertex 15.1556 -29 16.1685
      vertex 14.8636 -27 16.3636
      vertex 14.8636 -29 16.3636
    endloop
  endfacet
  facet normal 0.980788 -0 0.195075
    outer loop
      vertex 23.6 -29 17
      vertex 23.6685 -27 16.6556
      vertex 23.6 -27 17
    endloop
  endfacet
  facet normal 0.980788 0 0.195075
    outer loop
      vertex 23.6685 -27 16.6556
      vertex 23.6 -29 17
      vertex 23.6685 -29 16.6556
    endloop
  endfacet
  facet normal -0.83148 0 -0.555554
    outer loop
      vertex 25.3315 -29 17.3444
      vertex 25.1364 -27 17.6364
      vertex 25.3315 -27 17.3444
    endloop
  endfacet
  facet normal -0.83148 -0 -0.555554
    outer loop
      vertex 25.1364 -27 17.6364
      vertex 25.3315 -29 17.3444
      vertex 25.1364 -29 17.6364
    endloop
  endfacet
  facet normal -0.980788 0 -0.195075
    outer loop
      vertex 25.4 -29 17
      vertex 25.3315 -27 17.3444
      vertex 25.4 -27 17
    endloop
  endfacet
  facet normal -0.980788 -0 -0.195075
    outer loop
      vertex 25.3315 -27 17.3444
      vertex 25.4 -29 17
      vertex 25.3315 -29 17.3444
    endloop
  endfacet
  facet normal 0.83148 0 -0.555554
    outer loop
      vertex 23.8636 -29 17.6364
      vertex 23.6685 -27 17.3444
      vertex 23.8636 -27 17.6364
    endloop
  endfacet
  facet normal 0.83148 0 -0.555554
    outer loop
      vertex 23.6685 -27 17.3444
      vertex 23.8636 -29 17.6364
      vertex 23.6685 -29 17.3444
    endloop
  endfacet
  facet normal -0.555554 0 0.83148
    outer loop
      vertex 24.8444 -27 16.1685
      vertex 25.1364 -29 16.3636
      vertex 25.1364 -27 16.3636
    endloop
  endfacet
  facet normal -0.555554 0 0.83148
    outer loop
      vertex 25.1364 -29 16.3636
      vertex 24.8444 -27 16.1685
      vertex 24.8444 -29 16.1685
    endloop
  endfacet
  facet normal -0.555554 0 -0.83148
    outer loop
      vertex 24.8444 -29 17.8315
      vertex 25.1364 -27 17.6364
      vertex 25.1364 -29 17.6364
    endloop
  endfacet
  facet normal -0.555554 0 -0.83148
    outer loop
      vertex 25.1364 -27 17.6364
      vertex 24.8444 -29 17.8315
      vertex 24.8444 -27 17.8315
    endloop
  endfacet
  facet normal -0.83148 0 0.555554
    outer loop
      vertex 25.1364 -29 16.3636
      vertex 25.3315 -27 16.6556
      vertex 25.1364 -27 16.3636
    endloop
  endfacet
  facet normal -0.83148 0 0.555554
    outer loop
      vertex 25.3315 -27 16.6556
      vertex 25.1364 -29 16.3636
      vertex 25.3315 -29 16.6556
    endloop
  endfacet
  facet normal 0.195075 0 0.980788
    outer loop
      vertex 24.1556 -27 16.1685
      vertex 24.5 -29 16.1
      vertex 24.5 -27 16.1
    endloop
  endfacet
  facet normal 0.195075 0 0.980788
    outer loop
      vertex 24.5 -29 16.1
      vertex 24.1556 -27 16.1685
      vertex 24.1556 -29 16.1685
    endloop
  endfacet
  facet normal -0.195075 0 -0.980788
    outer loop
      vertex 24.5 -29 17.9
      vertex 24.8444 -27 17.8315
      vertex 24.8444 -29 17.8315
    endloop
  endfacet
  facet normal -0.195075 0 -0.980788
    outer loop
      vertex 24.8444 -27 17.8315
      vertex 24.5 -29 17.9
      vertex 24.5 -27 17.9
    endloop
  endfacet
  facet normal 0.195075 0 -0.980788
    outer loop
      vertex 24.1556 -29 17.8315
      vertex 24.5 -27 17.9
      vertex 24.5 -29 17.9
    endloop
  endfacet
  facet normal 0.195075 0 -0.980788
    outer loop
      vertex 24.5 -27 17.9
      vertex 24.1556 -29 17.8315
      vertex 24.1556 -27 17.8315
    endloop
  endfacet
  facet normal -0.195075 0 0.980788
    outer loop
      vertex 24.5 -27 16.1
      vertex 24.8444 -29 16.1685
      vertex 24.8444 -27 16.1685
    endloop
  endfacet
  facet normal -0.195075 0 0.980788
    outer loop
      vertex 24.8444 -29 16.1685
      vertex 24.5 -27 16.1
      vertex 24.5 -29 16.1
    endloop
  endfacet
  facet normal 0.980788 0 -0.195075
    outer loop
      vertex 23.6685 -29 17.3444
      vertex 23.6 -27 17
      vertex 23.6685 -27 17.3444
    endloop
  endfacet
  facet normal 0.980788 0 -0.195075
    outer loop
      vertex 23.6 -27 17
      vertex 23.6685 -29 17.3444
      vertex 23.6 -29 17
    endloop
  endfacet
  facet normal 0.83148 -0 0.555554
    outer loop
      vertex 23.6685 -29 16.6556
      vertex 23.8636 -27 16.3636
      vertex 23.6685 -27 16.6556
    endloop
  endfacet
  facet normal 0.83148 0 0.555554
    outer loop
      vertex 23.8636 -27 16.3636
      vertex 23.6685 -29 16.6556
      vertex 23.8636 -29 16.3636
    endloop
  endfacet
  facet normal 0.555554 0 -0.83148
    outer loop
      vertex 23.8636 -29 17.6364
      vertex 24.1556 -27 17.8315
      vertex 24.1556 -29 17.8315
    endloop
  endfacet
  facet normal 0.555554 0 -0.83148
    outer loop
      vertex 24.1556 -27 17.8315
      vertex 23.8636 -29 17.6364
      vertex 23.8636 -27 17.6364
    endloop
  endfacet
  facet normal -0.980788 0 0.195075
    outer loop
      vertex 25.3315 -29 16.6556
      vertex 25.4 -27 17
      vertex 25.3315 -27 16.6556
    endloop
  endfacet
  facet normal -0.980788 0 0.195075
    outer loop
      vertex 25.4 -27 17
      vertex 25.3315 -29 16.6556
      vertex 25.4 -29 17
    endloop
  endfacet
  facet normal 0.555554 0 0.83148
    outer loop
      vertex 23.8636 -27 16.3636
      vertex 24.1556 -29 16.1685
      vertex 24.1556 -27 16.1685
    endloop
  endfacet
  facet normal 0.555554 0 0.83148
    outer loop
      vertex 24.1556 -29 16.1685
      vertex 23.8636 -27 16.3636
      vertex 23.8636 -29 16.3636
    endloop
  endfacet
  facet normal 0.195093 0 0.980785
    outer loop
      vertex 19.4047 -27 14.7784
      vertex 19.6998 -29 14.7197
      vertex 19.6998 -27 14.7197
    endloop
  endfacet
  facet normal 0.195093 0 0.980785
    outer loop
      vertex 19.6998 -29 14.7197
      vertex 19.4047 -27 14.7784
      vertex 19.4047 -29 14.7784
    endloop
  endfacet
  facet normal -0.997854 0 0.0654821
    outer loop
      vertex 22.2803 -29 16.6998
      vertex 22.3 -27 17
      vertex 22.2803 -27 16.6998
    endloop
  endfacet
  facet normal -0.997854 0 0.0654821
    outer loop
      vertex 22.3 -27 17
      vertex 22.2803 -29 16.6998
      vertex 22.3 -29 17
    endloop
  endfacet
  facet normal 0.997854 -0 0.0654821
    outer loop
      vertex 17.7 -29 17
      vertex 17.7197 -27 16.6998
      vertex 17.7 -27 17
    endloop
  endfacet
  facet normal 0.997854 0 0.0654821
    outer loop
      vertex 17.7197 -27 16.6998
      vertex 17.7 -29 17
      vertex 17.7197 -29 16.6998
    endloop
  endfacet
  facet normal 1 -0 0
    outer loop
      vertex 17.7 -29 32
      vertex 17.7 -27 17
      vertex 17.7 -27 32
    endloop
  endfacet
  facet normal 1 0 0
    outer loop
      vertex 17.7 -27 17
      vertex 17.7 -29 32
      vertex 17.7 -29 17
    endloop
  endfacet
  facet normal -0.442153 0 0.89694
    outer loop
      vertex 20.8802 -27 14.8751
      vertex 21.15 -29 15.0081
      vertex 21.15 -27 15.0081
    endloop
  endfacet
  facet normal -0.442153 0 0.89694
    outer loop
      vertex 21.15 -29 15.0081
      vertex 20.8802 -27 14.8751
      vertex 20.8802 -29 14.8751
    endloop
  endfacet
  facet normal -0.831436 0 0.55562
    outer loop
      vertex 21.8247 -29 15.5998
      vertex 21.9919 -27 15.85
      vertex 21.8247 -27 15.5998
    endloop
  endfacet
  facet normal -0.831436 0 0.55562
    outer loop
      vertex 21.9919 -27 15.85
      vertex 21.8247 -29 15.5998
      vertex 21.9919 -29 15.85
    endloop
  endfacet
  facet normal -0.751649 0 0.659563
    outer loop
      vertex 21.6263 -29 15.3737
      vertex 21.8247 -27 15.5998
      vertex 21.6263 -27 15.3737
    endloop
  endfacet
  facet normal -0.751649 0 0.659563
    outer loop
      vertex 21.8247 -27 15.5998
      vertex 21.6263 -29 15.3737
      vertex 21.8247 -29 15.5998
    endloop
  endfacet
  facet normal 0.831436 -0 0.55562
    outer loop
      vertex 18.0081 -29 15.85
      vertex 18.1753 -27 15.5998
      vertex 18.0081 -27 15.85
    endloop
  endfacet
  facet normal 0.831436 0 0.55562
    outer loop
      vertex 18.1753 -27 15.5998
      vertex 18.0081 -29 15.85
      vertex 18.1753 -29 15.5998
    endloop
  endfacet
  facet normal -0.321408 0 0.946941
    outer loop
      vertex 20.5953 -27 14.7784
      vertex 20.8802 -29 14.8751
      vertex 20.8802 -27 14.8751
    endloop
  endfacet
  facet normal -0.321408 0 0.946941
    outer loop
      vertex 20.8802 -29 14.8751
      vertex 20.5953 -27 14.7784
      vertex 20.5953 -29 14.7784
    endloop
  endfacet
  facet normal -0.946941 0 0.321408
    outer loop
      vertex 22.1249 -29 16.1198
      vertex 22.2216 -27 16.4047
      vertex 22.1249 -27 16.1198
    endloop
  endfacet
  facet normal -0.946941 0 0.321408
    outer loop
      vertex 22.2216 -27 16.4047
      vertex 22.1249 -29 16.1198
      vertex 22.2216 -29 16.4047
    endloop
  endfacet
  facet normal -1 0 0
    outer loop
      vertex 22.3 -29 17
      vertex 22.3 -27 32
      vertex 22.3 -27 17
    endloop
  endfacet
  facet normal -1 -0 0
    outer loop
      vertex 22.3 -27 32
      vertex 22.3 -29 17
      vertex 22.3 -29 32
    endloop
  endfacet
  facet normal -0.55562 0 0.831436
    outer loop
      vertex 21.15 -27 15.0081
      vertex 21.4002 -29 15.1753
      vertex 21.4002 -27 15.1753
    endloop
  endfacet
  facet normal -0.55562 0 0.831436
    outer loop
      vertex 21.4002 -29 15.1753
      vertex 21.15 -27 15.0081
      vertex 21.15 -29 15.0081
    endloop
  endfacet
  facet normal 0.89694 -0 0.442153
    outer loop
      vertex 17.8751 -29 16.1198
      vertex 18.0081 -27 15.85
      vertex 17.8751 -27 16.1198
    endloop
  endfacet
  facet normal 0.89694 0 0.442153
    outer loop
      vertex 18.0081 -27 15.85
      vertex 17.8751 -29 16.1198
      vertex 18.0081 -29 15.85
    endloop
  endfacet
  facet normal 0.442153 0 0.89694
    outer loop
      vertex 18.85 -27 15.0081
      vertex 19.1198 -29 14.8751
      vertex 19.1198 -27 14.8751
    endloop
  endfacet
  facet normal 0.442153 0 0.89694
    outer loop
      vertex 19.1198 -29 14.8751
      vertex 18.85 -27 15.0081
      vertex 18.85 -29 15.0081
    endloop
  endfacet
  facet normal 0.55562 0 0.831436
    outer loop
      vertex 18.5998 -27 15.1753
      vertex 18.85 -29 15.0081
      vertex 18.85 -27 15.0081
    endloop
  endfacet
  facet normal 0.55562 0 0.831436
    outer loop
      vertex 18.85 -29 15.0081
      vertex 18.5998 -27 15.1753
      vertex 18.5998 -29 15.1753
    endloop
  endfacet
  facet normal -0.0654821 0 0.997854
    outer loop
      vertex 20 -27 14.7
      vertex 20.3002 -29 14.7197
      vertex 20.3002 -27 14.7197
    endloop
  endfacet
  facet normal -0.0654821 0 0.997854
    outer loop
      vertex 20.3002 -29 14.7197
      vertex 20 -27 14.7
      vertex 20 -29 14.7
    endloop
  endfacet
  facet normal 0.980785 -0 0.195093
    outer loop
      vertex 17.7197 -29 16.6998
      vertex 17.7784 -27 16.4047
      vertex 17.7197 -27 16.6998
    endloop
  endfacet
  facet normal 0.980785 0 0.195093
    outer loop
      vertex 17.7784 -27 16.4047
      vertex 17.7197 -29 16.6998
      vertex 17.7784 -29 16.4047
    endloop
  endfacet
  facet normal -0.659563 0 0.751649
    outer loop
      vertex 21.4002 -27 15.1753
      vertex 21.6263 -29 15.3737
      vertex 21.6263 -27 15.3737
    endloop
  endfacet
  facet normal -0.659563 0 0.751649
    outer loop
      vertex 21.6263 -29 15.3737
      vertex 21.4002 -27 15.1753
      vertex 21.4002 -29 15.1753
    endloop
  endfacet
  facet normal 0.659563 0 0.751649
    outer loop
      vertex 18.3737 -27 15.3737
      vertex 18.5998 -29 15.1753
      vertex 18.5998 -27 15.1753
    endloop
  endfacet
  facet normal 0.659563 0 0.751649
    outer loop
      vertex 18.5998 -29 15.1753
      vertex 18.3737 -27 15.3737
      vertex 18.3737 -29 15.3737
    endloop
  endfacet
  facet normal -0.980785 0 0.195093
    outer loop
      vertex 22.2216 -29 16.4047
      vertex 22.2803 -27 16.6998
      vertex 22.2216 -27 16.4047
    endloop
  endfacet
  facet normal -0.980785 0 0.195093
    outer loop
      vertex 22.2803 -27 16.6998
      vertex 22.2216 -29 16.4047
      vertex 22.2803 -29 16.6998
    endloop
  endfacet
  facet normal 0.751649 -0 0.659563
    outer loop
      vertex 18.1753 -29 15.5998
      vertex 18.3737 -27 15.3737
      vertex 18.1753 -27 15.5998
    endloop
  endfacet
  facet normal 0.751649 0 0.659563
    outer loop
      vertex 18.3737 -27 15.3737
      vertex 18.1753 -29 15.5998
      vertex 18.3737 -29 15.3737
    endloop
  endfacet
  facet normal 0.946941 -0 0.321408
    outer loop
      vertex 17.7784 -29 16.4047
      vertex 17.8751 -27 16.1198
      vertex 17.7784 -27 16.4047
    endloop
  endfacet
  facet normal 0.946941 0 0.321408
    outer loop
      vertex 17.8751 -27 16.1198
      vertex 17.7784 -29 16.4047
      vertex 17.8751 -29 16.1198
    endloop
  endfacet
  facet normal 0.0654821 0 0.997854
    outer loop
      vertex 19.6998 -27 14.7197
      vertex 20 -29 14.7
      vertex 20 -27 14.7
    endloop
  endfacet
  facet normal 0.0654821 0 0.997854
    outer loop
      vertex 20 -29 14.7
      vertex 19.6998 -27 14.7197
      vertex 19.6998 -29 14.7197
    endloop
  endfacet
  facet normal -0.89694 0 0.442153
    outer loop
      vertex 21.9919 -29 15.85
      vertex 22.1249 -27 16.1198
      vertex 21.9919 -27 15.85
    endloop
  endfacet
  facet normal -0.89694 0 0.442153
    outer loop
      vertex 22.1249 -27 16.1198
      vertex 21.9919 -29 15.85
      vertex 22.1249 -29 16.1198
    endloop
  endfacet
  facet normal -0.195093 0 0.980785
    outer loop
      vertex 20.3002 -27 14.7197
      vertex 20.5953 -29 14.7784
      vertex 20.5953 -27 14.7784
    endloop
  endfacet
  facet normal -0.195093 0 0.980785
    outer loop
      vertex 20.5953 -29 14.7784
      vertex 20.3002 -27 14.7197
      vertex 20.3002 -29 14.7197
    endloop
  endfacet
  facet normal 0.321408 0 0.946941
    outer loop
      vertex 19.1198 -27 14.8751
      vertex 19.4047 -29 14.7784
      vertex 19.4047 -27 14.7784
    endloop
  endfacet
  facet normal 0.321408 0 0.946941
    outer loop
      vertex 19.4047 -29 14.7784
      vertex 19.1198 -27 14.8751
      vertex 19.1198 -29 14.8751
    endloop
  endfacet
  facet normal 0.980788 -0 0.195075
    outer loop
      vertex 14.6 27 17
      vertex 14.6685 29 16.6556
      vertex 14.6 29 17
    endloop
  endfacet
  facet normal 0.980788 0 0.195075
    outer loop
      vertex 14.6685 29 16.6556
      vertex 14.6 27 17
      vertex 14.6685 27 16.6556
    endloop
  endfacet
  facet normal -0.83148 0 -0.555554
    outer loop
      vertex 16.3315 27 17.3444
      vertex 16.1364 29 17.6364
      vertex 16.3315 29 17.3444
    endloop
  endfacet
  facet normal -0.83148 -0 -0.555554
    outer loop
      vertex 16.1364 29 17.6364
      vertex 16.3315 27 17.3444
      vertex 16.1364 27 17.6364
    endloop
  endfacet
  facet normal -0.980788 0 -0.195075
    outer loop
      vertex 16.4 27 17
      vertex 16.3315 29 17.3444
      vertex 16.4 29 17
    endloop
  endfacet
  facet normal -0.980788 -0 -0.195075
    outer loop
      vertex 16.3315 29 17.3444
      vertex 16.4 27 17
      vertex 16.3315 27 17.3444
    endloop
  endfacet
  facet normal 0.83148 0 -0.555554
    outer loop
      vertex 14.8636 27 17.6364
      vertex 14.6685 29 17.3444
      vertex 14.8636 29 17.6364
    endloop
  endfacet
  facet normal 0.83148 0 -0.555554
    outer loop
      vertex 14.6685 29 17.3444
      vertex 14.8636 27 17.6364
      vertex 14.6685 27 17.3444
    endloop
  endfacet
  facet normal -0.555554 0 0.83148
    outer loop
      vertex 15.8444 29 16.1685
      vertex 16.1364 27 16.3636
      vertex 16.1364 29 16.3636
    endloop
  endfacet
  facet normal -0.555554 0 0.83148
    outer loop
      vertex 16.1364 27 16.3636
      vertex 15.8444 29 16.1685
      vertex 15.8444 27 16.1685
    endloop
  endfacet
  facet normal -0.555554 0 -0.83148
    outer loop
      vertex 15.8444 27 17.8315
      vertex 16.1364 29 17.6364
      vertex 16.1364 27 17.6364
    endloop
  endfacet
  facet normal -0.555554 0 -0.83148
    outer loop
      vertex 16.1364 29 17.6364
      vertex 15.8444 27 17.8315
      vertex 15.8444 29 17.8315
    endloop
  endfacet
  facet normal -0.83148 0 0.555554
    outer loop
      vertex 16.1364 27 16.3636
      vertex 16.3315 29 16.6556
      vertex 16.1364 29 16.3636
    endloop
  endfacet
  facet normal -0.83148 0 0.555554
    outer loop
      vertex 16.3315 29 16.6556
      vertex 16.1364 27 16.3636
      vertex 16.3315 27 16.6556
    endloop
  endfacet
  facet normal 0.195075 0 0.980788
    outer loop
      vertex 15.1556 29 16.1685
      vertex 15.5 27 16.1
      vertex 15.5 29 16.1
    endloop
  endfacet
  facet normal 0.195075 0 0.980788
    outer loop
      vertex 15.5 27 16.1
      vertex 15.1556 29 16.1685
      vertex 15.1556 27 16.1685
    endloop
  endfacet
  facet normal -0.195075 0 -0.980788
    outer loop
      vertex 15.5 27 17.9
      vertex 15.8444 29 17.8315
      vertex 15.8444 27 17.8315
    endloop
  endfacet
  facet normal -0.195075 0 -0.980788
    outer loop
      vertex 15.8444 29 17.8315
      vertex 15.5 27 17.9
      vertex 15.5 29 17.9
    endloop
  endfacet
  facet normal 0.195075 0 -0.980788
    outer loop
      vertex 15.1556 27 17.8315
      vertex 15.5 29 17.9
      vertex 15.5 27 17.9
    endloop
  endfacet
  facet normal 0.195075 0 -0.980788
    outer loop
      vertex 15.5 29 17.9
      vertex 15.1556 27 17.8315
      vertex 15.1556 29 17.8315
    endloop
  endfacet
  facet normal -0.195075 0 0.980788
    outer loop
      vertex 15.5 29 16.1
      vertex 15.8444 27 16.1685
      vertex 15.8444 29 16.1685
    endloop
  endfacet
  facet normal -0.195075 0 0.980788
    outer loop
      vertex 15.8444 27 16.1685
      vertex 15.5 29 16.1
      vertex 15.5 27 16.1
    endloop
  endfacet
  facet normal 0.980788 0 -0.195075
    outer loop
      vertex 14.6685 27 17.3444
      vertex 14.6 29 17
      vertex 14.6685 29 17.3444
    endloop
  endfacet
  facet normal 0.980788 0 -0.195075
    outer loop
      vertex 14.6 29 17
      vertex 14.6685 27 17.3444
      vertex 14.6 27 17
    endloop
  endfacet
  facet normal 0.83148 -0 0.555554
    outer loop
      vertex 14.6685 27 16.6556
      vertex 14.8636 29 16.3636
      vertex 14.6685 29 16.6556
    endloop
  endfacet
  facet normal 0.83148 0 0.555554
    outer loop
      vertex 14.8636 29 16.3636
      vertex 14.6685 27 16.6556
      vertex 14.8636 27 16.3636
    endloop
  endfacet
  facet normal 0.555554 0 -0.83148
    outer loop
      vertex 14.8636 27 17.6364
      vertex 15.1556 29 17.8315
      vertex 15.1556 27 17.8315
    endloop
  endfacet
  facet normal 0.555554 0 -0.83148
    outer loop
      vertex 15.1556 29 17.8315
      vertex 14.8636 27 17.6364
      vertex 14.8636 29 17.6364
    endloop
  endfacet
  facet normal -0.980788 0 0.195075
    outer loop
      vertex 16.3315 27 16.6556
      vertex 16.4 29 17
      vertex 16.3315 29 16.6556
    endloop
  endfacet
  facet normal -0.980788 0 0.195075
    outer loop
      vertex 16.4 29 17
      vertex 16.3315 27 16.6556
      vertex 16.4 27 17
    endloop
  endfacet
  facet normal 0.555554 0 0.83148
    outer loop
      vertex 14.8636 29 16.3636
      vertex 15.1556 27 16.1685
      vertex 15.1556 29 16.1685
    endloop
  endfacet
  facet normal 0.555554 0 0.83148
    outer loop
      vertex 15.1556 27 16.1685
      vertex 14.8636 29 16.3636
      vertex 14.8636 27 16.3636
    endloop
  endfacet
  facet normal 0.980788 -0 0.195075
    outer loop
      vertex 23.6 27 17
      vertex 23.6685 29 16.6556
      vertex 23.6 29 17
    endloop
  endfacet
  facet normal 0.980788 0 0.195075
    outer loop
      vertex 23.6685 29 16.6556
      vertex 23.6 27 17
      vertex 23.6685 27 16.6556
    endloop
  endfacet
  facet normal -0.83148 0 -0.555554
    outer loop
      vertex 25.3315 27 17.3444
      vertex 25.1364 29 17.6364
      vertex 25.3315 29 17.3444
    endloop
  endfacet
  facet normal -0.83148 -0 -0.555554
    outer loop
      vertex 25.1364 29 17.6364
      vertex 25.3315 27 17.3444
      vertex 25.1364 27 17.6364
    endloop
  endfacet
  facet normal -0.980788 0 -0.195075
    outer loop
      vertex 25.4 27 17
      vertex 25.3315 29 17.3444
      vertex 25.4 29 17
    endloop
  endfacet
  facet normal -0.980788 -0 -0.195075
    outer loop
      vertex 25.3315 29 17.3444
      vertex 25.4 27 17
      vertex 25.3315 27 17.3444
    endloop
  endfacet
  facet normal 0.83148 0 -0.555554
    outer loop
      vertex 23.8636 27 17.6364
      vertex 23.6685 29 17.3444
      vertex 23.8636 29 17.6364
    endloop
  endfacet
  facet normal 0.83148 0 -0.555554
    outer loop
      vertex 23.6685 29 17.3444
      vertex 23.8636 27 17.6364
      vertex 23.6685 27 17.3444
    endloop
  endfacet
  facet normal -0.555554 0 0.83148
    outer loop
      vertex 24.8444 29 16.1685
      vertex 25.1364 27 16.3636
      vertex 25.1364 29 16.3636
    endloop
  endfacet
  facet normal -0.555554 0 0.83148
    outer loop
      vertex 25.1364 27 16.3636
      vertex 24.8444 29 16.1685
      vertex 24.8444 27 16.1685
    endloop
  endfacet
  facet normal -0.555554 0 -0.83148
    outer loop
      vertex 24.8444 27 17.8315
      vertex 25.1364 29 17.6364
      vertex 25.1364 27 17.6364
    endloop
  endfacet
  facet normal -0.555554 0 -0.83148
    outer loop
      vertex 25.1364 29 17.6364
      vertex 24.8444 27 17.8315
      vertex 24.8444 29 17.8315
    endloop
  endfacet
  facet normal -0.83148 0 0.555554
    outer loop
      vertex 25.1364 27 16.3636
      vertex 25.3315 29 16.6556
      vertex 25.1364 29 16.3636
    endloop
  endfacet
  facet normal -0.83148 0 0.555554
    outer loop
      vertex 25.3315 29 16.6556
      vertex 25.1364 27 16.3636
      vertex 25.3315 27 16.6556
    endloop
  endfacet
  facet normal 0.195075 0 0.980788
    outer loop
      vertex 24.1556 29 16.1685
      vertex 24.5 27 16.1
      vertex 24.5 29 16.1
    endloop
  endfacet
  facet normal 0.195075 0 0.980788
    outer loop
      vertex 24.5 27 16.1
      vertex 24.1556 29 16.1685
      vertex 24.1556 27 16.1685
    endloop
  endfacet
  facet normal -0.195075 0 -0.980788
    outer loop
      vertex 24.5 27 17.9
      vertex 24.8444 29 17.8315
      vertex 24.8444 27 17.8315
    endloop
  endfacet
  facet normal -0.195075 0 -0.980788
    outer loop
      vertex 24.8444 29 17.8315
      vertex 24.5 27 17.9
      vertex 24.5 29 17.9
    endloop
  endfacet
  facet normal 0.195075 0 -0.980788
    outer loop
      vertex 24.1556 27 17.8315
      vertex 24.5 29 17.9
      vertex 24.5 27 17.9
    endloop
  endfacet
  facet normal 0.195075 0 -0.980788
    outer loop
      vertex 24.5 29 17.9
      vertex 24.1556 27 17.8315
      vertex 24.1556 29 17.8315
    endloop
  endfacet
  facet normal -0.195075 0 0.980788
    outer loop
      vertex 24.5 29 16.1
      vertex 24.8444 27 16.1685
      vertex 24.8444 29 16.1685
    endloop
  endfacet
  facet normal -0.195075 0 0.980788
    outer loop
      vertex 24.8444 27 16.1685
      vertex 24.5 29 16.1
      vertex 24.5 27 16.1
    endloop
  endfacet
  facet normal 0.980788 0 -0.195075
    outer loop
      vertex 23.6685 27 17.3444
      vertex 23.6 29 17
      vertex 23.6685 29 17.3444
    endloop
  endfacet
  facet normal 0.980788 0 -0.195075
    outer loop
      vertex 23.6 29 17
      vertex 23.6685 27 17.3444
      vertex 23.6 27 17
    endloop
  endfacet
  facet normal 0.83148 -0 0.555554
    outer loop
      vertex 23.6685 27 16.6556
      vertex 23.8636 29 16.3636
      vertex 23.6685 29 16.6556
    endloop
  endfacet
  facet normal 0.83148 0 0.555554
    outer loop
      vertex 23.8636 29 16.3636
      vertex 23.6685 27 16.6556
      vertex 23.8636 27 16.3636
    endloop
  endfacet
  facet normal 0.555554 0 -0.83148
    outer loop
      vertex 23.8636 27 17.6364
      vertex 24.1556 29 17.8315
      vertex 24.1556 27 17.8315
    endloop
  endfacet
  facet normal 0.555554 0 -0.83148
    outer loop
      vertex 24.1556 29 17.8315
      vertex 23.8636 27 17.6364
      vertex 23.8636 29 17.6364
    endloop
  endfacet
  facet normal -0.980788 0 0.195075
    outer loop
      vertex 25.3315 27 16.6556
      vertex 25.4 29 17
      vertex 25.3315 29 16.6556
    endloop
  endfacet
  facet normal -0.980788 0 0.195075
    outer loop
      vertex 25.4 29 17
      vertex 25.3315 27 16.6556
      vertex 25.4 27 17
    endloop
  endfacet
  facet normal 0.555554 0 0.83148
    outer loop
      vertex 23.8636 29 16.3636
      vertex 24.1556 27 16.1685
      vertex 24.1556 29 16.1685
    endloop
  endfacet
  facet normal 0.555554 0 0.83148
    outer loop
      vertex 24.1556 27 16.1685
      vertex 23.8636 29 16.3636
      vertex 23.8636 27 16.3636
    endloop
  endfacet
  facet normal 0.980785 -0 0.195093
    outer loop
      vertex 17.7197 27 16.6998
      vertex 17.7784 29 16.4047
      vertex 17.7197 29 16.6998
    endloop
  endfacet
  facet normal 0.980785 0 0.195093
    outer loop
      vertex 17.7784 29 16.4047
      vertex 17.7197 27 16.6998
      vertex 17.7784 27 16.4047
    endloop
  endfacet
  facet normal 0.195093 0 0.980785
    outer loop
      vertex 19.4047 29 14.7784
      vertex 19.6998 27 14.7197
      vertex 19.6998 29 14.7197
    endloop
  endfacet
  facet normal 0.195093 0 0.980785
    outer loop
      vertex 19.6998 27 14.7197
      vertex 19.4047 29 14.7784
      vertex 19.4047 27 14.7784
    endloop
  endfacet
  facet normal -0.997854 0 0.0654821
    outer loop
      vertex 22.2803 27 16.6998
      vertex 22.3 29 17
      vertex 22.2803 29 16.6998
    endloop
  endfacet
  facet normal -0.997854 0 0.0654821
    outer loop
      vertex 22.3 29 17
      vertex 22.2803 27 16.6998
      vertex 22.3 27 17
    endloop
  endfacet
  facet normal 0.997854 -0 0.0654821
    outer loop
      vertex 17.7 27 17
      vertex 17.7197 29 16.6998
      vertex 17.7 29 17
    endloop
  endfacet
  facet normal 0.997854 0 0.0654821
    outer loop
      vertex 17.7197 29 16.6998
      vertex 17.7 27 17
      vertex 17.7197 27 16.6998
    endloop
  endfacet
  facet normal -0.751649 0 0.659563
    outer loop
      vertex 21.6263 27 15.3737
      vertex 21.8247 29 15.5998
      vertex 21.6263 29 15.3737
    endloop
  endfacet
  facet normal -0.751649 0 0.659563
    outer loop
      vertex 21.8247 29 15.5998
      vertex 21.6263 27 15.3737
      vertex 21.8247 27 15.5998
    endloop
  endfacet
  facet normal 1 -0 0
    outer loop
      vertex 17.7 27 32
      vertex 17.7 29 17
      vertex 17.7 29 32
    endloop
  endfacet
  facet normal 1 0 0
    outer loop
      vertex 17.7 29 17
      vertex 17.7 27 32
      vertex 17.7 27 17
    endloop
  endfacet
  facet normal 0.89694 -0 0.442153
    outer loop
      vertex 17.8751 27 16.1198
      vertex 18.0081 29 15.85
      vertex 17.8751 29 16.1198
    endloop
  endfacet
  facet normal 0.89694 0 0.442153
    outer loop
      vertex 18.0081 29 15.85
      vertex 17.8751 27 16.1198
      vertex 18.0081 27 15.85
    endloop
  endfacet
  facet normal 0.946941 -0 0.321408
    outer loop
      vertex 17.7784 27 16.4047
      vertex 17.8751 29 16.1198
      vertex 17.7784 29 16.4047
    endloop
  endfacet
  facet normal 0.946941 0 0.321408
    outer loop
      vertex 17.8751 29 16.1198
      vertex 17.7784 27 16.4047
      vertex 17.8751 27 16.1198
    endloop
  endfacet
  facet normal 0.0654821 0 0.997854
    outer loop
      vertex 19.6998 29 14.7197
      vertex 20 27 14.7
      vertex 20 29 14.7
    endloop
  endfacet
  facet normal 0.0654821 0 0.997854
    outer loop
      vertex 20 27 14.7
      vertex 19.6998 29 14.7197
      vertex 19.6998 27 14.7197
    endloop
  endfacet
  facet normal 0.831436 -0 0.55562
    outer loop
      vertex 18.0081 27 15.85
      vertex 18.1753 29 15.5998
      vertex 18.0081 29 15.85
    endloop
  endfacet
  facet normal 0.831436 0 0.55562
    outer loop
      vertex 18.1753 29 15.5998
      vertex 18.0081 27 15.85
      vertex 18.1753 27 15.5998
    endloop
  endfacet
  facet normal -0.89694 0 0.442153
    outer loop
      vertex 21.9919 27 15.85
      vertex 22.1249 29 16.1198
      vertex 21.9919 29 15.85
    endloop
  endfacet
  facet normal -0.89694 0 0.442153
    outer loop
      vertex 22.1249 29 16.1198
      vertex 21.9919 27 15.85
      vertex 22.1249 27 16.1198
    endloop
  endfacet
  facet normal 0.55562 0 0.831436
    outer loop
      vertex 18.5998 29 15.1753
      vertex 18.85 27 15.0081
      vertex 18.85 29 15.0081
    endloop
  endfacet
  facet normal 0.55562 0 0.831436
    outer loop
      vertex 18.85 27 15.0081
      vertex 18.5998 29 15.1753
      vertex 18.5998 27 15.1753
    endloop
  endfacet
  facet normal -0.946941 0 0.321408
    outer loop
      vertex 22.1249 27 16.1198
      vertex 22.2216 29 16.4047
      vertex 22.1249 29 16.1198
    endloop
  endfacet
  facet normal -0.946941 0 0.321408
    outer loop
      vertex 22.2216 29 16.4047
      vertex 22.1249 27 16.1198
      vertex 22.2216 27 16.4047
    endloop
  endfacet
  facet normal -1 0 0
    outer loop
      vertex 22.3 27 17
      vertex 22.3 29 32
      vertex 22.3 29 17
    endloop
  endfacet
  facet normal -1 -0 0
    outer loop
      vertex 22.3 29 32
      vertex 22.3 27 17
      vertex 22.3 27 32
    endloop
  endfacet
  facet normal -0.831436 0 0.55562
    outer loop
      vertex 21.8247 27 15.5998
      vertex 21.9919 29 15.85
      vertex 21.8247 29 15.5998
    endloop
  endfacet
  facet normal -0.831436 0 0.55562
    outer loop
      vertex 21.9919 29 15.85
      vertex 21.8247 27 15.5998
      vertex 21.9919 27 15.85
    endloop
  endfacet
  facet normal -0.442153 0 0.89694
    outer loop
      vertex 20.8802 29 14.8751
      vertex 21.15 27 15.0081
      vertex 21.15 29 15.0081
    endloop
  endfacet
  facet normal -0.442153 0 0.89694
    outer loop
      vertex 21.15 27 15.0081
      vertex 20.8802 29 14.8751
      vertex 20.8802 27 14.8751
    endloop
  endfacet
  facet normal -0.321408 0 0.946941
    outer loop
      vertex 20.5953 29 14.7784
      vertex 20.8802 27 14.8751
      vertex 20.8802 29 14.8751
    endloop
  endfacet
  facet normal -0.321408 0 0.946941
    outer loop
      vertex 20.8802 27 14.8751
      vertex 20.5953 29 14.7784
      vertex 20.5953 27 14.7784
    endloop
  endfacet
  facet normal -0.55562 0 0.831436
    outer loop
      vertex 21.15 29 15.0081
      vertex 21.4002 27 15.1753
      vertex 21.4002 29 15.1753
    endloop
  endfacet
  facet normal -0.55562 0 0.831436
    outer loop
      vertex 21.4002 27 15.1753
      vertex 21.15 29 15.0081
      vertex 21.15 27 15.0081
    endloop
  endfacet
  facet normal 0.442153 0 0.89694
    outer loop
      vertex 18.85 29 15.0081
      vertex 19.1198 27 14.8751
      vertex 19.1198 29 14.8751
    endloop
  endfacet
  facet normal 0.442153 0 0.89694
    outer loop
      vertex 19.1198 27 14.8751
      vertex 18.85 29 15.0081
      vertex 18.85 27 15.0081
    endloop
  endfacet
  facet normal -0.980785 0 0.195093
    outer loop
      vertex 22.2216 27 16.4047
      vertex 22.2803 29 16.6998
      vertex 22.2216 29 16.4047
    endloop
  endfacet
  facet normal -0.980785 0 0.195093
    outer loop
      vertex 22.2803 29 16.6998
      vertex 22.2216 27 16.4047
      vertex 22.2803 27 16.6998
    endloop
  endfacet
  facet normal 0.659563 0 0.751649
    outer loop
      vertex 18.3737 29 15.3737
      vertex 18.5998 27 15.1753
      vertex 18.5998 29 15.1753
    endloop
  endfacet
  facet normal 0.659563 0 0.751649
    outer loop
      vertex 18.5998 27 15.1753
      vertex 18.3737 29 15.3737
      vertex 18.3737 27 15.3737
    endloop
  endfacet
  facet normal 0.751649 -0 0.659563
    outer loop
      vertex 18.1753 27 15.5998
      vertex 18.3737 29 15.3737
      vertex 18.1753 29 15.5998
    endloop
  endfacet
  facet normal 0.751649 0 0.659563
    outer loop
      vertex 18.3737 29 15.3737
      vertex 18.1753 27 15.5998
      vertex 18.3737 27 15.3737
    endloop
  endfacet
  facet normal 0.321408 0 0.946941
    outer loop
      vertex 19.1198 29 14.8751
      vertex 19.4047 27 14.7784
      vertex 19.4047 29 14.7784
    endloop
  endfacet
  facet normal 0.321408 0 0.946941
    outer loop
      vertex 19.4047 27 14.7784
      vertex 19.1198 29 14.8751
      vertex 19.1198 27 14.8751
    endloop
  endfacet
  facet normal -0.0654821 0 0.997854
    outer loop
      vertex 20 29 14.7
      vertex 20.3002 27 14.7197
      vertex 20.3002 29 14.7197
    endloop
  endfacet
  facet normal -0.0654821 0 0.997854
    outer loop
      vertex 20.3002 27 14.7197
      vertex 20 29 14.7
      vertex 20 27 14.7
    endloop
  endfacet
  facet normal -0.659563 0 0.751649
    outer loop
      vertex 21.4002 29 15.1753
      vertex 21.6263 27 15.3737
      vertex 21.6263 29 15.3737
    endloop
  endfacet
  facet normal -0.659563 0 0.751649
    outer loop
      vertex 21.6263 27 15.3737
      vertex 21.4002 29 15.1753
      vertex 21.4002 27 15.1753
    endloop
  endfacet
  facet normal -0.195093 0 0.980785
    outer loop
      vertex 20.3002 29 14.7197
      vertex 20.5953 27 14.7784
      vertex 20.5953 29 14.7784
    endloop
  endfacet
  facet normal -0.195093 0 0.980785
    outer loop
      vertex 20.5953 27 14.7784
      vertex 20.3002 29 14.7197
      vertex 20.3002 27 14.7197
    endloop
  endfacet
  facet normal 0.195075 0.980788 -0
    outer loop
      vertex 11.2 -11.4 14
      vertex 10.8556 -11.3315 22
      vertex 11.2 -11.4 22
    endloop
  endfacet
  facet normal 0.195075 0.980788 0
    outer loop
      vertex 10.8556 -11.3315 22
      vertex 11.2 -11.4 14
      vertex 10.8556 -11.3315 14
    endloop
  endfacet
  facet normal -0.83148 -0.555554 0
    outer loop
      vertex 12.0315 -10.1556 14
      vertex 11.8364 -9.8636 22
      vertex 11.8364 -9.8636 14
    endloop
  endfacet
  facet normal -0.83148 -0.555554 0
    outer loop
      vertex 11.8364 -9.8636 22
      vertex 12.0315 -10.1556 14
      vertex 12.0315 -10.1556 22
    endloop
  endfacet
  facet normal -0.980788 -0.195075 0
    outer loop
      vertex 12.1 -10.5 14
      vertex 12.0315 -10.1556 22
      vertex 12.0315 -10.1556 14
    endloop
  endfacet
  facet normal -0.980788 -0.195075 0
    outer loop
      vertex 12.0315 -10.1556 22
      vertex 12.1 -10.5 14
      vertex 12.1 -10.5 22
    endloop
  endfacet
  facet normal -0.555534 -0.831494 0
    outer loop
      vertex 11.5444 -9.66851 14
      vertex 11.8364 -9.8636 22
      vertex 11.5444 -9.66851 22
    endloop
  endfacet
  facet normal -0.555534 -0.831494 -0
    outer loop
      vertex 11.8364 -9.8636 22
      vertex 11.5444 -9.66851 14
      vertex 11.8364 -9.8636 14
    endloop
  endfacet
  facet normal -0.83148 0.555554 0
    outer loop
      vertex 11.8364 -11.1364 14
      vertex 12.0315 -10.8444 22
      vertex 12.0315 -10.8444 14
    endloop
  endfacet
  facet normal -0.83148 0.555554 0
    outer loop
      vertex 12.0315 -10.8444 22
      vertex 11.8364 -11.1364 14
      vertex 11.8364 -11.1364 22
    endloop
  endfacet
  facet normal -0.555554 0.83148 0
    outer loop
      vertex 11.8364 -11.1364 14
      vertex 11.5444 -11.3315 22
      vertex 11.8364 -11.1364 22
    endloop
  endfacet
  facet normal -0.555554 0.83148 0
    outer loop
      vertex 11.5444 -11.3315 22
      vertex 11.8364 -11.1364 14
      vertex 11.5444 -11.3315 14
    endloop
  endfacet
  facet normal 0.980788 0.195075 0
    outer loop
      vertex 10.3685 -10.8444 22
      vertex 10.3 -10.5 14
      vertex 10.3 -10.5 22
    endloop
  endfacet
  facet normal 0.980788 0.195075 0
    outer loop
      vertex 10.3 -10.5 14
      vertex 10.3685 -10.8444 22
      vertex 10.3685 -10.8444 14
    endloop
  endfacet
  facet normal 0.555534 -0.831494 0
    outer loop
      vertex 10.5636 -9.8636 14
      vertex 10.8556 -9.66851 22
      vertex 10.5636 -9.8636 22
    endloop
  endfacet
  facet normal 0.555534 -0.831494 0
    outer loop
      vertex 10.8556 -9.66851 22
      vertex 10.5636 -9.8636 14
      vertex 10.8556 -9.66851 14
    endloop
  endfacet
  facet normal 0.83148 -0.555554 0
    outer loop
      vertex 10.3685 -10.1556 22
      vertex 10.5636 -9.8636 14
      vertex 10.5636 -9.8636 22
    endloop
  endfacet
  facet normal 0.83148 -0.555554 0
    outer loop
      vertex 10.5636 -9.8636 14
      vertex 10.3685 -10.1556 22
      vertex 10.3685 -10.1556 14
    endloop
  endfacet
  facet normal 0.195103 -0.980783 0
    outer loop
      vertex 10.8556 -9.66851 14
      vertex 11.2 -9.6 22
      vertex 10.8556 -9.66851 22
    endloop
  endfacet
  facet normal 0.195103 -0.980783 0
    outer loop
      vertex 11.2 -9.6 22
      vertex 10.8556 -9.66851 14
      vertex 11.2 -9.6 14
    endloop
  endfacet
  facet normal -0.195103 -0.980783 0
    outer loop
      vertex 11.2 -9.6 14
      vertex 11.5444 -9.66851 22
      vertex 11.2 -9.6 22
    endloop
  endfacet
  facet normal -0.195103 -0.980783 -0
    outer loop
      vertex 11.5444 -9.66851 22
      vertex 11.2 -9.6 14
      vertex 11.5444 -9.66851 14
    endloop
  endfacet
  facet normal -0.980788 0.195075 0
    outer loop
      vertex 12.0315 -10.8444 14
      vertex 12.1 -10.5 22
      vertex 12.1 -10.5 14
    endloop
  endfacet
  facet normal -0.980788 0.195075 0
    outer loop
      vertex 12.1 -10.5 22
      vertex 12.0315 -10.8444 14
      vertex 12.0315 -10.8444 22
    endloop
  endfacet
  facet normal -0.195075 0.980788 0
    outer loop
      vertex 11.5444 -11.3315 14
      vertex 11.2 -11.4 22
      vertex 11.5444 -11.3315 22
    endloop
  endfacet
  facet normal -0.195075 0.980788 0
    outer loop
      vertex 11.2 -11.4 22
      vertex 11.5444 -11.3315 14
      vertex 11.2 -11.4 14
    endloop
  endfacet
  facet normal 0.980788 -0.195075 0
    outer loop
      vertex 10.3 -10.5 22
      vertex 10.3685 -10.1556 14
      vertex 10.3685 -10.1556 22
    endloop
  endfacet
  facet normal 0.980788 -0.195075 0
    outer loop
      vertex 10.3685 -10.1556 14
      vertex 10.3 -10.5 22
      vertex 10.3 -10.5 14
    endloop
  endfacet
  facet normal 0.555554 0.83148 -0
    outer loop
      vertex 10.8556 -11.3315 14
      vertex 10.5636 -11.1364 22
      vertex 10.8556 -11.3315 22
    endloop
  endfacet
  facet normal 0.555554 0.83148 0
    outer loop
      vertex 10.5636 -11.1364 22
      vertex 10.8556 -11.3315 14
      vertex 10.5636 -11.1364 14
    endloop
  endfacet
  facet normal 0.83148 0.555554 0
    outer loop
      vertex 10.5636 -11.1364 22
      vertex 10.3685 -10.8444 14
      vertex 10.3685 -10.8444 22
    endloop
  endfacet
  facet normal 0.83148 0.555554 0
    outer loop
      vertex 10.3685 -10.8444 14
      vertex 10.5636 -11.1364 22
      vertex 10.5636 -11.1364 14
    endloop
  endfacet
  facet normal 0 0 1
    outer loop
      vertex 12.0315 -10.1556 14
      vertex 12.0315 -10.8444 14
      vertex 12.1 -10.5 14
    endloop
  endfacet
  facet normal 0 0 1
    outer loop
      vertex 11.8364 -9.8636 14
      vertex 12.0315 -10.8444 14
      vertex 12.0315 -10.1556 14
    endloop
  endfacet
  facet normal 0 0 1
    outer loop
      vertex 11.8364 -9.8636 14
      vertex 11.8364 -11.1364 14
      vertex 12.0315 -10.8444 14
    endloop
  endfacet
  facet normal 0 0 1
    outer loop
      vertex 11.5444 -9.66851 14
      vertex 11.8364 -11.1364 14
      vertex 11.8364 -9.8636 14
    endloop
  endfacet
  facet normal 0 0 1
    outer loop
      vertex 11.5444 -9.66851 14
      vertex 11.5444 -11.3315 14
      vertex 11.8364 -11.1364 14
    endloop
  endfacet
  facet normal 0 0 1
    outer loop
      vertex 11.2 -9.6 14
      vertex 11.5444 -11.3315 14
      vertex 11.5444 -9.66851 14
    endloop
  endfacet
  facet normal 0 0 1
    outer loop
      vertex 11.2 -9.6 14
      vertex 11.2 -11.4 14
      vertex 11.5444 -11.3315 14
    endloop
  endfacet
  facet normal -0 0 1
    outer loop
      vertex 10.8556 -9.66851 14
      vertex 11.2 -11.4 14
      vertex 11.2 -9.6 14
    endloop
  endfacet
  facet normal 0 0 1
    outer loop
      vertex 10.8556 -9.66851 14
      vertex 10.8556 -11.3315 14
      vertex 11.2 -11.4 14
    endloop
  endfacet
  facet normal -0 0 1
    outer loop
      vertex 10.5636 -9.8636 14
      vertex 10.8556 -11.3315 14
      vertex 10.8556 -9.66851 14
    endloop
  endfacet
  facet normal 0 0 1
    outer loop
      vertex 10.5636 -9.8636 14
      vertex 10.5636 -11.1364 14
      vertex 10.8556 -11.3315 14
    endloop
  endfacet
  facet normal -0 0 1
    outer loop
      vertex 10.3685 -10.1556 14
      vertex 10.5636 -11.1364 14
      vertex 10.5636 -9.8636 14
    endloop
  endfacet
  facet normal 0 0 1
    outer loop
      vertex 10.3685 -10.1556 14
      vertex 10.3685 -10.8444 14
      vertex 10.5636 -11.1364 14
    endloop
  endfacet
  facet normal 0 -0 1
    outer loop
      vertex 10.3685 -10.8444 14
      vertex 10.3685 -10.1556 14
      vertex 10.3 -10.5 14
    endloop
  endfacet
  facet normal -0.83148 -0.555554 0
    outer loop
      vertex 29.6315 -10.1556 14
      vertex 29.4364 -9.8636 22
      vertex 29.4364 -9.8636 14
    endloop
  endfacet
  facet normal -0.83148 -0.555554 0
    outer loop
      vertex 29.4364 -9.8636 22
      vertex 29.6315 -10.1556 14
      vertex 29.6315 -10.1556 22
    endloop
  endfacet
  facet normal -0.980788 -0.195075 0
    outer loop
      vertex 29.7 -10.5 14
      vertex 29.6315 -10.1556 22
      vertex 29.6315 -10.1556 14
    endloop
  endfacet
  facet normal -0.980788 -0.195075 0
    outer loop
      vertex 29.6315 -10.1556 22
      vertex 29.7 -10.5 14
      vertex 29.7 -10.5 22
    endloop
  endfacet
  facet normal -0.555534 -0.831494 0
    outer loop
      vertex 29.1444 -9.66851 14
      vertex 29.4364 -9.8636 22
      vertex 29.1444 -9.66851 22
    endloop
  endfacet
  facet normal -0.555534 -0.831494 -0
    outer loop
      vertex 29.4364 -9.8636 22
      vertex 29.1444 -9.66851 14
      vertex 29.4364 -9.8636 14
    endloop
  endfacet
  facet normal 0.980788 0.195075 0
    outer loop
      vertex 27.9685 -10.8444 22
      vertex 27.9 -10.5 14
      vertex 27.9 -10.5 22
    endloop
  endfacet
  facet normal 0.980788 0.195075 0
    outer loop
      vertex 27.9 -10.5 14
      vertex 27.9685 -10.8444 22
      vertex 27.9685 -10.8444 14
    endloop
  endfacet
  facet normal -0.555554 0.83148 0
    outer loop
      vertex 29.4364 -11.1364 14
      vertex 29.1444 -11.3315 22
      vertex 29.4364 -11.1364 22
    endloop
  endfacet
  facet normal -0.555554 0.83148 0
    outer loop
      vertex 29.1444 -11.3315 22
      vertex 29.4364 -11.1364 14
      vertex 29.1444 -11.3315 14
    endloop
  endfacet
  facet normal 0.83148 -0.555554 0
    outer loop
      vertex 27.9685 -10.1556 22
      vertex 28.1636 -9.8636 14
      vertex 28.1636 -9.8636 22
    endloop
  endfacet
  facet normal 0.83148 -0.555554 0
    outer loop
      vertex 28.1636 -9.8636 14
      vertex 27.9685 -10.1556 22
      vertex 27.9685 -10.1556 14
    endloop
  endfacet
  facet normal 0.195075 0.980788 -0
    outer loop
      vertex 28.8 -11.4 14
      vertex 28.4556 -11.3315 22
      vertex 28.8 -11.4 22
    endloop
  endfacet
  facet normal 0.195075 0.980788 0
    outer loop
      vertex 28.4556 -11.3315 22
      vertex 28.8 -11.4 14
      vertex 28.4556 -11.3315 14
    endloop
  endfacet
  facet normal -0.195103 -0.980783 0
    outer loop
      vertex 28.8 -9.6 14
      vertex 29.1444 -9.66851 22
      vertex 28.8 -9.6 22
    endloop
  endfacet
  facet normal -0.195103 -0.980783 -0
    outer loop
      vertex 29.1444 -9.66851 22
      vertex 28.8 -9.6 14
      vertex 29.1444 -9.66851 14
    endloop
  endfacet
  facet normal 0.195103 -0.980783 0
    outer loop
      vertex 28.4556 -9.66851 14
      vertex 28.8 -9.6 22
      vertex 28.4556 -9.66851 22
    endloop
  endfacet
  facet normal 0.195103 -0.980783 0
    outer loop
      vertex 28.8 -9.6 22
      vertex 28.4556 -9.66851 14
      vertex 28.8 -9.6 14
    endloop
  endfacet
  facet normal -0.83148 0.555554 0
    outer loop
      vertex 29.4364 -11.1364 14
      vertex 29.6315 -10.8444 22
      vertex 29.6315 -10.8444 14
    endloop
  endfacet
  facet normal -0.83148 0.555554 0
    outer loop
      vertex 29.6315 -10.8444 22
      vertex 29.4364 -11.1364 14
      vertex 29.4364 -11.1364 22
    endloop
  endfacet
  facet normal -0.980788 0.195075 0
    outer loop
      vertex 29.6315 -10.8444 14
      vertex 29.7 -10.5 22
      vertex 29.7 -10.5 14
    endloop
  endfacet
  facet normal -0.980788 0.195075 0
    outer loop
      vertex 29.7 -10.5 22
      vertex 29.6315 -10.8444 14
      vertex 29.6315 -10.8444 22
    endloop
  endfacet
  facet normal 0.83148 0.555554 0
    outer loop
      vertex 28.1636 -11.1364 22
      vertex 27.9685 -10.8444 14
      vertex 27.9685 -10.8444 22
    endloop
  endfacet
  facet normal 0.83148 0.555554 0
    outer loop
      vertex 27.9685 -10.8444 14
      vertex 28.1636 -11.1364 22
      vertex 28.1636 -11.1364 14
    endloop
  endfacet
  facet normal -0.195075 0.980788 0
    outer loop
      vertex 29.1444 -11.3315 14
      vertex 28.8 -11.4 22
      vertex 29.1444 -11.3315 22
    endloop
  endfacet
  facet normal -0.195075 0.980788 0
    outer loop
      vertex 28.8 -11.4 22
      vertex 29.1444 -11.3315 14
      vertex 28.8 -11.4 14
    endloop
  endfacet
  facet normal 0.980788 -0.195075 0
    outer loop
      vertex 27.9 -10.5 22
      vertex 27.9685 -10.1556 14
      vertex 27.9685 -10.1556 22
    endloop
  endfacet
  facet normal 0.980788 -0.195075 0
    outer loop
      vertex 27.9685 -10.1556 14
      vertex 27.9 -10.5 22
      vertex 27.9 -10.5 14
    endloop
  endfacet
  facet normal 0.555534 -0.831494 0
    outer loop
      vertex 28.1636 -9.8636 14
      vertex 28.4556 -9.66851 22
      vertex 28.1636 -9.8636 22
    endloop
  endfacet
  facet normal 0.555534 -0.831494 0
    outer loop
      vertex 28.4556 -9.66851 22
      vertex 28.1636 -9.8636 14
      vertex 28.4556 -9.66851 14
    endloop
  endfacet
  facet normal 0.555554 0.83148 -0
    outer loop
      vertex 28.4556 -11.3315 14
      vertex 28.1636 -11.1364 22
      vertex 28.4556 -11.3315 22
    endloop
  endfacet
  facet normal 0.555554 0.83148 0
    outer loop
      vertex 28.1636 -11.1364 22
      vertex 28.4556 -11.3315 14
      vertex 28.1636 -11.1364 14
    endloop
  endfacet
  facet normal 0 0 1
    outer loop
      vertex 29.6315 -10.1556 14
      vertex 29.6315 -10.8444 14
      vertex 29.7 -10.5 14
    endloop
  endfacet
  facet normal 0 0 1
    outer loop
      vertex 29.4364 -9.8636 14
      vertex 29.6315 -10.8444 14
      vertex 29.6315 -10.1556 14
    endloop
  endfacet
  facet normal 0 0 1
    outer loop
      vertex 29.4364 -9.8636 14
      vertex 29.4364 -11.1364 14
      vertex 29.6315 -10.8444 14
    endloop
  endfacet
  facet normal 0 0 1
    outer loop
      vertex 29.1444 -9.66851 14
      vertex 29.4364 -11.1364 14
      vertex 29.4364 -9.8636 14
    endloop
  endfacet
  facet normal 0 0 1
    outer loop
      vertex 29.1444 -9.66851 14
      vertex 29.1444 -11.3315 14
      vertex 29.4364 -11.1364 14
    endloop
  endfacet
  facet normal 0 0 1
    outer loop
      vertex 28.8 -9.6 14
      vertex 29.1444 -11.3315 14
      vertex 29.1444 -9.66851 14
    endloop
  endfacet
  facet normal 0 0 1
    outer loop
      vertex 28.8 -9.6 14
      vertex 28.8 -11.4 14
      vertex 29.1444 -11.3315 14
    endloop
  endfacet
  facet normal -0 0 1
    outer loop
      vertex 28.4556 -9.66851 14
      vertex 28.8 -11.4 14
      vertex 28.8 -9.6 14
    endloop
  endfacet
  facet normal 0 0 1
    outer loop
      vertex 28.4556 -9.66851 14
      vertex 28.4556 -11.3315 14
      vertex 28.8 -11.4 14
    endloop
  endfacet
  facet normal -0 0 1
    outer loop
      vertex 28.1636 -9.8636 14
      vertex 28.4556 -11.3315 14
      vertex 28.4556 -9.66851 14
    endloop
  endfacet
  facet normal 0 0 1
    outer loop
      vertex 28.1636 -9.8636 14
      vertex 28.1636 -11.1364 14
      vertex 28.4556 -11.3315 14
    endloop
  endfacet
  facet normal -0 0 1
    outer loop
      vertex 27.9685 -10.1556 14
      vertex 28.1636 -11.1364 14
      vertex 28.1636 -9.8636 14
    endloop
  endfacet
  facet normal 0 0 1
    outer loop
      vertex 27.9685 -10.1556 14
      vertex 27.9685 -10.8444 14
      vertex 28.1636 -11.1364 14
    endloop
  endfacet
  facet normal 0 -0 1
    outer loop
      vertex 27.9685 -10.8444 14
      vertex 27.9685 -10.1556 14
      vertex 27.9 -10.5 14
    endloop
  endfacet
  facet normal 0.195103 0.980783 -0
    outer loop
      vertex 11.2 9.6 14
      vertex 10.8556 9.66851 22
      vertex 11.2 9.6 22
    endloop
  endfacet
  facet normal 0.195103 0.980783 0
    outer loop
      vertex 10.8556 9.66851 22
      vertex 11.2 9.6 14
      vertex 10.8556 9.66851 14
    endloop
  endfacet
  facet normal -0.83148 -0.555554 0
    outer loop
      vertex 12.0315 10.8444 14
      vertex 11.8364 11.1364 22
      vertex 11.8364 11.1364 14
    endloop
  endfacet
  facet normal -0.83148 -0.555554 0
    outer loop
      vertex 11.8364 11.1364 22
      vertex 12.0315 10.8444 14
      vertex 12.0315 10.8444 22
    endloop
  endfacet
  facet normal -0.980788 -0.195075 0
    outer loop
      vertex 12.1 10.5 14
      vertex 12.0315 10.8444 22
      vertex 12.0315 10.8444 14
    endloop
  endfacet
  facet normal -0.980788 -0.195075 0
    outer loop
      vertex 12.0315 10.8444 22
      vertex 12.1 10.5 14
      vertex 12.1 10.5 22
    endloop
  endfacet
  facet normal -0.555554 -0.83148 0
    outer loop
      vertex 11.5444 11.3315 14
      vertex 11.8364 11.1364 22
      vertex 11.5444 11.3315 22
    endloop
  endfacet
  facet normal -0.555554 -0.83148 -0
    outer loop
      vertex 11.8364 11.1364 22
      vertex 11.5444 11.3315 14
      vertex 11.8364 11.1364 14
    endloop
  endfacet
  facet normal -0.83148 0.555554 0
    outer loop
      vertex 11.8364 9.8636 14
      vertex 12.0315 10.1556 22
      vertex 12.0315 10.1556 14
    endloop
  endfacet
  facet normal -0.83148 0.555554 0
    outer loop
      vertex 12.0315 10.1556 22
      vertex 11.8364 9.8636 14
      vertex 11.8364 9.8636 22
    endloop
  endfacet
  facet normal -0.555534 0.831494 0
    outer loop
      vertex 11.8364 9.8636 14
      vertex 11.5444 9.66851 22
      vertex 11.8364 9.8636 22
    endloop
  endfacet
  facet normal -0.555534 0.831494 0
    outer loop
      vertex 11.5444 9.66851 22
      vertex 11.8364 9.8636 14
      vertex 11.5444 9.66851 14
    endloop
  endfacet
  facet normal 0.980788 0.195075 0
    outer loop
      vertex 10.3685 10.1556 22
      vertex 10.3 10.5 14
      vertex 10.3 10.5 22
    endloop
  endfacet
  facet normal 0.980788 0.195075 0
    outer loop
      vertex 10.3 10.5 14
      vertex 10.3685 10.1556 22
      vertex 10.3685 10.1556 14
    endloop
  endfacet
  facet normal 0.555554 -0.83148 0
    outer loop
      vertex 10.5636 11.1364 14
      vertex 10.8556 11.3315 22
      vertex 10.5636 11.1364 22
    endloop
  endfacet
  facet normal 0.555554 -0.83148 0
    outer loop
      vertex 10.8556 11.3315 22
      vertex 10.5636 11.1364 14
      vertex 10.8556 11.3315 14
    endloop
  endfacet
  facet normal 0.83148 -0.555554 0
    outer loop
      vertex 10.3685 10.8444 22
      vertex 10.5636 11.1364 14
      vertex 10.5636 11.1364 22
    endloop
  endfacet
  facet normal 0.83148 -0.555554 0
    outer loop
      vertex 10.5636 11.1364 14
      vertex 10.3685 10.8444 22
      vertex 10.3685 10.8444 14
    endloop
  endfacet
  facet normal 0.195075 -0.980788 0
    outer loop
      vertex 10.8556 11.3315 14
      vertex 11.2 11.4 22
      vertex 10.8556 11.3315 22
    endloop
  endfacet
  facet normal 0.195075 -0.980788 0
    outer loop
      vertex 11.2 11.4 22
      vertex 10.8556 11.3315 14
      vertex 11.2 11.4 14
    endloop
  endfacet
  facet normal -0.195075 -0.980788 0
    outer loop
      vertex 11.2 11.4 14
      vertex 11.5444 11.3315 22
      vertex 11.2 11.4 22
    endloop
  endfacet
  facet normal -0.195075 -0.980788 -0
    outer loop
      vertex 11.5444 11.3315 22
      vertex 11.2 11.4 14
      vertex 11.5444 11.3315 14
    endloop
  endfacet
  facet normal -0.980788 0.195075 0
    outer loop
      vertex 12.0315 10.1556 14
      vertex 12.1 10.5 22
      vertex 12.1 10.5 14
    endloop
  endfacet
  facet normal -0.980788 0.195075 0
    outer loop
      vertex 12.1 10.5 22
      vertex 12.0315 10.1556 14
      vertex 12.0315 10.1556 22
    endloop
  endfacet
  facet normal -0.195103 0.980783 0
    outer loop
      vertex 11.5444 9.66851 14
      vertex 11.2 9.6 22
      vertex 11.5444 9.66851 22
    endloop
  endfacet
  facet normal -0.195103 0.980783 0
    outer loop
      vertex 11.2 9.6 22
      vertex 11.5444 9.66851 14
      vertex 11.2 9.6 14
    endloop
  endfacet
  facet normal 0.980788 -0.195075 0
    outer loop
      vertex 10.3 10.5 22
      vertex 10.3685 10.8444 14
      vertex 10.3685 10.8444 22
    endloop
  endfacet
  facet normal 0.980788 -0.195075 0
    outer loop
      vertex 10.3685 10.8444 14
      vertex 10.3 10.5 22
      vertex 10.3 10.5 14
    endloop
  endfacet
  facet normal 0.555534 0.831494 -0
    outer loop
      vertex 10.8556 9.66851 14
      vertex 10.5636 9.8636 22
      vertex 10.8556 9.66851 22
    endloop
  endfacet
  facet normal 0.555534 0.831494 0
    outer loop
      vertex 10.5636 9.8636 22
      vertex 10.8556 9.66851 14
      vertex 10.5636 9.8636 14
    endloop
  endfacet
  facet normal 0.83148 0.555554 0
    outer loop
      vertex 10.5636 9.8636 22
      vertex 10.3685 10.1556 14
      vertex 10.3685 10.1556 22
    endloop
  endfacet
  facet normal 0.83148 0.555554 0
    outer loop
      vertex 10.3685 10.1556 14
      vertex 10.5636 9.8636 22
      vertex 10.5636 9.8636 14
    endloop
  endfacet
  facet normal 0 0 1
    outer loop
      vertex 12.0315 10.8444 14
      vertex 12.0315 10.1556 14
      vertex 12.1 10.5 14
    endloop
  endfacet
  facet normal 0 0 1
    outer loop
      vertex 11.8364 11.1364 14
      vertex 12.0315 10.1556 14
      vertex 12.0315 10.8444 14
    endloop
  endfacet
  facet normal 0 0 1
    outer loop
      vertex 11.8364 11.1364 14
      vertex 11.8364 9.8636 14
      vertex 12.0315 10.1556 14
    endloop
  endfacet
  facet normal 0 0 1
    outer loop
      vertex 11.5444 11.3315 14
      vertex 11.8364 9.8636 14
      vertex 11.8364 11.1364 14
    endloop
  endfacet
  facet normal 0 0 1
    outer loop
      vertex 11.5444 11.3315 14
      vertex 11.5444 9.66851 14
      vertex 11.8364 9.8636 14
    endloop
  endfacet
  facet normal 0 0 1
    outer loop
      vertex 11.2 11.4 14
      vertex 11.5444 9.66851 14
      vertex 11.5444 11.3315 14
    endloop
  endfacet
  facet normal 0 0 1
    outer loop
      vertex 11.2 11.4 14
      vertex 11.2 9.6 14
      vertex 11.5444 9.66851 14
    endloop
  endfacet
  facet normal -0 0 1
    outer loop
      vertex 10.8556 11.3315 14
      vertex 11.2 9.6 14
      vertex 11.2 11.4 14
    endloop
  endfacet
  facet normal 0 0 1
    outer loop
      vertex 10.8556 11.3315 14
      vertex 10.8556 9.66851 14
      vertex 11.2 9.6 14
    endloop
  endfacet
  facet normal -0 0 1
    outer loop
      vertex 10.5636 11.1364 14
      vertex 10.8556 9.66851 14
      vertex 10.8556 11.3315 14
    endloop
  endfacet
  facet normal 0 0 1
    outer loop
      vertex 10.5636 11.1364 14
      vertex 10.5636 9.8636 14
      vertex 10.8556 9.66851 14
    endloop
  endfacet
  facet normal -0 0 1
    outer loop
      vertex 10.3685 10.8444 14
      vertex 10.5636 9.8636 14
      vertex 10.5636 11.1364 14
    endloop
  endfacet
  facet normal 0 0 1
    outer loop
      vertex 10.3685 10.8444 14
      vertex 10.3685 10.1556 14
      vertex 10.5636 9.8636 14
    endloop
  endfacet
  facet normal 0 -0 1
    outer loop
      vertex 10.3685 10.1556 14
      vertex 10.3685 10.8444 14
      vertex 10.3 10.5 14
    endloop
  endfacet
  facet normal -0.83148 -0.555554 0
    outer loop
      vertex 29.6315 10.8444 14
      vertex 29.4364 11.1364 22
      vertex 29.4364 11.1364 14
    endloop
  endfacet
  facet normal -0.83148 -0.555554 0
    outer loop
      vertex 29.4364 11.1364 22
      vertex 29.6315 10.8444 14
      vertex 29.6315 10.8444 22
    endloop
  endfacet
  facet normal -0.980788 -0.195075 0
    outer loop
      vertex 29.7 10.5 14
      vertex 29.6315 10.8444 22
      vertex 29.6315 10.8444 14
    endloop
  endfacet
  facet normal -0.980788 -0.195075 0
    outer loop
      vertex 29.6315 10.8444 22
      vertex 29.7 10.5 14
      vertex 29.7 10.5 22
    endloop
  endfacet
  facet normal -0.555554 -0.83148 0
    outer loop
      vertex 29.1444 11.3315 14
      vertex 29.4364 11.1364 22
      vertex 29.1444 11.3315 22
    endloop
  endfacet
  facet normal -0.555554 -0.83148 -0
    outer loop
      vertex 29.4364 11.1364 22
      vertex 29.1444 11.3315 14
      vertex 29.4364 11.1364 14
    endloop
  endfacet
  facet normal 0.980788 0.195075 0
    outer loop
      vertex 27.9685 10.1556 22
      vertex 27.9 10.5 14
      vertex 27.9 10.5 22
    endloop
  endfacet
  facet normal 0.980788 0.195075 0
    outer loop
      vertex 27.9 10.5 14
      vertex 27.9685 10.1556 22
      vertex 27.9685 10.1556 14
    endloop
  endfacet
  facet normal -0.555534 0.831494 0
    outer loop
      vertex 29.4364 9.8636 14
      vertex 29.1444 9.66851 22
      vertex 29.4364 9.8636 22
    endloop
  endfacet
  facet normal -0.555534 0.831494 0
    outer loop
      vertex 29.1444 9.66851 22
      vertex 29.4364 9.8636 14
      vertex 29.1444 9.66851 14
    endloop
  endfacet
  facet normal 0.83148 -0.555554 0
    outer loop
      vertex 27.9685 10.8444 22
      vertex 28.1636 11.1364 14
      vertex 28.1636 11.1364 22
    endloop
  endfacet
  facet normal 0.83148 -0.555554 0
    outer loop
      vertex 28.1636 11.1364 14
      vertex 27.9685 10.8444 22
      vertex 27.9685 10.8444 14
    endloop
  endfacet
  facet normal 0.195103 0.980783 -0
    outer loop
      vertex 28.8 9.6 14
      vertex 28.4556 9.66851 22
      vertex 28.8 9.6 22
    endloop
  endfacet
  facet normal 0.195103 0.980783 0
    outer loop
      vertex 28.4556 9.66851 22
      vertex 28.8 9.6 14
      vertex 28.4556 9.66851 14
    endloop
  endfacet
  facet normal 0.195075 -0.980788 0
    outer loop
      vertex 28.4556 11.3315 14
      vertex 28.8 11.4 22
      vertex 28.4556 11.3315 22
    endloop
  endfacet
  facet normal 0.195075 -0.980788 0
    outer loop
      vertex 28.8 11.4 22
      vertex 28.4556 11.3315 14
      vertex 28.8 11.4 14
    endloop
  endfacet
  facet normal 0.555554 -0.83148 0
    outer loop
      vertex 28.1636 11.1364 14
      vertex 28.4556 11.3315 22
      vertex 28.1636 11.1364 22
    endloop
  endfacet
  facet normal 0.555554 -0.83148 0
    outer loop
      vertex 28.4556 11.3315 22
      vertex 28.1636 11.1364 14
      vertex 28.4556 11.3315 14
    endloop
  endfacet
  facet normal -0.83148 0.555554 0
    outer loop
      vertex 29.4364 9.8636 14
      vertex 29.6315 10.1556 22
      vertex 29.6315 10.1556 14
    endloop
  endfacet
  facet normal -0.83148 0.555554 0
    outer loop
      vertex 29.6315 10.1556 22
      vertex 29.4364 9.8636 14
      vertex 29.4364 9.8636 22
    endloop
  endfacet
  facet normal -0.980788 0.195075 0
    outer loop
      vertex 29.6315 10.1556 14
      vertex 29.7 10.5 22
      vertex 29.7 10.5 14
    endloop
  endfacet
  facet normal -0.980788 0.195075 0
    outer loop
      vertex 29.7 10.5 22
      vertex 29.6315 10.1556 14
      vertex 29.6315 10.1556 22
    endloop
  endfacet
  facet normal 0.83148 0.555554 0
    outer loop
      vertex 28.1636 9.8636 22
      vertex 27.9685 10.1556 14
      vertex 27.9685 10.1556 22
    endloop
  endfacet
  facet normal 0.83148 0.555554 0
    outer loop
      vertex 27.9685 10.1556 14
      vertex 28.1636 9.8636 22
      vertex 28.1636 9.8636 14
    endloop
  endfacet
  facet normal -0.195103 0.980783 0
    outer loop
      vertex 29.1444 9.66851 14
      vertex 28.8 9.6 22
      vertex 29.1444 9.66851 22
    endloop
  endfacet
  facet normal -0.195103 0.980783 0
    outer loop
      vertex 28.8 9.6 22
      vertex 29.1444 9.66851 14
      vertex 28.8 9.6 14
    endloop
  endfacet
  facet normal 0.980788 -0.195075 0
    outer loop
      vertex 27.9 10.5 22
      vertex 27.9685 10.8444 14
      vertex 27.9685 10.8444 22
    endloop
  endfacet
  facet normal 0.980788 -0.195075 0
    outer loop
      vertex 27.9685 10.8444 14
      vertex 27.9 10.5 22
      vertex 27.9 10.5 14
    endloop
  endfacet
  facet normal -0.195075 -0.980788 0
    outer loop
      vertex 28.8 11.4 14
      vertex 29.1444 11.3315 22
      vertex 28.8 11.4 22
    endloop
  endfacet
  facet normal -0.195075 -0.980788 -0
    outer loop
      vertex 29.1444 11.3315 22
      vertex 28.8 11.4 14
      vertex 29.1444 11.3315 14
    endloop
  endfacet
  facet normal 0.555534 0.831494 -0
    outer loop
      vertex 28.4556 9.66851 14
      vertex 28.1636 9.8636 22
      vertex 28.4556 9.66851 22
    endloop
  endfacet
  facet normal 0.555534 0.831494 0
    outer loop
      vertex 28.1636 9.8636 22
      vertex 28.4556 9.66851 14
      vertex 28.1636 9.8636 14
    endloop
  endfacet
  facet normal 0 0 1
    outer loop
      vertex 29.6315 10.8444 14
      vertex 29.6315 10.1556 14
      vertex 29.7 10.5 14
    endloop
  endfacet
  facet normal 0 0 1
    outer loop
      vertex 29.4364 11.1364 14
      vertex 29.6315 10.1556 14
      vertex 29.6315 10.8444 14
    endloop
  endfacet
  facet normal 0 0 1
    outer loop
      vertex 29.4364 11.1364 14
      vertex 29.4364 9.8636 14
      vertex 29.6315 10.1556 14
    endloop
  endfacet
  facet normal 0 0 1
    outer loop
      vertex 29.1444 11.3315 14
      vertex 29.4364 9.8636 14
      vertex 29.4364 11.1364 14
    endloop
  endfacet
  facet normal 0 0 1
    outer loop
      vertex 29.1444 11.3315 14
      vertex 29.1444 9.66851 14
      vertex 29.4364 9.8636 14
    endloop
  endfacet
  facet normal 0 0 1
    outer loop
      vertex 28.8 11.4 14
      vertex 29.1444 9.66851 14
      vertex 29.1444 11.3315 14
    endloop
  endfacet
  facet normal 0 0 1
    outer loop
      vertex 28.8 11.4 14
      vertex 28.8 9.6 14
      vertex 29.1444 9.66851 14
    endloop
  endfacet
  facet normal -0 0 1
    outer loop
      vertex 28.4556 11.3315 14
      vertex 28.8 9.6 14
      vertex 28.8 11.4 14
    endloop
  endfacet
  facet normal 0 0 1
    outer loop
      vertex 28.4556 11.3315 14
      vertex 28.4556 9.66851 14
      vertex 28.8 9.6 14
    endloop
  endfacet
  facet normal -0 0 1
    outer loop
      vertex 28.1636 11.1364 14
      vertex 28.4556 9.66851 14
      vertex 28.4556 11.3315 14
    endloop
  endfacet
  facet normal 0 0 1
    outer loop
      vertex 28.1636 11.1364 14
      vertex 28.1636 9.8636 14
      vertex 28.4556 9.66851 14
    endloop
  endfacet
  facet normal -0 0 1
    outer loop
      vertex 27.9685 10.8444 14
      vertex 28.1636 9.8636 14
      vertex 28.1636 11.1364 14
    endloop
  endfacet
  facet normal 0 0 1
    outer loop
      vertex 27.9685 10.8444 14
      vertex 27.9685 10.1556 14
      vertex 28.1636 9.8636 14
    endloop
  endfacet
  facet normal 0 -0 1
    outer loop
      vertex 27.9685 10.1556 14
      vertex 27.9685 10.8444 14
      vertex 27.9 10.5 14
    endloop
  endfacet
  facet normal -0.831494 -0.555534 0
    outer loop
      vertex 5.33149 24.8444 22
      vertex 5.1364 25.1364 32
      vertex 5.1364 25.1364 22
    endloop
  endfacet
  facet normal -0.831494 -0.555534 0
    outer loop
      vertex 5.1364 25.1364 32
      vertex 5.33149 24.8444 22
      vertex 5.33149 24.8444 32
    endloop
  endfacet
  facet normal -0.980783 -0.195103 0
    outer loop
      vertex 5.4 24.5 22
      vertex 5.33149 24.8444 32
      vertex 5.33149 24.8444 22
    endloop
  endfacet
  facet normal -0.980783 -0.195103 0
    outer loop
      vertex 5.33149 24.8444 32
      vertex 5.4 24.5 22
      vertex 5.4 24.5 32
    endloop
  endfacet
  facet normal -0.555567 -0.831472 0
    outer loop
      vertex 4.84441 25.3315 22
      vertex 5.1364 25.1364 32
      vertex 4.84441 25.3315 32
    endloop
  endfacet
  facet normal -0.555567 -0.831472 -0
    outer loop
      vertex 5.1364 25.1364 32
      vertex 4.84441 25.3315 22
      vertex 5.1364 25.1364 22
    endloop
  endfacet
  facet normal 0.980783 0.195103 0
    outer loop
      vertex 3.66851 24.1556 32
      vertex 3.6 24.5 22
      vertex 3.6 24.5 32
    endloop
  endfacet
  facet normal 0.980783 0.195103 0
    outer loop
      vertex 3.6 24.5 22
      vertex 3.66851 24.1556 32
      vertex 3.66851 24.1556 22
    endloop
  endfacet
  facet normal -0.555567 0.831472 0
    outer loop
      vertex 5.1364 23.8636 22
      vertex 4.84441 23.6685 32
      vertex 5.1364 23.8636 32
    endloop
  endfacet
  facet normal -0.555567 0.831472 0
    outer loop
      vertex 4.84441 23.6685 32
      vertex 5.1364 23.8636 22
      vertex 4.84441 23.6685 22
    endloop
  endfacet
  facet normal 0.831494 -0.555534 0
    outer loop
      vertex 3.66851 24.8444 32
      vertex 3.8636 25.1364 22
      vertex 3.8636 25.1364 32
    endloop
  endfacet
  facet normal 0.831494 -0.555534 0
    outer loop
      vertex 3.8636 25.1364 22
      vertex 3.66851 24.8444 32
      vertex 3.66851 24.8444 22
    endloop
  endfacet
  facet normal 0.195065 0.98079 -0
    outer loop
      vertex 4.5 23.6 22
      vertex 4.15558 23.6685 32
      vertex 4.5 23.6 32
    endloop
  endfacet
  facet normal 0.195065 0.98079 0
    outer loop
      vertex 4.15558 23.6685 32
      vertex 4.5 23.6 22
      vertex 4.15558 23.6685 22
    endloop
  endfacet
  facet normal -0.19507 -0.980789 0
    outer loop
      vertex 4.5 25.4 22
      vertex 4.84441 25.3315 32
      vertex 4.5 25.4 32
    endloop
  endfacet
  facet normal -0.19507 -0.980789 -0
    outer loop
      vertex 4.84441 25.3315 32
      vertex 4.5 25.4 22
      vertex 4.84441 25.3315 22
    endloop
  endfacet
  facet normal 0.195065 -0.98079 0
    outer loop
      vertex 4.15558 25.3315 22
      vertex 4.5 25.4 32
      vertex 4.15558 25.3315 32
    endloop
  endfacet
  facet normal 0.195065 -0.98079 0
    outer loop
      vertex 4.5 25.4 32
      vertex 4.15558 25.3315 22
      vertex 4.5 25.4 22
    endloop
  endfacet
  facet normal -0.831494 0.555534 0
    outer loop
      vertex 5.1364 23.8636 22
      vertex 5.33149 24.1556 32
      vertex 5.33149 24.1556 22
    endloop
  endfacet
  facet normal -0.831494 0.555534 0
    outer loop
      vertex 5.33149 24.1556 32
      vertex 5.1364 23.8636 22
      vertex 5.1364 23.8636 32
    endloop
  endfacet
  facet normal -0.980783 0.195103 0
    outer loop
      vertex 5.33149 24.1556 22
      vertex 5.4 24.5 32
      vertex 5.4 24.5 22
    endloop
  endfacet
  facet normal -0.980783 0.195103 0
    outer loop
      vertex 5.4 24.5 32
      vertex 5.33149 24.1556 22
      vertex 5.33149 24.1556 32
    endloop
  endfacet
  facet normal 0.831494 0.555534 0
    outer loop
      vertex 3.8636 23.8636 32
      vertex 3.66851 24.1556 22
      vertex 3.66851 24.1556 32
    endloop
  endfacet
  facet normal 0.831494 0.555534 0
    outer loop
      vertex 3.66851 24.1556 22
      vertex 3.8636 23.8636 32
      vertex 3.8636 23.8636 22
    endloop
  endfacet
  facet normal -0.19507 0.980789 0
    outer loop
      vertex 4.84441 23.6685 22
      vertex 4.5 23.6 32
      vertex 4.84441 23.6685 32
    endloop
  endfacet
  facet normal -0.19507 0.980789 0
    outer loop
      vertex 4.5 23.6 32
      vertex 4.84441 23.6685 22
      vertex 4.5 23.6 22
    endloop
  endfacet
  facet normal 0.980783 -0.195103 0
    outer loop
      vertex 3.6 24.5 32
      vertex 3.66851 24.8444 22
      vertex 3.66851 24.8444 32
    endloop
  endfacet
  facet normal 0.980783 -0.195103 0
    outer loop
      vertex 3.66851 24.8444 22
      vertex 3.6 24.5 32
      vertex 3.6 24.5 22
    endloop
  endfacet
  facet normal 0.55558 -0.831463 0
    outer loop
      vertex 3.8636 25.1364 22
      vertex 4.15558 25.3315 32
      vertex 3.8636 25.1364 32
    endloop
  endfacet
  facet normal 0.55558 -0.831463 0
    outer loop
      vertex 4.15558 25.3315 32
      vertex 3.8636 25.1364 22
      vertex 4.15558 25.3315 22
    endloop
  endfacet
  facet normal 0.55558 0.831463 -0
    outer loop
      vertex 4.15558 23.6685 22
      vertex 3.8636 23.8636 32
      vertex 4.15558 23.6685 32
    endloop
  endfacet
  facet normal 0.55558 0.831463 0
    outer loop
      vertex 3.8636 23.8636 32
      vertex 4.15558 23.6685 22
      vertex 3.8636 23.8636 22
    endloop
  endfacet
  facet normal 0 0 1
    outer loop
      vertex 5.33149 24.8444 22
      vertex 5.33149 24.1556 22
      vertex 5.4 24.5 22
    endloop
  endfacet
  facet normal 0 0 1
    outer loop
      vertex 5.1364 25.1364 22
      vertex 5.33149 24.1556 22
      vertex 5.33149 24.8444 22
    endloop
  endfacet
  facet normal 0 0 1
    outer loop
      vertex 5.1364 25.1364 22
      vertex 5.1364 23.8636 22
      vertex 5.33149 24.1556 22
    endloop
  endfacet
  facet normal 0 0 1
    outer loop
      vertex 4.84441 25.3315 22
      vertex 5.1364 23.8636 22
      vertex 5.1364 25.1364 22
    endloop
  endfacet
  facet normal 0 0 1
    outer loop
      vertex 4.84441 25.3315 22
      vertex 4.84441 23.6685 22
      vertex 5.1364 23.8636 22
    endloop
  endfacet
  facet normal 0 0 1
    outer loop
      vertex 4.5 25.4 22
      vertex 4.84441 23.6685 22
      vertex 4.84441 25.3315 22
    endloop
  endfacet
  facet normal 0 0 1
    outer loop
      vertex 4.5 25.4 22
      vertex 4.5 23.6 22
      vertex 4.84441 23.6685 22
    endloop
  endfacet
  facet normal -0 0 1
    outer loop
      vertex 4.15558 25.3315 22
      vertex 4.5 23.6 22
      vertex 4.5 25.4 22
    endloop
  endfacet
  facet normal 0 0 1
    outer loop
      vertex 4.15558 25.3315 22
      vertex 4.15558 23.6685 22
      vertex 4.5 23.6 22
    endloop
  endfacet
  facet normal -0 0 1
    outer loop
      vertex 3.8636 25.1364 22
      vertex 4.15558 23.6685 22
      vertex 4.15558 25.3315 22
    endloop
  endfacet
  facet normal 0 0 1
    outer loop
      vertex 3.8636 25.1364 22
      vertex 3.8636 23.8636 22
      vertex 4.15558 23.6685 22
    endloop
  endfacet
  facet normal -0 0 1
    outer loop
      vertex 3.66851 24.8444 22
      vertex 3.8636 23.8636 22
      vertex 3.8636 25.1364 22
    endloop
  endfacet
  facet normal 0 0 1
    outer loop
      vertex 3.66851 24.8444 22
      vertex 3.66851 24.1556 22
      vertex 3.8636 23.8636 22
    endloop
  endfacet
  facet normal 0 -0 1
    outer loop
      vertex 3.66851 24.1556 22
      vertex 3.66851 24.8444 22
      vertex 3.6 24.5 22
    endloop
  endfacet
  facet normal 0.195065 0.98079 -0
    outer loop
      vertex 4.5 -25.4 22
      vertex 4.15558 -25.3315 32
      vertex 4.5 -25.4 32
    endloop
  endfacet
  facet normal 0.195065 0.98079 0
    outer loop
      vertex 4.15558 -25.3315 32
      vertex 4.5 -25.4 22
      vertex 4.15558 -25.3315 22
    endloop
  endfacet
  facet normal -0.831494 -0.555534 0
    outer loop
      vertex 5.33149 -24.1556 22
      vertex 5.1364 -23.8636 32
      vertex 5.1364 -23.8636 22
    endloop
  endfacet
  facet normal -0.831494 -0.555534 0
    outer loop
      vertex 5.1364 -23.8636 32
      vertex 5.33149 -24.1556 22
      vertex 5.33149 -24.1556 32
    endloop
  endfacet
  facet normal -0.980783 -0.195103 0
    outer loop
      vertex 5.4 -24.5 22
      vertex 5.33149 -24.1556 32
      vertex 5.33149 -24.1556 22
    endloop
  endfacet
  facet normal -0.980783 -0.195103 0
    outer loop
      vertex 5.33149 -24.1556 32
      vertex 5.4 -24.5 22
      vertex 5.4 -24.5 32
    endloop
  endfacet
  facet normal -0.555567 -0.831472 0
    outer loop
      vertex 4.84441 -23.6685 22
      vertex 5.1364 -23.8636 32
      vertex 4.84441 -23.6685 32
    endloop
  endfacet
  facet normal -0.555567 -0.831472 -0
    outer loop
      vertex 5.1364 -23.8636 32
      vertex 4.84441 -23.6685 22
      vertex 5.1364 -23.8636 22
    endloop
  endfacet
  facet normal -0.831494 0.555534 0
    outer loop
      vertex 5.1364 -25.1364 22
      vertex 5.33149 -24.8444 32
      vertex 5.33149 -24.8444 22
    endloop
  endfacet
  facet normal -0.831494 0.555534 0
    outer loop
      vertex 5.33149 -24.8444 32
      vertex 5.1364 -25.1364 22
      vertex 5.1364 -25.1364 32
    endloop
  endfacet
  facet normal -0.555567 0.831472 0
    outer loop
      vertex 5.1364 -25.1364 22
      vertex 4.84441 -25.3315 32
      vertex 5.1364 -25.1364 32
    endloop
  endfacet
  facet normal -0.555567 0.831472 0
    outer loop
      vertex 4.84441 -25.3315 32
      vertex 5.1364 -25.1364 22
      vertex 4.84441 -25.3315 22
    endloop
  endfacet
  facet normal 0.980783 -0.195103 0
    outer loop
      vertex 3.6 -24.5 32
      vertex 3.66851 -24.1556 22
      vertex 3.66851 -24.1556 32
    endloop
  endfacet
  facet normal 0.980783 -0.195103 0
    outer loop
      vertex 3.66851 -24.1556 22
      vertex 3.6 -24.5 32
      vertex 3.6 -24.5 22
    endloop
  endfacet
  facet normal 0.55558 -0.831463 0
    outer loop
      vertex 3.8636 -23.8636 22
      vertex 4.15558 -23.6685 32
      vertex 3.8636 -23.8636 32
    endloop
  endfacet
  facet normal 0.55558 -0.831463 0
    outer loop
      vertex 4.15558 -23.6685 32
      vertex 3.8636 -23.8636 22
      vertex 4.15558 -23.6685 22
    endloop
  endfacet
  facet normal 0 0 1
    outer loop
      vertex 5.33149 -24.1556 22
      vertex 5.33149 -24.8444 22
      vertex 5.4 -24.5 22
    endloop
  endfacet
  facet normal 0 0 1
    outer loop
      vertex 5.1364 -23.8636 22
      vertex 5.33149 -24.8444 22
      vertex 5.33149 -24.1556 22
    endloop
  endfacet
  facet normal 0 0 1
    outer loop
      vertex 5.1364 -23.8636 22
      vertex 5.1364 -25.1364 22
      vertex 5.33149 -24.8444 22
    endloop
  endfacet
  facet normal 0 0 1
    outer loop
      vertex 4.84441 -23.6685 22
      vertex 5.1364 -25.1364 22
      vertex 5.1364 -23.8636 22
    endloop
  endfacet
  facet normal 0 0 1
    outer loop
      vertex 4.84441 -23.6685 22
      vertex 4.84441 -25.3315 22
      vertex 5.1364 -25.1364 22
    endloop
  endfacet
  facet normal 0 0 1
    outer loop
      vertex 4.5 -23.6 22
      vertex 4.84441 -25.3315 22
      vertex 4.84441 -23.6685 22
    endloop
  endfacet
  facet normal 0 0 1
    outer loop
      vertex 4.5 -23.6 22
      vertex 4.5 -25.4 22
      vertex 4.84441 -25.3315 22
    endloop
  endfacet
  facet normal -0 0 1
    outer loop
      vertex 4.15558 -23.6685 22
      vertex 4.5 -25.4 22
      vertex 4.5 -23.6 22
    endloop
  endfacet
  facet normal 0 0 1
    outer loop
      vertex 4.15558 -23.6685 22
      vertex 4.15558 -25.3315 22
      vertex 4.5 -25.4 22
    endloop
  endfacet
  facet normal -0 0 1
    outer loop
      vertex 3.8636 -23.8636 22
      vertex 4.15558 -25.3315 22
      vertex 4.15558 -23.6685 22
    endloop
  endfacet
  facet normal 0 0 1
    outer loop
      vertex 3.8636 -23.8636 22
      vertex 3.8636 -25.1364 22
      vertex 4.15558 -25.3315 22
    endloop
  endfacet
  facet normal -0 0 1
    outer loop
      vertex 3.66851 -24.1556 22
      vertex 3.8636 -25.1364 22
      vertex 3.8636 -23.8636 22
    endloop
  endfacet
  facet normal 0 0 1
    outer loop
      vertex 3.66851 -24.1556 22
      vertex 3.66851 -24.8444 22
      vertex 3.8636 -25.1364 22
    endloop
  endfacet
  facet normal 0 -0 1
    outer loop
      vertex 3.66851 -24.8444 22
      vertex 3.66851 -24.1556 22
      vertex 3.6 -24.5 22
    endloop
  endfacet
  facet normal -0.980783 0.195103 0
    outer loop
      vertex 5.33149 -24.8444 22
      vertex 5.4 -24.5 32
      vertex 5.4 -24.5 22
    endloop
  endfacet
  facet normal -0.980783 0.195103 0
    outer loop
      vertex 5.4 -24.5 32
      vertex 5.33149 -24.8444 22
      vertex 5.33149 -24.8444 32
    endloop
  endfacet
  facet normal 0.980783 0.195103 0
    outer loop
      vertex 3.66851 -24.8444 32
      vertex 3.6 -24.5 22
      vertex 3.6 -24.5 32
    endloop
  endfacet
  facet normal 0.980783 0.195103 0
    outer loop
      vertex 3.6 -24.5 22
      vertex 3.66851 -24.8444 32
      vertex 3.66851 -24.8444 22
    endloop
  endfacet
  facet normal 0.195065 -0.98079 0
    outer loop
      vertex 4.15558 -23.6685 22
      vertex 4.5 -23.6 32
      vertex 4.15558 -23.6685 32
    endloop
  endfacet
  facet normal 0.195065 -0.98079 0
    outer loop
      vertex 4.5 -23.6 32
      vertex 4.15558 -23.6685 22
      vertex 4.5 -23.6 22
    endloop
  endfacet
  facet normal -0.19507 -0.980789 0
    outer loop
      vertex 4.5 -23.6 22
      vertex 4.84441 -23.6685 32
      vertex 4.5 -23.6 32
    endloop
  endfacet
  facet normal -0.19507 -0.980789 -0
    outer loop
      vertex 4.84441 -23.6685 32
      vertex 4.5 -23.6 22
      vertex 4.84441 -23.6685 22
    endloop
  endfacet
  facet normal 0.831494 0.555534 0
    outer loop
      vertex 3.8636 -25.1364 32
      vertex 3.66851 -24.8444 22
      vertex 3.66851 -24.8444 32
    endloop
  endfacet
  facet normal 0.831494 0.555534 0
    outer loop
      vertex 3.66851 -24.8444 22
      vertex 3.8636 -25.1364 32
      vertex 3.8636 -25.1364 22
    endloop
  endfacet
  facet normal 0.831494 -0.555534 0
    outer loop
      vertex 3.66851 -24.1556 32
      vertex 3.8636 -23.8636 22
      vertex 3.8636 -23.8636 32
    endloop
  endfacet
  facet normal 0.831494 -0.555534 0
    outer loop
      vertex 3.8636 -23.8636 22
      vertex 3.66851 -24.1556 32
      vertex 3.66851 -24.1556 22
    endloop
  endfacet
  facet normal -0.19507 0.980789 0
    outer loop
      vertex 4.84441 -25.3315 22
      vertex 4.5 -25.4 32
      vertex 4.84441 -25.3315 32
    endloop
  endfacet
  facet normal -0.19507 0.980789 0
    outer loop
      vertex 4.5 -25.4 32
      vertex 4.84441 -25.3315 22
      vertex 4.5 -25.4 22
    endloop
  endfacet
  facet normal 0.55558 0.831463 -0
    outer loop
      vertex 4.15558 -25.3315 22
      vertex 3.8636 -25.1364 32
      vertex 4.15558 -25.3315 32
    endloop
  endfacet
  facet normal 0.55558 0.831463 0
    outer loop
      vertex 3.8636 -25.1364 32
      vertex 4.15558 -25.3315 22
      vertex 3.8636 -25.1364 22
    endloop
  endfacet
  facet normal -0.83148 -0.555554 0
    outer loop
      vertex 62.8315 24.8444 22
      vertex 62.6364 25.1364 32
      vertex 62.6364 25.1364 22
    endloop
  endfacet
  facet normal -0.83148 -0.555554 0
    outer loop
      vertex 62.6364 25.1364 32
      vertex 62.8315 24.8444 22
      vertex 62.8315 24.8444 32
    endloop
  endfacet
  facet normal -0.980788 -0.195075 0
    outer loop
      vertex 62.9 24.5 22
      vertex 62.8315 24.8444 32
      vertex 62.8315 24.8444 22
    endloop
  endfacet
  facet normal -0.980788 -0.195075 0
    outer loop
      vertex 62.8315 24.8444 32
      vertex 62.9 24.5 22
      vertex 62.9 24.5 32
    endloop
  endfacet
  facet normal -0.555554 -0.83148 0
    outer loop
      vertex 62.3444 25.3315 22
      vertex 62.6364 25.1364 32
      vertex 62.3444 25.3315 32
    endloop
  endfacet
  facet normal -0.555554 -0.83148 -0
    outer loop
      vertex 62.6364 25.1364 32
      vertex 62.3444 25.3315 22
      vertex 62.6364 25.1364 22
    endloop
  endfacet
  facet normal 0.980788 0.195075 0
    outer loop
      vertex 61.1685 24.1556 32
      vertex 61.1 24.5 22
      vertex 61.1 24.5 32
    endloop
  endfacet
  facet normal 0.980788 0.195075 0
    outer loop
      vertex 61.1 24.5 22
      vertex 61.1685 24.1556 32
      vertex 61.1685 24.1556 22
    endloop
  endfacet
  facet normal -0.555554 0.83148 0
    outer loop
      vertex 62.6364 23.8636 22
      vertex 62.3444 23.6685 32
      vertex 62.6364 23.8636 32
    endloop
  endfacet
  facet normal -0.555554 0.83148 0
    outer loop
      vertex 62.3444 23.6685 32
      vertex 62.6364 23.8636 22
      vertex 62.3444 23.6685 22
    endloop
  endfacet
  facet normal 0.83148 -0.555554 0
    outer loop
      vertex 61.1685 24.8444 32
      vertex 61.3636 25.1364 22
      vertex 61.3636 25.1364 32
    endloop
  endfacet
  facet normal 0.83148 -0.555554 0
    outer loop
      vertex 61.3636 25.1364 22
      vertex 61.1685 24.8444 32
      vertex 61.1685 24.8444 22
    endloop
  endfacet
  facet normal 0.195075 0.980788 -0
    outer loop
      vertex 62 23.6 22
      vertex 61.6556 23.6685 32
      vertex 62 23.6 32
    endloop
  endfacet
  facet normal 0.195075 0.980788 0
    outer loop
      vertex 61.6556 23.6685 32
      vertex 62 23.6 22
      vertex 61.6556 23.6685 22
    endloop
  endfacet
  facet normal -0.195075 -0.980788 0
    outer loop
      vertex 62 25.4 22
      vertex 62.3444 25.3315 32
      vertex 62 25.4 32
    endloop
  endfacet
  facet normal -0.195075 -0.980788 -0
    outer loop
      vertex 62.3444 25.3315 32
      vertex 62 25.4 22
      vertex 62.3444 25.3315 22
    endloop
  endfacet
  facet normal 0.195075 -0.980788 0
    outer loop
      vertex 61.6556 25.3315 22
      vertex 62 25.4 32
      vertex 61.6556 25.3315 32
    endloop
  endfacet
  facet normal 0.195075 -0.980788 0
    outer loop
      vertex 62 25.4 32
      vertex 61.6556 25.3315 22
      vertex 62 25.4 22
    endloop
  endfacet
  facet normal 0.555554 -0.83148 0
    outer loop
      vertex 61.3636 25.1364 22
      vertex 61.6556 25.3315 32
      vertex 61.3636 25.1364 32
    endloop
  endfacet
  facet normal 0.555554 -0.83148 0
    outer loop
      vertex 61.6556 25.3315 32
      vertex 61.3636 25.1364 22
      vertex 61.6556 25.3315 22
    endloop
  endfacet
  facet normal -0.83148 0.555554 0
    outer loop
      vertex 62.6364 23.8636 22
      vertex 62.8315 24.1556 32
      vertex 62.8315 24.1556 22
    endloop
  endfacet
  facet normal -0.83148 0.555554 0
    outer loop
      vertex 62.8315 24.1556 32
      vertex 62.6364 23.8636 22
      vertex 62.6364 23.8636 32
    endloop
  endfacet
  facet normal -0.980788 0.195075 0
    outer loop
      vertex 62.8315 24.1556 22
      vertex 62.9 24.5 32
      vertex 62.9 24.5 22
    endloop
  endfacet
  facet normal -0.980788 0.195075 0
    outer loop
      vertex 62.9 24.5 32
      vertex 62.8315 24.1556 22
      vertex 62.8315 24.1556 32
    endloop
  endfacet
  facet normal 0.83148 0.555554 0
    outer loop
      vertex 61.3636 23.8636 32
      vertex 61.1685 24.1556 22
      vertex 61.1685 24.1556 32
    endloop
  endfacet
  facet normal 0.83148 0.555554 0
    outer loop
      vertex 61.1685 24.1556 22
      vertex 61.3636 23.8636 32
      vertex 61.3636 23.8636 22
    endloop
  endfacet
  facet normal -0.195075 0.980788 0
    outer loop
      vertex 62.3444 23.6685 22
      vertex 62 23.6 32
      vertex 62.3444 23.6685 32
    endloop
  endfacet
  facet normal -0.195075 0.980788 0
    outer loop
      vertex 62 23.6 32
      vertex 62.3444 23.6685 22
      vertex 62 23.6 22
    endloop
  endfacet
  facet normal 0.980788 -0.195075 0
    outer loop
      vertex 61.1 24.5 32
      vertex 61.1685 24.8444 22
      vertex 61.1685 24.8444 32
    endloop
  endfacet
  facet normal 0.980788 -0.195075 0
    outer loop
      vertex 61.1685 24.8444 22
      vertex 61.1 24.5 32
      vertex 61.1 24.5 22
    endloop
  endfacet
  facet normal 0.555554 0.83148 -0
    outer loop
      vertex 61.6556 23.6685 22
      vertex 61.3636 23.8636 32
      vertex 61.6556 23.6685 32
    endloop
  endfacet
  facet normal 0.555554 0.83148 0
    outer loop
      vertex 61.3636 23.8636 32
      vertex 61.6556 23.6685 22
      vertex 61.3636 23.8636 22
    endloop
  endfacet
  facet normal 0 0 1
    outer loop
      vertex 62.8315 24.8444 22
      vertex 62.8315 24.1556 22
      vertex 62.9 24.5 22
    endloop
  endfacet
  facet normal 0 0 1
    outer loop
      vertex 62.6364 25.1364 22
      vertex 62.8315 24.1556 22
      vertex 62.8315 24.8444 22
    endloop
  endfacet
  facet normal 0 0 1
    outer loop
      vertex 62.6364 25.1364 22
      vertex 62.6364 23.8636 22
      vertex 62.8315 24.1556 22
    endloop
  endfacet
  facet normal 0 0 1
    outer loop
      vertex 62.3444 25.3315 22
      vertex 62.6364 23.8636 22
      vertex 62.6364 25.1364 22
    endloop
  endfacet
  facet normal 0 0 1
    outer loop
      vertex 62.3444 25.3315 22
      vertex 62.3444 23.6685 22
      vertex 62.6364 23.8636 22
    endloop
  endfacet
  facet normal 0 0 1
    outer loop
      vertex 62 25.4 22
      vertex 62.3444 23.6685 22
      vertex 62.3444 25.3315 22
    endloop
  endfacet
  facet normal 0 0 1
    outer loop
      vertex 62 25.4 22
      vertex 62 23.6 22
      vertex 62.3444 23.6685 22
    endloop
  endfacet
  facet normal -0 0 1
    outer loop
      vertex 61.6556 25.3315 22
      vertex 62 23.6 22
      vertex 62 25.4 22
    endloop
  endfacet
  facet normal 0 0 1
    outer loop
      vertex 61.6556 25.3315 22
      vertex 61.6556 23.6685 22
      vertex 62 23.6 22
    endloop
  endfacet
  facet normal -0 0 1
    outer loop
      vertex 61.3636 25.1364 22
      vertex 61.6556 23.6685 22
      vertex 61.6556 25.3315 22
    endloop
  endfacet
  facet normal 0 0 1
    outer loop
      vertex 61.3636 25.1364 22
      vertex 61.3636 23.8636 22
      vertex 61.6556 23.6685 22
    endloop
  endfacet
  facet normal -0 0 1
    outer loop
      vertex 61.1685 24.8444 22
      vertex 61.3636 23.8636 22
      vertex 61.3636 25.1364 22
    endloop
  endfacet
  facet normal 0 0 1
    outer loop
      vertex 61.1685 24.8444 22
      vertex 61.1685 24.1556 22
      vertex 61.3636 23.8636 22
    endloop
  endfacet
  facet normal 0 -0 1
    outer loop
      vertex 61.1685 24.1556 22
      vertex 61.1685 24.8444 22
      vertex 61.1 24.5 22
    endloop
  endfacet
  facet normal 0.195075 0.980788 -0
    outer loop
      vertex 62 -25.4 22
      vertex 61.6556 -25.3315 32
      vertex 62 -25.4 32
    endloop
  endfacet
  facet normal 0.195075 0.980788 0
    outer loop
      vertex 61.6556 -25.3315 32
      vertex 62 -25.4 22
      vertex 61.6556 -25.3315 22
    endloop
  endfacet
  facet normal -0.83148 -0.555554 0
    outer loop
      vertex 62.8315 -24.1556 22
      vertex 62.6364 -23.8636 32
      vertex 62.6364 -23.8636 22
    endloop
  endfacet
  facet normal -0.83148 -0.555554 0
    outer loop
      vertex 62.6364 -23.8636 32
      vertex 62.8315 -24.1556 22
      vertex 62.8315 -24.1556 32
    endloop
  endfacet
  facet normal -0.980788 -0.195075 0
    outer loop
      vertex 62.9 -24.5 22
      vertex 62.8315 -24.1556 32
      vertex 62.8315 -24.1556 22
    endloop
  endfacet
  facet normal -0.980788 -0.195075 0
    outer loop
      vertex 62.8315 -24.1556 32
      vertex 62.9 -24.5 22
      vertex 62.9 -24.5 32
    endloop
  endfacet
  facet normal -0.555554 -0.83148 0
    outer loop
      vertex 62.3444 -23.6685 22
      vertex 62.6364 -23.8636 32
      vertex 62.3444 -23.6685 32
    endloop
  endfacet
  facet normal -0.555554 -0.83148 -0
    outer loop
      vertex 62.6364 -23.8636 32
      vertex 62.3444 -23.6685 22
      vertex 62.6364 -23.8636 22
    endloop
  endfacet
  facet normal -0.83148 0.555554 0
    outer loop
      vertex 62.6364 -25.1364 22
      vertex 62.8315 -24.8444 32
      vertex 62.8315 -24.8444 22
    endloop
  endfacet
  facet normal -0.83148 0.555554 0
    outer loop
      vertex 62.8315 -24.8444 32
      vertex 62.6364 -25.1364 22
      vertex 62.6364 -25.1364 32
    endloop
  endfacet
  facet normal -0.555554 0.83148 0
    outer loop
      vertex 62.6364 -25.1364 22
      vertex 62.3444 -25.3315 32
      vertex 62.6364 -25.1364 32
    endloop
  endfacet
  facet normal -0.555554 0.83148 0
    outer loop
      vertex 62.3444 -25.3315 32
      vertex 62.6364 -25.1364 22
      vertex 62.3444 -25.3315 22
    endloop
  endfacet
  facet normal 0.980788 -0.195075 0
    outer loop
      vertex 61.1 -24.5 32
      vertex 61.1685 -24.1556 22
      vertex 61.1685 -24.1556 32
    endloop
  endfacet
  facet normal 0.980788 -0.195075 0
    outer loop
      vertex 61.1685 -24.1556 22
      vertex 61.1 -24.5 32
      vertex 61.1 -24.5 22
    endloop
  endfacet
  facet normal 0.555554 -0.83148 0
    outer loop
      vertex 61.3636 -23.8636 22
      vertex 61.6556 -23.6685 32
      vertex 61.3636 -23.8636 32
    endloop
  endfacet
  facet normal 0.555554 -0.83148 0
    outer loop
      vertex 61.6556 -23.6685 32
      vertex 61.3636 -23.8636 22
      vertex 61.6556 -23.6685 22
    endloop
  endfacet
  facet normal 0 0 1
    outer loop
      vertex 62.8315 -24.1556 22
      vertex 62.8315 -24.8444 22
      vertex 62.9 -24.5 22
    endloop
  endfacet
  facet normal 0 0 1
    outer loop
      vertex 62.6364 -23.8636 22
      vertex 62.8315 -24.8444 22
      vertex 62.8315 -24.1556 22
    endloop
  endfacet
  facet normal 0 0 1
    outer loop
      vertex 62.6364 -23.8636 22
      vertex 62.6364 -25.1364 22
      vertex 62.8315 -24.8444 22
    endloop
  endfacet
  facet normal 0 0 1
    outer loop
      vertex 62.3444 -23.6685 22
      vertex 62.6364 -25.1364 22
      vertex 62.6364 -23.8636 22
    endloop
  endfacet
  facet normal 0 0 1
    outer loop
      vertex 62.3444 -23.6685 22
      vertex 62.3444 -25.3315 22
      vertex 62.6364 -25.1364 22
    endloop
  endfacet
  facet normal 0 0 1
    outer loop
      vertex 62 -23.6 22
      vertex 62.3444 -25.3315 22
      vertex 62.3444 -23.6685 22
    endloop
  endfacet
  facet normal 0 0 1
    outer loop
      vertex 62 -23.6 22
      vertex 62 -25.4 22
      vertex 62.3444 -25.3315 22
    endloop
  endfacet
  facet normal -0 0 1
    outer loop
      vertex 61.6556 -23.6685 22
      vertex 62 -25.4 22
      vertex 62 -23.6 22
    endloop
  endfacet
  facet normal 0 0 1
    outer loop
      vertex 61.6556 -23.6685 22
      vertex 61.6556 -25.3315 22
      vertex 62 -25.4 22
    endloop
  endfacet
  facet normal -0 0 1
    outer loop
      vertex 61.3636 -23.8636 22
      vertex 61.6556 -25.3315 22
      vertex 61.6556 -23.6685 22
    endloop
  endfacet
  facet normal 0 0 1
    outer loop
      vertex 61.3636 -23.8636 22
      vertex 61.3636 -25.1364 22
      vertex 61.6556 -25.3315 22
    endloop
  endfacet
  facet normal -0 0 1
    outer loop
      vertex 61.1685 -24.1556 22
      vertex 61.3636 -25.1364 22
      vertex 61.3636 -23.8636 22
    endloop
  endfacet
  facet normal 0 0 1
    outer loop
      vertex 61.1685 -24.1556 22
      vertex 61.1685 -24.8444 22
      vertex 61.3636 -25.1364 22
    endloop
  endfacet
  facet normal 0 -0 1
    outer loop
      vertex 61.1685 -24.8444 22
      vertex 61.1685 -24.1556 22
      vertex 61.1 -24.5 22
    endloop
  endfacet
  facet normal -0.980788 0.195075 0
    outer loop
      vertex 62.8315 -24.8444 22
      vertex 62.9 -24.5 32
      vertex 62.9 -24.5 22
    endloop
  endfacet
  facet normal -0.980788 0.195075 0
    outer loop
      vertex 62.9 -24.5 32
      vertex 62.8315 -24.8444 22
      vertex 62.8315 -24.8444 32
    endloop
  endfacet
  facet normal 0.980788 0.195075 0
    outer loop
      vertex 61.1685 -24.8444 32
      vertex 61.1 -24.5 22
      vertex 61.1 -24.5 32
    endloop
  endfacet
  facet normal 0.980788 0.195075 0
    outer loop
      vertex 61.1 -24.5 22
      vertex 61.1685 -24.8444 32
      vertex 61.1685 -24.8444 22
    endloop
  endfacet
  facet normal 0.195075 -0.980788 0
    outer loop
      vertex 61.6556 -23.6685 22
      vertex 62 -23.6 32
      vertex 61.6556 -23.6685 32
    endloop
  endfacet
  facet normal 0.195075 -0.980788 0
    outer loop
      vertex 62 -23.6 32
      vertex 61.6556 -23.6685 22
      vertex 62 -23.6 22
    endloop
  endfacet
  facet normal -0.195075 -0.980788 0
    outer loop
      vertex 62 -23.6 22
      vertex 62.3444 -23.6685 32
      vertex 62 -23.6 32
    endloop
  endfacet
  facet normal -0.195075 -0.980788 -0
    outer loop
      vertex 62.3444 -23.6685 32
      vertex 62 -23.6 22
      vertex 62.3444 -23.6685 22
    endloop
  endfacet
  facet normal 0.83148 0.555554 0
    outer loop
      vertex 61.3636 -25.1364 32
      vertex 61.1685 -24.8444 22
      vertex 61.1685 -24.8444 32
    endloop
  endfacet
  facet normal 0.83148 0.555554 0
    outer loop
      vertex 61.1685 -24.8444 22
      vertex 61.3636 -25.1364 32
      vertex 61.3636 -25.1364 22
    endloop
  endfacet
  facet normal 0.83148 -0.555554 0
    outer loop
      vertex 61.1685 -24.1556 32
      vertex 61.3636 -23.8636 22
      vertex 61.3636 -23.8636 32
    endloop
  endfacet
  facet normal 0.83148 -0.555554 0
    outer loop
      vertex 61.3636 -23.8636 22
      vertex 61.1685 -24.1556 32
      vertex 61.1685 -24.1556 22
    endloop
  endfacet
  facet normal -0.195075 0.980788 0
    outer loop
      vertex 62.3444 -25.3315 22
      vertex 62 -25.4 32
      vertex 62.3444 -25.3315 32
    endloop
  endfacet
  facet normal -0.195075 0.980788 0
    outer loop
      vertex 62 -25.4 32
      vertex 62.3444 -25.3315 22
      vertex 62 -25.4 22
    endloop
  endfacet
  facet normal 0.555554 0.83148 -0
    outer loop
      vertex 61.6556 -25.3315 22
      vertex 61.3636 -25.1364 32
      vertex 61.6556 -25.3315 32
    endloop
  endfacet
  facet normal 0.555554 0.83148 0
    outer loop
      vertex 61.3636 -25.1364 32
      vertex 61.6556 -25.3315 22
      vertex 61.3636 -25.1364 22
    endloop
  endfacet
  facet normal -0.831557 -0.555439 0
    outer loop
      vertex 39.1191 -16.1139 12
      vertex 38.9457 -15.8543 16
      vertex 38.9457 -15.8543 12
    endloop
  endfacet
  facet normal -0.831557 -0.555439 0
    outer loop
      vertex 38.9457 -15.8543 16
      vertex 39.1191 -16.1139 12
      vertex 39.1191 -16.1139 16
    endloop
  endfacet
  facet normal -0.980777 -0.19513 0
    outer loop
      vertex 39.18 -16.42 12
      vertex 39.1191 -16.1139 16
      vertex 39.1191 -16.1139 12
    endloop
  endfacet
  facet normal -0.980777 -0.19513 0
    outer loop
      vertex 39.1191 -16.1139 16
      vertex 39.18 -16.42 12
      vertex 39.18 -16.42 16
    endloop
  endfacet
  facet normal -0.555439 -0.831557 0
    outer loop
      vertex 38.6861 -15.6809 12
      vertex 38.9457 -15.8543 16
      vertex 38.6861 -15.6809 16
    endloop
  endfacet
  facet normal -0.555439 -0.831557 -0
    outer loop
      vertex 38.9457 -15.8543 16
      vertex 38.6861 -15.6809 12
      vertex 38.9457 -15.8543 12
    endloop
  endfacet
  facet normal 0.980777 0.19513 0
    outer loop
      vertex 37.6409 -16.7261 16
      vertex 37.58 -16.42 12
      vertex 37.58 -16.42 16
    endloop
  endfacet
  facet normal 0.980777 0.19513 0
    outer loop
      vertex 37.58 -16.42 12
      vertex 37.6409 -16.7261 16
      vertex 37.6409 -16.7261 12
    endloop
  endfacet
  facet normal 0.19513 -0.980777 0
    outer loop
      vertex 38.0739 -15.6809 12
      vertex 38.38 -15.62 16
      vertex 38.0739 -15.6809 16
    endloop
  endfacet
  facet normal 0.19513 -0.980777 0
    outer loop
      vertex 38.38 -15.62 16
      vertex 38.0739 -15.6809 12
      vertex 38.38 -15.62 12
    endloop
  endfacet
  facet normal 0.831557 -0.555439 0
    outer loop
      vertex 37.6409 -16.1139 16
      vertex 37.8143 -15.8543 12
      vertex 37.8143 -15.8543 16
    endloop
  endfacet
  facet normal 0.831557 -0.555439 0
    outer loop
      vertex 37.8143 -15.8543 12
      vertex 37.6409 -16.1139 16
      vertex 37.6409 -16.1139 12
    endloop
  endfacet
  facet normal -0.19513 0.980777 0
    outer loop
      vertex 38.6861 -17.1591 12
      vertex 38.38 -17.22 16
      vertex 38.6861 -17.1591 16
    endloop
  endfacet
  facet normal -0.19513 0.980777 0
    outer loop
      vertex 38.38 -17.22 16
      vertex 38.6861 -17.1591 12
      vertex 38.38 -17.22 12
    endloop
  endfacet
  facet normal 0.19513 0.980777 -0
    outer loop
      vertex 38.38 -17.22 12
      vertex 38.0739 -17.1591 16
      vertex 38.38 -17.22 16
    endloop
  endfacet
  facet normal 0.19513 0.980777 0
    outer loop
      vertex 38.0739 -17.1591 16
      vertex 38.38 -17.22 12
      vertex 38.0739 -17.1591 12
    endloop
  endfacet
  facet normal -0.980777 0.19513 0
    outer loop
      vertex 39.1191 -16.7261 12
      vertex 39.18 -16.42 16
      vertex 39.18 -16.42 12
    endloop
  endfacet
  facet normal -0.980777 0.19513 0
    outer loop
      vertex 39.18 -16.42 16
      vertex 39.1191 -16.7261 12
      vertex 39.1191 -16.7261 16
    endloop
  endfacet
  facet normal -0.19513 -0.980777 0
    outer loop
      vertex 38.38 -15.62 12
      vertex 38.6861 -15.6809 16
      vertex 38.38 -15.62 16
    endloop
  endfacet
  facet normal -0.19513 -0.980777 -0
    outer loop
      vertex 38.6861 -15.6809 16
      vertex 38.38 -15.62 12
      vertex 38.6861 -15.6809 12
    endloop
  endfacet
  facet normal -0.555439 0.831557 0
    outer loop
      vertex 38.9457 -16.9857 12
      vertex 38.6861 -17.1591 16
      vertex 38.9457 -16.9857 16
    endloop
  endfacet
  facet normal -0.555439 0.831557 0
    outer loop
      vertex 38.6861 -17.1591 16
      vertex 38.9457 -16.9857 12
      vertex 38.6861 -17.1591 12
    endloop
  endfacet
  facet normal -0.831557 0.555439 0
    outer loop
      vertex 38.9457 -16.9857 12
      vertex 39.1191 -16.7261 16
      vertex 39.1191 -16.7261 12
    endloop
  endfacet
  facet normal -0.831557 0.555439 0
    outer loop
      vertex 39.1191 -16.7261 16
      vertex 38.9457 -16.9857 12
      vertex 38.9457 -16.9857 16
    endloop
  endfacet
  facet normal 0.831557 0.555439 0
    outer loop
      vertex 37.8143 -16.9857 16
      vertex 37.6409 -16.7261 12
      vertex 37.6409 -16.7261 16
    endloop
  endfacet
  facet normal 0.831557 0.555439 0
    outer loop
      vertex 37.6409 -16.7261 12
      vertex 37.8143 -16.9857 16
      vertex 37.8143 -16.9857 12
    endloop
  endfacet
  facet normal 0.555439 -0.831557 0
    outer loop
      vertex 37.8143 -15.8543 12
      vertex 38.0739 -15.6809 16
      vertex 37.8143 -15.8543 16
    endloop
  endfacet
  facet normal 0.555439 -0.831557 0
    outer loop
      vertex 38.0739 -15.6809 16
      vertex 37.8143 -15.8543 12
      vertex 38.0739 -15.6809 12
    endloop
  endfacet
  facet normal 0.980777 -0.19513 0
    outer loop
      vertex 37.58 -16.42 16
      vertex 37.6409 -16.1139 12
      vertex 37.6409 -16.1139 16
    endloop
  endfacet
  facet normal 0.980777 -0.19513 0
    outer loop
      vertex 37.6409 -16.1139 12
      vertex 37.58 -16.42 16
      vertex 37.58 -16.42 12
    endloop
  endfacet
  facet normal 0.555439 0.831557 -0
    outer loop
      vertex 38.0739 -17.1591 12
      vertex 37.8143 -16.9857 16
      vertex 38.0739 -17.1591 16
    endloop
  endfacet
  facet normal 0.555439 0.831557 0
    outer loop
      vertex 37.8143 -16.9857 16
      vertex 38.0739 -17.1591 12
      vertex 37.8143 -16.9857 12
    endloop
  endfacet
  facet normal 0 0 1
    outer loop
      vertex 39.1191 -16.1139 12
      vertex 39.1191 -16.7261 12
      vertex 39.18 -16.42 12
    endloop
  endfacet
  facet normal 0 0 1
    outer loop
      vertex 38.9457 -15.8543 12
      vertex 39.1191 -16.7261 12
      vertex 39.1191 -16.1139 12
    endloop
  endfacet
  facet normal 0 0 1
    outer loop
      vertex 38.9457 -15.8543 12
      vertex 38.9457 -16.9857 12
      vertex 39.1191 -16.7261 12
    endloop
  endfacet
  facet normal 0 0 1
    outer loop
      vertex 38.6861 -15.6809 12
      vertex 38.9457 -16.9857 12
      vertex 38.9457 -15.8543 12
    endloop
  endfacet
  facet normal 0 0 1
    outer loop
      vertex 38.6861 -15.6809 12
      vertex 38.6861 -17.1591 12
      vertex 38.9457 -16.9857 12
    endloop
  endfacet
  facet normal 0 0 1
    outer loop
      vertex 38.38 -15.62 12
      vertex 38.6861 -17.1591 12
      vertex 38.6861 -15.6809 12
    endloop
  endfacet
  facet normal 0 0 1
    outer loop
      vertex 38.38 -15.62 12
      vertex 38.38 -17.22 12
      vertex 38.6861 -17.1591 12
    endloop
  endfacet
  facet normal -0 0 1
    outer loop
      vertex 38.0739 -15.6809 12
      vertex 38.38 -17.22 12
      vertex 38.38 -15.62 12
    endloop
  endfacet
  facet normal 0 0 1
    outer loop
      vertex 38.0739 -15.6809 12
      vertex 38.0739 -17.1591 12
      vertex 38.38 -17.22 12
    endloop
  endfacet
  facet normal -0 0 1
    outer loop
      vertex 37.8143 -15.8543 12
      vertex 38.0739 -17.1591 12
      vertex 38.0739 -15.6809 12
    endloop
  endfacet
  facet normal 0 0 1
    outer loop
      vertex 37.8143 -15.8543 12
      vertex 37.8143 -16.9857 12
      vertex 38.0739 -17.1591 12
    endloop
  endfacet
  facet normal -0 0 1
    outer loop
      vertex 37.6409 -16.1139 12
      vertex 37.8143 -16.9857 12
      vertex 37.8143 -15.8543 12
    endloop
  endfacet
  facet normal 0 0 1
    outer loop
      vertex 37.6409 -16.1139 12
      vertex 37.6409 -16.7261 12
      vertex 37.8143 -16.9857 12
    endloop
  endfacet
  facet normal 0 -0 1
    outer loop
      vertex 37.6409 -16.7261 12
      vertex 37.6409 -16.1139 12
      vertex 37.58 -16.42 12
    endloop
  endfacet
  facet normal 0.19513 0.980777 -0
    outer loop
      vertex 38.38 23.42 12
      vertex 38.0739 23.4809 16
      vertex 38.38 23.42 16
    endloop
  endfacet
  facet normal 0.19513 0.980777 0
    outer loop
      vertex 38.0739 23.4809 16
      vertex 38.38 23.42 12
      vertex 38.0739 23.4809 12
    endloop
  endfacet
  facet normal -0.831557 -0.555439 0
    outer loop
      vertex 39.1191 24.5261 12
      vertex 38.9457 24.7857 16
      vertex 38.9457 24.7857 12
    endloop
  endfacet
  facet normal -0.831557 -0.555439 0
    outer loop
      vertex 38.9457 24.7857 16
      vertex 39.1191 24.5261 12
      vertex 39.1191 24.5261 16
    endloop
  endfacet
  facet normal -0.980777 -0.19513 0
    outer loop
      vertex 39.18 24.22 12
      vertex 39.1191 24.5261 16
      vertex 39.1191 24.5261 12
    endloop
  endfacet
  facet normal -0.980777 -0.19513 0
    outer loop
      vertex 39.1191 24.5261 16
      vertex 39.18 24.22 12
      vertex 39.18 24.22 16
    endloop
  endfacet
  facet normal -0.555439 -0.831557 0
    outer loop
      vertex 38.6861 24.9591 12
      vertex 38.9457 24.7857 16
      vertex 38.6861 24.9591 16
    endloop
  endfacet
  facet normal -0.555439 -0.831557 -0
    outer loop
      vertex 38.9457 24.7857 16
      vertex 38.6861 24.9591 12
      vertex 38.9457 24.7857 12
    endloop
  endfacet
  facet normal -0.980777 0.19513 0
    outer loop
      vertex 39.1191 23.9139 12
      vertex 39.18 24.22 16
      vertex 39.18 24.22 12
    endloop
  endfacet
  facet normal -0.980777 0.19513 0
    outer loop
      vertex 39.18 24.22 16
      vertex 39.1191 23.9139 12
      vertex 39.1191 23.9139 16
    endloop
  endfacet
  facet normal 0.980777 -0.19513 0
    outer loop
      vertex 37.58 24.22 16
      vertex 37.6409 24.5261 12
      vertex 37.6409 24.5261 16
    endloop
  endfacet
  facet normal 0.980777 -0.19513 0
    outer loop
      vertex 37.6409 24.5261 12
      vertex 37.58 24.22 16
      vertex 37.58 24.22 12
    endloop
  endfacet
  facet normal 0.19513 -0.980777 0
    outer loop
      vertex 38.0739 24.9591 12
      vertex 38.38 25.02 16
      vertex 38.0739 24.9591 16
    endloop
  endfacet
  facet normal 0.19513 -0.980777 0
    outer loop
      vertex 38.38 25.02 16
      vertex 38.0739 24.9591 12
      vertex 38.38 25.02 12
    endloop
  endfacet
  facet normal 0.555439 0.831557 -0
    outer loop
      vertex 38.0739 23.4809 12
      vertex 37.8143 23.6543 16
      vertex 38.0739 23.4809 16
    endloop
  endfacet
  facet normal 0.555439 0.831557 0
    outer loop
      vertex 37.8143 23.6543 16
      vertex 38.0739 23.4809 12
      vertex 37.8143 23.6543 12
    endloop
  endfacet
  facet normal -0.831557 0.555439 0
    outer loop
      vertex 38.9457 23.6543 12
      vertex 39.1191 23.9139 16
      vertex 39.1191 23.9139 12
    endloop
  endfacet
  facet normal -0.831557 0.555439 0
    outer loop
      vertex 39.1191 23.9139 16
      vertex 38.9457 23.6543 12
      vertex 38.9457 23.6543 16
    endloop
  endfacet
  facet normal -0.19513 -0.980777 0
    outer loop
      vertex 38.38 25.02 12
      vertex 38.6861 24.9591 16
      vertex 38.38 25.02 16
    endloop
  endfacet
  facet normal -0.19513 -0.980777 -0
    outer loop
      vertex 38.6861 24.9591 16
      vertex 38.38 25.02 12
      vertex 38.6861 24.9591 12
    endloop
  endfacet
  facet normal 0.555439 -0.831557 0
    outer loop
      vertex 37.8143 24.7857 12
      vertex 38.0739 24.9591 16
      vertex 37.8143 24.7857 16
    endloop
  endfacet
  facet normal 0.555439 -0.831557 0
    outer loop
      vertex 38.0739 24.9591 16
      vertex 37.8143 24.7857 12
      vertex 38.0739 24.9591 12
    endloop
  endfacet
  facet normal 0 0 1
    outer loop
      vertex 39.1191 24.5261 12
      vertex 39.1191 23.9139 12
      vertex 39.18 24.22 12
    endloop
  endfacet
  facet normal 0 0 1
    outer loop
      vertex 38.9457 24.7857 12
      vertex 39.1191 23.9139 12
      vertex 39.1191 24.5261 12
    endloop
  endfacet
  facet normal 0 0 1
    outer loop
      vertex 38.9457 24.7857 12
      vertex 38.9457 23.6543 12
      vertex 39.1191 23.9139 12
    endloop
  endfacet
  facet normal 0 0 1
    outer loop
      vertex 38.6861 24.9591 12
      vertex 38.9457 23.6543 12
      vertex 38.9457 24.7857 12
    endloop
  endfacet
  facet normal 0 0 1
    outer loop
      vertex 38.6861 24.9591 12
      vertex 38.6861 23.4809 12
      vertex 38.9457 23.6543 12
    endloop
  endfacet
  facet normal 0 0 1
    outer loop
      vertex 38.38 25.02 12
      vertex 38.6861 23.4809 12
      vertex 38.6861 24.9591 12
    endloop
  endfacet
  facet normal 0 0 1
    outer loop
      vertex 38.38 25.02 12
      vertex 38.38 23.42 12
      vertex 38.6861 23.4809 12
    endloop
  endfacet
  facet normal -0 0 1
    outer loop
      vertex 38.0739 24.9591 12
      vertex 38.38 23.42 12
      vertex 38.38 25.02 12
    endloop
  endfacet
  facet normal 0 0 1
    outer loop
      vertex 38.0739 24.9591 12
      vertex 38.0739 23.4809 12
      vertex 38.38 23.42 12
    endloop
  endfacet
  facet normal -0 0 1
    outer loop
      vertex 37.8143 24.7857 12
      vertex 38.0739 23.4809 12
      vertex 38.0739 24.9591 12
    endloop
  endfacet
  facet normal 0 0 1
    outer loop
      vertex 37.8143 24.7857 12
      vertex 37.8143 23.6543 12
      vertex 38.0739 23.4809 12
    endloop
  endfacet
  facet normal -0 0 1
    outer loop
      vertex 37.6409 24.5261 12
      vertex 37.8143 23.6543 12
      vertex 37.8143 24.7857 12
    endloop
  endfacet
  facet normal 0 0 1
    outer loop
      vertex 37.6409 24.5261 12
      vertex 37.6409 23.9139 12
      vertex 37.8143 23.6543 12
    endloop
  endfacet
  facet normal 0 -0 1
    outer loop
      vertex 37.6409 23.9139 12
      vertex 37.6409 24.5261 12
      vertex 37.58 24.22 12
    endloop
  endfacet
  facet normal -0.19513 0.980777 0
    outer loop
      vertex 38.6861 23.4809 12
      vertex 38.38 23.42 16
      vertex 38.6861 23.4809 16
    endloop
  endfacet
  facet normal -0.19513 0.980777 0
    outer loop
      vertex 38.38 23.42 16
      vertex 38.6861 23.4809 12
      vertex 38.38 23.42 12
    endloop
  endfacet
  facet normal -0.555439 0.831557 0
    outer loop
      vertex 38.9457 23.6543 12
      vertex 38.6861 23.4809 16
      vertex 38.9457 23.6543 16
    endloop
  endfacet
  facet normal -0.555439 0.831557 0
    outer loop
      vertex 38.6861 23.4809 16
      vertex 38.9457 23.6543 12
      vertex 38.6861 23.4809 12
    endloop
  endfacet
  facet normal 0.831557 -0.555439 0
    outer loop
      vertex 37.6409 24.5261 16
      vertex 37.8143 24.7857 12
      vertex 37.8143 24.7857 16
    endloop
  endfacet
  facet normal 0.831557 -0.555439 0
    outer loop
      vertex 37.8143 24.7857 12
      vertex 37.6409 24.5261 16
      vertex 37.6409 24.5261 12
    endloop
  endfacet
  facet normal 0.831557 0.555439 0
    outer loop
      vertex 37.8143 23.6543 16
      vertex 37.6409 23.9139 12
      vertex 37.6409 23.9139 16
    endloop
  endfacet
  facet normal 0.831557 0.555439 0
    outer loop
      vertex 37.6409 23.9139 12
      vertex 37.8143 23.6543 16
      vertex 37.8143 23.6543 12
    endloop
  endfacet
  facet normal 0.980777 0.19513 0
    outer loop
      vertex 37.6409 23.9139 16
      vertex 37.58 24.22 12
      vertex 37.58 24.22 16
    endloop
  endfacet
  facet normal 0.980777 0.19513 0
    outer loop
      vertex 37.58 24.22 12
      vertex 37.6409 23.9139 16
      vertex 37.6409 23.9139 12
    endloop
  endfacet
  facet normal -0.831557 -0.555439 0
    outer loop
      vertex 54.3591 -16.1139 12
      vertex 54.1857 -15.8543 16
      vertex 54.1857 -15.8543 12
    endloop
  endfacet
  facet normal -0.831557 -0.555439 0
    outer loop
      vertex 54.1857 -15.8543 16
      vertex 54.3591 -16.1139 12
      vertex 54.3591 -16.1139 16
    endloop
  endfacet
  facet normal -0.980777 -0.19513 0
    outer loop
      vertex 54.42 -16.42 12
      vertex 54.3591 -16.1139 16
      vertex 54.3591 -16.1139 12
    endloop
  endfacet
  facet normal -0.980777 -0.19513 0
    outer loop
      vertex 54.3591 -16.1139 16
      vertex 54.42 -16.42 12
      vertex 54.42 -16.42 16
    endloop
  endfacet
  facet normal -0.555439 -0.831557 0
    outer loop
      vertex 53.9261 -15.6809 12
      vertex 54.1857 -15.8543 16
      vertex 53.9261 -15.6809 16
    endloop
  endfacet
  facet normal -0.555439 -0.831557 -0
    outer loop
      vertex 54.1857 -15.8543 16
      vertex 53.9261 -15.6809 12
      vertex 54.1857 -15.8543 12
    endloop
  endfacet
  facet normal 0.980777 0.19513 0
    outer loop
      vertex 52.8809 -16.7261 16
      vertex 52.82 -16.42 12
      vertex 52.82 -16.42 16
    endloop
  endfacet
  facet normal 0.980777 0.19513 0
    outer loop
      vertex 52.82 -16.42 12
      vertex 52.8809 -16.7261 16
      vertex 52.8809 -16.7261 12
    endloop
  endfacet
  facet normal 0.19513 -0.980777 0
    outer loop
      vertex 53.3139 -15.6809 12
      vertex 53.62 -15.62 16
      vertex 53.3139 -15.6809 16
    endloop
  endfacet
  facet normal 0.19513 -0.980777 0
    outer loop
      vertex 53.62 -15.62 16
      vertex 53.3139 -15.6809 12
      vertex 53.62 -15.62 12
    endloop
  endfacet
  facet normal 0.831557 -0.555439 0
    outer loop
      vertex 52.8809 -16.1139 16
      vertex 53.0543 -15.8543 12
      vertex 53.0543 -15.8543 16
    endloop
  endfacet
  facet normal 0.831557 -0.555439 0
    outer loop
      vertex 53.0543 -15.8543 12
      vertex 52.8809 -16.1139 16
      vertex 52.8809 -16.1139 12
    endloop
  endfacet
  facet normal -0.19513 0.980777 0
    outer loop
      vertex 53.9261 -17.1591 12
      vertex 53.62 -17.22 16
      vertex 53.9261 -17.1591 16
    endloop
  endfacet
  facet normal -0.19513 0.980777 0
    outer loop
      vertex 53.62 -17.22 16
      vertex 53.9261 -17.1591 12
      vertex 53.62 -17.22 12
    endloop
  endfacet
  facet normal 0.19513 0.980777 -0
    outer loop
      vertex 53.62 -17.22 12
      vertex 53.3139 -17.1591 16
      vertex 53.62 -17.22 16
    endloop
  endfacet
  facet normal 0.19513 0.980777 0
    outer loop
      vertex 53.3139 -17.1591 16
      vertex 53.62 -17.22 12
      vertex 53.3139 -17.1591 12
    endloop
  endfacet
  facet normal -0.980777 0.19513 0
    outer loop
      vertex 54.3591 -16.7261 12
      vertex 54.42 -16.42 16
      vertex 54.42 -16.42 12
    endloop
  endfacet
  facet normal -0.980777 0.19513 0
    outer loop
      vertex 54.42 -16.42 16
      vertex 54.3591 -16.7261 12
      vertex 54.3591 -16.7261 16
    endloop
  endfacet
  facet normal -0.19513 -0.980777 0
    outer loop
      vertex 53.62 -15.62 12
      vertex 53.9261 -15.6809 16
      vertex 53.62 -15.62 16
    endloop
  endfacet
  facet normal -0.19513 -0.980777 -0
    outer loop
      vertex 53.9261 -15.6809 16
      vertex 53.62 -15.62 12
      vertex 53.9261 -15.6809 12
    endloop
  endfacet
  facet normal -0.555439 0.831557 0
    outer loop
      vertex 54.1857 -16.9857 12
      vertex 53.9261 -17.1591 16
      vertex 54.1857 -16.9857 16
    endloop
  endfacet
  facet normal -0.555439 0.831557 0
    outer loop
      vertex 53.9261 -17.1591 16
      vertex 54.1857 -16.9857 12
      vertex 53.9261 -17.1591 12
    endloop
  endfacet
  facet normal -0.831557 0.555439 0
    outer loop
      vertex 54.1857 -16.9857 12
      vertex 54.3591 -16.7261 16
      vertex 54.3591 -16.7261 12
    endloop
  endfacet
  facet normal -0.831557 0.555439 0
    outer loop
      vertex 54.3591 -16.7261 16
      vertex 54.1857 -16.9857 12
      vertex 54.1857 -16.9857 16
    endloop
  endfacet
  facet normal 0.831557 0.555439 0
    outer loop
      vertex 53.0543 -16.9857 16
      vertex 52.8809 -16.7261 12
      vertex 52.8809 -16.7261 16
    endloop
  endfacet
  facet normal 0.831557 0.555439 0
    outer loop
      vertex 52.8809 -16.7261 12
      vertex 53.0543 -16.9857 16
      vertex 53.0543 -16.9857 12
    endloop
  endfacet
  facet normal 0.980777 -0.19513 0
    outer loop
      vertex 52.82 -16.42 16
      vertex 52.8809 -16.1139 12
      vertex 52.8809 -16.1139 16
    endloop
  endfacet
  facet normal 0.980777 -0.19513 0
    outer loop
      vertex 52.8809 -16.1139 12
      vertex 52.82 -16.42 16
      vertex 52.82 -16.42 12
    endloop
  endfacet
  facet normal 0.555439 -0.831557 0
    outer loop
      vertex 53.0543 -15.8543 12
      vertex 53.3139 -15.6809 16
      vertex 53.0543 -15.8543 16
    endloop
  endfacet
  facet normal 0.555439 -0.831557 0
    outer loop
      vertex 53.3139 -15.6809 16
      vertex 53.0543 -15.8543 12
      vertex 53.3139 -15.6809 12
    endloop
  endfacet
  facet normal 0.555439 0.831557 -0
    outer loop
      vertex 53.3139 -17.1591 12
      vertex 53.0543 -16.9857 16
      vertex 53.3139 -17.1591 16
    endloop
  endfacet
  facet normal 0.555439 0.831557 0
    outer loop
      vertex 53.0543 -16.9857 16
      vertex 53.3139 -17.1591 12
      vertex 53.0543 -16.9857 12
    endloop
  endfacet
  facet normal 0 0 1
    outer loop
      vertex 54.3591 -16.1139 12
      vertex 54.3591 -16.7261 12
      vertex 54.42 -16.42 12
    endloop
  endfacet
  facet normal 0 0 1
    outer loop
      vertex 54.1857 -15.8543 12
      vertex 54.3591 -16.7261 12
      vertex 54.3591 -16.1139 12
    endloop
  endfacet
  facet normal 0 0 1
    outer loop
      vertex 54.1857 -15.8543 12
      vertex 54.1857 -16.9857 12
      vertex 54.3591 -16.7261 12
    endloop
  endfacet
  facet normal 0 0 1
    outer loop
      vertex 53.9261 -15.6809 12
      vertex 54.1857 -16.9857 12
      vertex 54.1857 -15.8543 12
    endloop
  endfacet
  facet normal 0 0 1
    outer loop
      vertex 53.9261 -15.6809 12
      vertex 53.9261 -17.1591 12
      vertex 54.1857 -16.9857 12
    endloop
  endfacet
  facet normal 0 0 1
    outer loop
      vertex 53.62 -15.62 12
      vertex 53.9261 -17.1591 12
      vertex 53.9261 -15.6809 12
    endloop
  endfacet
  facet normal 0 0 1
    outer loop
      vertex 53.62 -15.62 12
      vertex 53.62 -17.22 12
      vertex 53.9261 -17.1591 12
    endloop
  endfacet
  facet normal -0 0 1
    outer loop
      vertex 53.3139 -15.6809 12
      vertex 53.62 -17.22 12
      vertex 53.62 -15.62 12
    endloop
  endfacet
  facet normal 0 0 1
    outer loop
      vertex 53.3139 -15.6809 12
      vertex 53.3139 -17.1591 12
      vertex 53.62 -17.22 12
    endloop
  endfacet
  facet normal -0 0 1
    outer loop
      vertex 53.0543 -15.8543 12
      vertex 53.3139 -17.1591 12
      vertex 53.3139 -15.6809 12
    endloop
  endfacet
  facet normal 0 0 1
    outer loop
      vertex 53.0543 -15.8543 12
      vertex 53.0543 -16.9857 12
      vertex 53.3139 -17.1591 12
    endloop
  endfacet
  facet normal -0 0 1
    outer loop
      vertex 52.8809 -16.1139 12
      vertex 53.0543 -16.9857 12
      vertex 53.0543 -15.8543 12
    endloop
  endfacet
  facet normal 0 0 1
    outer loop
      vertex 52.8809 -16.1139 12
      vertex 52.8809 -16.7261 12
      vertex 53.0543 -16.9857 12
    endloop
  endfacet
  facet normal 0 -0 1
    outer loop
      vertex 52.8809 -16.7261 12
      vertex 52.8809 -16.1139 12
      vertex 52.82 -16.42 12
    endloop
  endfacet
  facet normal 0.19513 0.980777 -0
    outer loop
      vertex 53.62 23.42 12
      vertex 53.3139 23.4809 16
      vertex 53.62 23.42 16
    endloop
  endfacet
  facet normal 0.19513 0.980777 0
    outer loop
      vertex 53.3139 23.4809 16
      vertex 53.62 23.42 12
      vertex 53.3139 23.4809 12
    endloop
  endfacet
  facet normal -0.831557 -0.555439 0
    outer loop
      vertex 54.3591 24.5261 12
      vertex 54.1857 24.7857 16
      vertex 54.1857 24.7857 12
    endloop
  endfacet
  facet normal -0.831557 -0.555439 0
    outer loop
      vertex 54.1857 24.7857 16
      vertex 54.3591 24.5261 12
      vertex 54.3591 24.5261 16
    endloop
  endfacet
  facet normal -0.980777 -0.19513 0
    outer loop
      vertex 54.42 24.22 12
      vertex 54.3591 24.5261 16
      vertex 54.3591 24.5261 12
    endloop
  endfacet
  facet normal -0.980777 -0.19513 0
    outer loop
      vertex 54.3591 24.5261 16
      vertex 54.42 24.22 12
      vertex 54.42 24.22 16
    endloop
  endfacet
  facet normal -0.555439 -0.831557 0
    outer loop
      vertex 53.9261 24.9591 12
      vertex 54.1857 24.7857 16
      vertex 53.9261 24.9591 16
    endloop
  endfacet
  facet normal -0.555439 -0.831557 -0
    outer loop
      vertex 54.1857 24.7857 16
      vertex 53.9261 24.9591 12
      vertex 54.1857 24.7857 12
    endloop
  endfacet
  facet normal -0.980777 0.19513 0
    outer loop
      vertex 54.3591 23.9139 12
      vertex 54.42 24.22 16
      vertex 54.42 24.22 12
    endloop
  endfacet
  facet normal -0.980777 0.19513 0
    outer loop
      vertex 54.42 24.22 16
      vertex 54.3591 23.9139 12
      vertex 54.3591 23.9139 16
    endloop
  endfacet
  facet normal 0.980777 -0.19513 0
    outer loop
      vertex 52.82 24.22 16
      vertex 52.8809 24.5261 12
      vertex 52.8809 24.5261 16
    endloop
  endfacet
  facet normal 0.980777 -0.19513 0
    outer loop
      vertex 52.8809 24.5261 12
      vertex 52.82 24.22 16
      vertex 52.82 24.22 12
    endloop
  endfacet
  facet normal 0.19513 -0.980777 0
    outer loop
      vertex 53.3139 24.9591 12
      vertex 53.62 25.02 16
      vertex 53.3139 24.9591 16
    endloop
  endfacet
  facet normal 0.19513 -0.980777 0
    outer loop
      vertex 53.62 25.02 16
      vertex 53.3139 24.9591 12
      vertex 53.62 25.02 12
    endloop
  endfacet
  facet normal 0.555439 0.831557 -0
    outer loop
      vertex 53.3139 23.4809 12
      vertex 53.0543 23.6543 16
      vertex 53.3139 23.4809 16
    endloop
  endfacet
  facet normal 0.555439 0.831557 0
    outer loop
      vertex 53.0543 23.6543 16
      vertex 53.3139 23.4809 12
      vertex 53.0543 23.6543 12
    endloop
  endfacet
  facet normal -0.831557 0.555439 0
    outer loop
      vertex 54.1857 23.6543 12
      vertex 54.3591 23.9139 16
      vertex 54.3591 23.9139 12
    endloop
  endfacet
  facet normal -0.831557 0.555439 0
    outer loop
      vertex 54.3591 23.9139 16
      vertex 54.1857 23.6543 12
      vertex 54.1857 23.6543 16
    endloop
  endfacet
  facet normal -0.19513 -0.980777 0
    outer loop
      vertex 53.62 25.02 12
      vertex 53.9261 24.9591 16
      vertex 53.62 25.02 16
    endloop
  endfacet
  facet normal -0.19513 -0.980777 -0
    outer loop
      vertex 53.9261 24.9591 16
      vertex 53.62 25.02 12
      vertex 53.9261 24.9591 12
    endloop
  endfacet
  facet normal 0.555439 -0.831557 0
    outer loop
      vertex 53.0543 24.7857 12
      vertex 53.3139 24.9591 16
      vertex 53.0543 24.7857 16
    endloop
  endfacet
  facet normal 0.555439 -0.831557 0
    outer loop
      vertex 53.3139 24.9591 16
      vertex 53.0543 24.7857 12
      vertex 53.3139 24.9591 12
    endloop
  endfacet
  facet normal 0 0 1
    outer loop
      vertex 54.3591 24.5261 12
      vertex 54.3591 23.9139 12
      vertex 54.42 24.22 12
    endloop
  endfacet
  facet normal 0 0 1
    outer loop
      vertex 54.1857 24.7857 12
      vertex 54.3591 23.9139 12
      vertex 54.3591 24.5261 12
    endloop
  endfacet
  facet normal 0 0 1
    outer loop
      vertex 54.1857 24.7857 12
      vertex 54.1857 23.6543 12
      vertex 54.3591 23.9139 12
    endloop
  endfacet
  facet normal 0 0 1
    outer loop
      vertex 53.9261 24.9591 12
      vertex 54.1857 23.6543 12
      vertex 54.1857 24.7857 12
    endloop
  endfacet
  facet normal 0 0 1
    outer loop
      vertex 53.9261 24.9591 12
      vertex 53.9261 23.4809 12
      vertex 54.1857 23.6543 12
    endloop
  endfacet
  facet normal 0 0 1
    outer loop
      vertex 53.62 25.02 12
      vertex 53.9261 23.4809 12
      vertex 53.9261 24.9591 12
    endloop
  endfacet
  facet normal 0 0 1
    outer loop
      vertex 53.62 25.02 12
      vertex 53.62 23.42 12
      vertex 53.9261 23.4809 12
    endloop
  endfacet
  facet normal -0 0 1
    outer loop
      vertex 53.3139 24.9591 12
      vertex 53.62 23.42 12
      vertex 53.62 25.02 12
    endloop
  endfacet
  facet normal 0 0 1
    outer loop
      vertex 53.3139 24.9591 12
      vertex 53.3139 23.4809 12
      vertex 53.62 23.42 12
    endloop
  endfacet
  facet normal -0 0 1
    outer loop
      vertex 53.0543 24.7857 12
      vertex 53.3139 23.4809 12
      vertex 53.3139 24.9591 12
    endloop
  endfacet
  facet normal 0 0 1
    outer loop
      vertex 53.0543 24.7857 12
      vertex 53.0543 23.6543 12
      vertex 53.3139 23.4809 12
    endloop
  endfacet
  facet normal -0 0 1
    outer loop
      vertex 52.8809 24.5261 12
      vertex 53.0543 23.6543 12
      vertex 53.0543 24.7857 12
    endloop
  endfacet
  facet normal 0 0 1
    outer loop
      vertex 52.8809 24.5261 12
      vertex 52.8809 23.9139 12
      vertex 53.0543 23.6543 12
    endloop
  endfacet
  facet normal 0 -0 1
    outer loop
      vertex 52.8809 23.9139 12
      vertex 52.8809 24.5261 12
      vertex 52.82 24.22 12
    endloop
  endfacet
  facet normal -0.19513 0.980777 0
    outer loop
      vertex 53.9261 23.4809 12
      vertex 53.62 23.42 16
      vertex 53.9261 23.4809 16
    endloop
  endfacet
  facet normal -0.19513 0.980777 0
    outer loop
      vertex 53.62 23.42 16
      vertex 53.9261 23.4809 12
      vertex 53.62 23.42 12
    endloop
  endfacet
  facet normal -0.555439 0.831557 0
    outer loop
      vertex 54.1857 23.6543 12
      vertex 53.9261 23.4809 16
      vertex 54.1857 23.6543 16
    endloop
  endfacet
  facet normal -0.555439 0.831557 0
    outer loop
      vertex 53.9261 23.4809 16
      vertex 54.1857 23.6543 12
      vertex 53.9261 23.4809 12
    endloop
  endfacet
  facet normal 0.831557 -0.555439 0
    outer loop
      vertex 52.8809 24.5261 16
      vertex 53.0543 24.7857 12
      vertex 53.0543 24.7857 16
    endloop
  endfacet
  facet normal 0.831557 -0.555439 0
    outer loop
      vertex 53.0543 24.7857 12
      vertex 52.8809 24.5261 16
      vertex 52.8809 24.5261 12
    endloop
  endfacet
  facet normal 0.831557 0.555439 0
    outer loop
      vertex 53.0543 23.6543 16
      vertex 52.8809 23.9139 12
      vertex 52.8809 23.9139 16
    endloop
  endfacet
  facet normal 0.831557 0.555439 0
    outer loop
      vertex 52.8809 23.9139 12
      vertex 53.0543 23.6543 16
      vertex 53.0543 23.6543 12
    endloop
  endfacet
  facet normal 0.980777 0.19513 0
    outer loop
      vertex 52.8809 23.9139 16
      vertex 52.82 24.22 12
      vertex 52.82 24.22 16
    endloop
  endfacet
  facet normal 0.980777 0.19513 0
    outer loop
      vertex 52.82 24.22 12
      vertex 52.8809 23.9139 16
      vertex 52.8809 23.9139 12
    endloop
  endfacet
  facet normal -1 0 0
    outer loop
      vertex 67.4 -16 10
      vertex 67.4 -14.2 12
      vertex 67.4 -14.2 10
    endloop
  endfacet
  facet normal -1 -0 0
    outer loop
      vertex 67.4 -14.2 12
      vertex 67.4 -16 10
      vertex 67.4 -16 12
    endloop
  endfacet
  facet normal 1 -0 0
    outer loop
      vertex 64 -16 12
      vertex 64 -14.2 10
      vertex 64 -14.2 12
    endloop
  endfacet
  facet normal 1 0 0
    outer loop
      vertex 64 -14.2 10
      vertex 64 -16 12
      vertex 64 -16 10
    endloop
  endfacet
  facet normal 0 -1 0
    outer loop
      vertex 64 -14.2 10
      vertex 67.4 -14.2 12
      vertex 64 -14.2 12
    endloop
  endfacet
  facet normal 0 -1 -0
    outer loop
      vertex 67.4 -14.2 12
      vertex 64 -14.2 10
      vertex 67.4 -14.2 10
    endloop
  endfacet
  facet normal 0 1 -0
    outer loop
      vertex 67.4 -16 10
      vertex 64 -16 12
      vertex 67.4 -16 12
    endloop
  endfacet
  facet normal 0 1 0
    outer loop
      vertex 64 -16 12
      vertex 67.4 -16 10
      vertex 64 -16 10
    endloop
  endfacet
  facet normal -1 0 0
    outer loop
      vertex 67.4 16 10
      vertex 67.4 17.8 12
      vertex 67.4 17.8 10
    endloop
  endfacet
  facet normal -1 -0 0
    outer loop
      vertex 67.4 17.8 12
      vertex 67.4 16 10
      vertex 67.4 16 12
    endloop
  endfacet
  facet normal 1 -0 0
    outer loop
      vertex 64 16 12
      vertex 64 17.8 10
      vertex 64 17.8 12
    endloop
  endfacet
  facet normal 1 0 0
    outer loop
      vertex 64 17.8 10
      vertex 64 16 12
      vertex 64 16 10
    endloop
  endfacet
  facet normal 0 -1 0
    outer loop
      vertex 64 17.8 10
      vertex 67.4 17.8 12
      vertex 64 17.8 12
    endloop
  endfacet
  facet normal 0 -1 -0
    outer loop
      vertex 67.4 17.8 12
      vertex 64 17.8 10
      vertex 67.4 17.8 10
    endloop
  endfacet
  facet normal 0 1 -0
    outer loop
      vertex 67.4 16 10
      vertex 64 16 12
      vertex 67.4 16 12
    endloop
  endfacet
  facet normal 0 1 0
    outer loop
      vertex 64 16 12
      vertex 67.4 16 10
      vertex 64 16 10
    endloop
  endfacet
  facet normal -1 0 0
    outer loop
      vertex 83.4 -16 10
      vertex 83.4 -14.2 12
      vertex 83.4 -14.2 10
    endloop
  endfacet
  facet normal -1 -0 0
    outer loop
      vertex 83.4 -14.2 12
      vertex 83.4 -16 10
      vertex 83.4 -16 12
    endloop
  endfacet
  facet normal 1 -0 0
    outer loop
      vertex 80 -16 12
      vertex 80 -14.2 10
      vertex 80 -14.2 12
    endloop
  endfacet
  facet normal 1 0 0
    outer loop
      vertex 80 -14.2 10
      vertex 80 -16 12
      vertex 80 -16 10
    endloop
  endfacet
  facet normal 0 -1 0
    outer loop
      vertex 80 -14.2 10
      vertex 83.4 -14.2 12
      vertex 80 -14.2 12
    endloop
  endfacet
  facet normal 0 -1 -0
    outer loop
      vertex 83.4 -14.2 12
      vertex 80 -14.2 10
      vertex 83.4 -14.2 10
    endloop
  endfacet
  facet normal 0 1 -0
    outer loop
      vertex 83.4 -16 10
      vertex 80 -16 12
      vertex 83.4 -16 12
    endloop
  endfacet
  facet normal 0 1 0
    outer loop
      vertex 80 -16 12
      vertex 83.4 -16 10
      vertex 80 -16 10
    endloop
  endfacet
  facet normal -1 0 0
    outer loop
      vertex 83.4 16 10
      vertex 83.4 17.8 12
      vertex 83.4 17.8 10
    endloop
  endfacet
  facet normal -1 -0 0
    outer loop
      vertex 83.4 17.8 12
      vertex 83.4 16 10
      vertex 83.4 16 12
    endloop
  endfacet
  facet normal 1 -0 0
    outer loop
      vertex 80 16 12
      vertex 80 17.8 10
      vertex 80 17.8 12
    endloop
  endfacet
  facet normal 1 0 0
    outer loop
      vertex 80 17.8 10
      vertex 80 16 12
      vertex 80 16 10
    endloop
  endfacet
  facet normal 0 -1 0
    outer loop
      vertex 80 17.8 10
      vertex 83.4 17.8 12
      vertex 80 17.8 12
    endloop
  endfacet
  facet normal 0 -1 -0
    outer loop
      vertex 83.4 17.8 12
      vertex 80 17.8 10
      vertex 83.4 17.8 10
    endloop
  endfacet
  facet normal 0 1 -0
    outer loop
      vertex 83.4 16 10
      vertex 80 16 12
      vertex 83.4 16 12
    endloop
  endfacet
  facet normal 0 1 0
    outer loop
      vertex 80 16 12
      vertex 83.4 16 10
      vertex 80 16 10
    endloop
  endfacet
  facet normal -0.64932 -0.568078 0.505639
    outer loop
      vertex 101.736 2.8664 2.67798
      vertex 101.298 3.29763 2.6
      vertex 101.65 2.89529 2.6
    endloop
  endfacet
  facet normal -0.653072 -0.573996 0.493989
    outer loop
      vertex 101.298 3.29763 2.6
      vertex 101.736 2.8664 2.67798
      vertex 101.329 3.32947 2.67798
    endloop
  endfacet
  facet normal 0.850009 0.169074 0.498898
    outer loop
      vertex 93.3317 -0.614593 2.67798
      vertex 93.4807 -1.13358 2.6
      vertex 93.3763 -0.608716 2.6
    endloop
  endfacet
  facet normal 0.850174 0.169169 0.498584
    outer loop
      vertex 93.4807 -1.13358 2.6
      vertex 93.3317 -0.614593 2.67798
      vertex 93.4519 -1.21867 2.67798
    endloop
  endfacet
  facet normal 0.609321 0.694845 0.381993
    outer loop
      vertex 94.9736 -3.94406 3.31244
      vertex 95.1336 -3.73557 2.67798
      vertex 94.6705 -3.32947 2.67798
    endloop
  endfacet
  facet normal -0.726085 0.637112 0.258629
    outer loop
      vertex 101.641 -3.64098 3.97578
      vertex 101.944 -3.02639 3.31244
      vertex 101.515 -3.5153 3.31244
    endloop
  endfacet
  facet normal -0.19343 0.972429 0.130253
    outer loop
      vertex 98.6838 -5.19394 4.65663
      vertex 99.3559 -5.06025 4.65663
      vertex 98.6721 -5.10507 3.97578
    endloop
  endfacet
  facet normal 0.318696 -0.938865 0.13025
    outer loop
      vertex 96.6673 4.97367 3.97578
      vertex 96.6441 5.06025 4.65663
      vertex 96.0295 4.75717 3.97578
    endloop
  endfacet
  facet normal 0.0654051 -0.997859 0
    outer loop
      vertex 97.3162 5.19394 4.65663
      vertex 98 5.23876 5
      vertex 97.3162 5.19394 5
    endloop
  endfacet
  facet normal 0.0654051 -0.997859 0
    outer loop
      vertex 98 5.23876 5
      vertex 97.3162 5.19394 4.65663
      vertex 98 5.23876 4.65663
    endloop
  endfacet
  facet normal 0.188461 -0.947505 0.258294
    outer loop
      vertex 96.7133 4.80199 3.31244
      vertex 97.3511 4.92885 3.31244
      vertex 96.6673 4.97367 3.97578
    endloop
  endfacet
  facet normal 0.383213 0.777088 0.499281
    outer loop
      vertex 96.1482 -4.27545 2.6
      vertex 95.6457 -4.07775 2.67798
      vertex 96.1981 -4.35016 2.67798
    endloop
  endfacet
  facet normal 0.383223 0.777164 0.499155
    outer loop
      vertex 95.6457 -4.07775 2.67798
      vertex 96.1482 -4.27545 2.6
      vertex 95.6682 -4.03876 2.6
    endloop
  endfacet
  facet normal -0.310527 0.914799 0.258294
    outer loop
      vertex 99.3327 -4.97367 3.97578
      vertex 99.9705 -4.75717 3.97578
      vertex 99.2867 -4.80199 3.31244
    endloop
  endfacet
  facet normal 0.318699 0.938865 0.130247
    outer loop
      vertex 96.6441 -5.06025 4.65663
      vertex 96.0295 -4.75717 3.97578
      vertex 95.9952 -4.83998 4.65663
    endloop
  endfacet
  facet normal -0.321348 0.946961 0
    outer loop
      vertex 100.005 -4.83998 4.65663
      vertex 99.3559 -5.06025 5
      vertex 100.005 -4.83998 5
    endloop
  endfacet
  facet normal -0.321348 0.946961 0
    outer loop
      vertex 99.3559 -5.06025 5
      vertex 100.005 -4.83998 4.65663
      vertex 99.3559 -5.06025 4.65663
    endloop
  endfacet
  facet normal 0.310524 -0.914801 0.258291
    outer loop
      vertex 96.0975 4.59296 3.31244
      vertex 96.7133 4.80199 3.31244
      vertex 96.0295 4.75717 3.97578
    endloop
  endfacet
  facet normal 0.694809 -0.609384 0.381958
    outer loop
      vertex 94.6705 3.32947 2.67798
      vertex 94.4847 3.5153 3.31244
      vertex 94.0559 3.02639 3.31244
    endloop
  endfacet
  facet normal -0.875065 0.297003 0.382165
    outer loop
      vertex 102.593 -1.90247 3.31244
      vertex 102.802 -1.28669 3.31244
      vertex 102.548 -1.21867 2.67798
    endloop
  endfacet
  facet normal 0.513448 0.768416 0.38198
    outer loop
      vertex 95.5143 -4.30534 3.31244
      vertex 95.6457 -4.07775 2.67798
      vertex 95.1336 -3.73557 2.67798
    endloop
  endfacet
  facet normal 0.278545 -0.820526 0.499149
    outer loop
      vertex 96.2862 4.33263 2.6
      vertex 96.7813 4.54814 2.67798
      vertex 96.1981 4.35016 2.67798
    endloop
  endfacet
  facet normal 0.278474 -0.820432 0.499343
    outer loop
      vertex 96.7813 4.54814 2.67798
      vertex 96.2862 4.33263 2.6
      vertex 96.793 4.50465 2.6
    endloop
  endfacet
  facet normal -0.53718 0.802915 0.258392
    outer loop
      vertex 100.575 -4.45927 3.97578
      vertex 101.026 -3.94406 3.31244
      vertex 100.486 -4.30534 3.31244
    endloop
  endfacet
  facet normal 0.82885 0.408868 0.381882
    outer loop
      vertex 93.6947 -2.48569 3.31244
      vertex 93.9222 -2.35429 2.67798
      vertex 93.407 -1.90247 3.31244
    endloop
  endfacet
  facet normal -0.980698 0.195528 0
    outer loop
      vertex 103.06 -1.35589 4.65663
      vertex 103.194 -0.683795 5
      vertex 103.194 -0.683795 4.65663
    endloop
  endfacet
  facet normal -0.980698 0.195528 0
    outer loop
      vertex 103.194 -0.683795 5
      vertex 103.06 -1.35589 4.65663
      vertex 103.06 -1.35589 5
    endloop
  endfacet
  facet normal -0.803429 0.536412 0.258388
    outer loop
      vertex 102.459 -2.57456 3.97578
      vertex 102.305 -2.48569 3.31244
      vertex 101.944 -3.02639 3.31244
    endloop
  endfacet
  facet normal 0.481454 0.720456 0.499145
    outer loop
      vertex 95.2233 -3.74145 2.6
      vertex 95.6457 -4.07775 2.67798
      vertex 95.6682 -4.03876 2.6
    endloop
  endfacet
  facet normal 0.481345 0.720372 0.49937
    outer loop
      vertex 95.6457 -4.07775 2.67798
      vertex 95.2233 -3.74145 2.6
      vertex 95.1336 -3.73557 2.67798
    endloop
  endfacet
  facet normal -0.637121 0.725941 0.259009
    outer loop
      vertex 101.135 -4.08507 3.97578
      vertex 101.641 -3.64098 3.97578
      vertex 101.026 -3.94406 3.31244
    endloop
  endfacet
  facet normal 0.0567145 -0.864606 0.499239
    outer loop
      vertex 97.3913 4.62366 2.6
      vertex 97.466 4.62856 2.6
      vertex 97.3854 4.6683 2.67798
    endloop
  endfacet
  facet normal 0.828866 0.408739 0.381987
    outer loop
      vertex 93.9222 -2.35429 2.67798
      vertex 93.6498 -1.8019 2.67798
      vertex 93.407 -1.90247 3.31244
    endloop
  endfacet
  facet normal -0.442628 -0.896705 0
    outer loop
      vertex 100.005 4.83998 4.65663
      vertex 100.619 4.5369 5
      vertex 100.005 4.83998 5
    endloop
  endfacet
  facet normal -0.442628 -0.896705 -0
    outer loop
      vertex 100.619 4.5369 5
      vertex 100.005 4.83998 4.65663
      vertex 100.619 4.5369 4.65663
    endloop
  endfacet
  facet normal -0.647181 -0.574762 0.500805
    outer loop
      vertex 101.7 2.83899 2.6
      vertex 101.736 2.8664 2.67798
      vertex 101.65 2.89529 2.6
    endloop
  endfacet
  facet normal -0.53718 -0.802915 0.258392
    outer loop
      vertex 101.026 3.94406 3.31244
      vertex 100.575 4.45927 3.97578
      vertex 100.486 4.30534 3.31244
    endloop
  endfacet
  facet normal -0.947352 0.18864 0.258724
    outer loop
      vertex 102.974 -1.33269 3.97578
      vertex 102.929 -0.648895 3.31244
      vertex 102.802 -1.28669 3.31244
    endloop
  endfacet
  facet normal -0.80339 -0.536521 0.258283
    outer loop
      vertex 102.459 2.57456 3.97578
      vertex 102.085 3.13459 3.97578
      vertex 101.944 3.02639 3.31244
    endloop
  endfacet
  facet normal -0.278474 -0.820432 0.499343
    outer loop
      vertex 99.7138 4.33263 2.6
      vertex 99.2187 4.54814 2.67798
      vertex 99.207 4.50465 2.6
    endloop
  endfacet
  facet normal -0.278545 -0.820526 0.499149
    outer loop
      vertex 99.2187 4.54814 2.67798
      vertex 99.7138 4.33263 2.6
      vertex 99.8019 4.35016 2.67798
    endloop
  endfacet
  facet normal -0.0631811 -0.963996 0.2583
    outer loop
      vertex 98.6721 5.10507 3.97578
      vertex 98 5.14912 3.97578
      vertex 98 4.97138 3.31244
    endloop
  endfacet
  facet normal -0.188461 -0.947505 0.258294
    outer loop
      vertex 99.2867 4.80199 3.31244
      vertex 99.3327 4.97367 3.97578
      vertex 98.6489 4.92885 3.31244
    endloop
  endfacet
  facet normal 0.989363 0.0649645 0.130154
    outer loop
      vertex 92.8061 -0.683795 4.65663
      vertex 92.8949 -0.672095 3.97578
      vertex 92.7612 0 4.65663
    endloop
  endfacet
  facet normal 0.726295 -0.636999 0.258319
    outer loop
      vertex 94.4847 3.5153 3.31244
      vertex 94.359 3.64098 3.97578
      vertex 94.0559 3.02639 3.31244
    endloop
  endfacet
  facet normal 0.0604391 -0.922192 0.381981
    outer loop
      vertex 98 4.70858 2.67798
      vertex 98 4.97138 3.31244
      vertex 97.3854 4.6683 2.67798
    endloop
  endfacet
  facet normal 0.989363 -0.0649645 0.130154
    outer loop
      vertex 92.8949 0.672095 3.97578
      vertex 92.8061 0.683795 4.65663
      vertex 92.7612 0 4.65663
    endloop
  endfacet
  facet normal 0.938897 -0.318608 0.130237
    outer loop
      vertex 93.2428 1.97048 3.97578
      vertex 93.16 2.00479 4.65663
      vertex 92.9398 1.35589 4.65663
    endloop
  endfacet
  facet normal -0.829017 0.408212 0.382223
    outer loop
      vertex 102.593 -1.90247 3.31244
      vertex 102.35 -1.8019 2.67798
      vertex 102.078 -2.35429 2.67798
    endloop
  endfacet
  facet normal 0.751859 0.659324 0
    outer loop
      vertex 94.2956 -3.70436 5
      vertex 93.8438 -3.18915 4.65663
      vertex 93.8438 -3.18915 5
    endloop
  endfacet
  facet normal 0.751859 0.659324 0
    outer loop
      vertex 93.8438 -3.18915 4.65663
      vertex 94.2956 -3.70436 5
      vertex 94.2956 -3.70436 4.65663
    endloop
  endfacet
  facet normal -0.636852 0.726329 0.258583
    outer loop
      vertex 101.641 -3.64098 3.97578
      vertex 101.515 -3.5153 3.31244
      vertex 101.026 -3.94406 3.31244
    endloop
  endfacet
  facet normal -0.80339 0.536521 0.258283
    outer loop
      vertex 102.085 -3.13459 3.97578
      vertex 102.459 -2.57456 3.97578
      vertex 101.944 -3.02639 3.31244
    endloop
  endfacet
  facet normal -0.297076 0.875113 0.381999
    outer loop
      vertex 99.9025 -4.59296 3.31244
      vertex 99.8019 -4.35016 2.67798
      vertex 99.2187 -4.54814 2.67798
    endloop
  endfacet
  facet normal -0.947051 -0.321084 0
    outer loop
      vertex 103.06 1.35589 4.65663
      vertex 102.84 2.00479 5
      vertex 102.84 2.00479 4.65663
    endloop
  endfacet
  facet normal -0.947051 -0.321084 0
    outer loop
      vertex 102.84 2.00479 5
      vertex 103.06 1.35589 4.65663
      vertex 103.06 1.35589 5
    endloop
  endfacet
  facet normal -0.188468 0.947502 0.258301
    outer loop
      vertex 98.6721 -5.10507 3.97578
      vertex 99.3327 -4.97367 3.97578
      vertex 98.6489 -4.92885 3.31244
    endloop
  endfacet
  facet normal -0.188461 0.947505 0.258294
    outer loop
      vertex 99.3327 -4.97367 3.97578
      vertex 99.2867 -4.80199 3.31244
      vertex 98.6489 -4.92885 3.31244
    endloop
  endfacet
  facet normal 0.86639 -0.427387 0.258281
    outer loop
      vertex 93.407 1.90247 3.31244
      vertex 93.6947 2.48569 3.31244
      vertex 93.2428 1.97048 3.97578
    endloop
  endfacet
  facet normal 0.169142 -0.849762 0.499296
    outer loop
      vertex 96.793 4.50465 2.6
      vertex 96.8664 4.51926 2.6
      vertex 96.7813 4.54814 2.67798
    endloop
  endfacet
  facet normal -0.550718 -0.824536 0.129808
    outer loop
      vertex 101.135 4.08507 3.97578
      vertex 101.189 4.15619 4.65663
      vertex 100.619 4.5369 4.65663
    endloop
  endfacet
  facet normal -0.195092 -0.980785 0
    outer loop
      vertex 98.6838 5.19394 4.65663
      vertex 99.3559 5.06025 5
      vertex 98.6838 5.19394 5
    endloop
  endfacet
  facet normal -0.195092 -0.980785 -0
    outer loop
      vertex 99.3559 5.06025 5
      vertex 98.6838 5.19394 4.65663
      vertex 99.3559 5.06025 4.65663
    endloop
  endfacet
  facet normal 0.195092 -0.980785 0
    outer loop
      vertex 96.6441 5.06025 4.65663
      vertex 97.3162 5.19394 5
      vertex 96.6441 5.06025 5
    endloop
  endfacet
  facet normal 0.195092 -0.980785 0
    outer loop
      vertex 97.3162 5.19394 5
      vertex 96.6441 5.06025 4.65663
      vertex 97.3162 5.19394 4.65663
    endloop
  endfacet
  facet normal -0.513892 -0.768107 0.382003
    outer loop
      vertex 100.866 3.73557 2.67798
      vertex 101.026 3.94406 3.31244
      vertex 100.486 4.30534 3.31244
    endloop
  endfacet
  facet normal -0.570824 -0.651955 0.499114
    outer loop
      vertex 101.298 3.29763 2.6
      vertex 100.866 3.73557 2.67798
      vertex 100.895 3.65048 2.6
    endloop
  endfacet
  facet normal -0.573094 -0.653392 0.494613
    outer loop
      vertex 100.866 3.73557 2.67798
      vertex 101.298 3.29763 2.6
      vertex 101.329 3.32947 2.67798
    endloop
  endfacet
  facet normal -0.938738 -0.319394 0.129458
    outer loop
      vertex 102.974 1.33269 3.97578
      vertex 103.06 1.35589 4.65663
      vertex 102.757 1.97048 3.97578
    endloop
  endfacet
  facet normal -0.768782 -0.51328 0.381468
    outer loop
      vertex 102.305 2.48569 3.31244
      vertex 101.944 3.02639 3.31244
      vertex 101.736 2.8664 2.67798
    endloop
  endfacet
  facet normal -0.408542 -0.828816 0.382306
    outer loop
      vertex 100.354 4.07775 2.67798
      vertex 100.486 4.30534 3.31244
      vertex 99.9025 4.59296 3.31244
    endloop
  endfacet
  facet normal -0.550905 -0.824443 0.129605
    outer loop
      vertex 101.135 4.08507 3.97578
      vertex 100.619 4.5369 4.65663
      vertex 100.575 4.45927 3.97578
    endloop
  endfacet
  facet normal 0.060442 -0.922192 0.381979
    outer loop
      vertex 97.3854 4.6683 2.67798
      vertex 98 4.97138 3.31244
      vertex 97.3511 4.92885 3.31244
    endloop
  endfacet
  facet normal 0.297057 -0.875128 0.38198
    outer loop
      vertex 96.7813 4.54814 2.67798
      vertex 96.7133 4.80199 3.31244
      vertex 96.0975 4.59296 3.31244
    endloop
  endfacet
  facet normal 0.180293 -0.906414 0.381979
    outer loop
      vertex 97.3854 4.6683 2.67798
      vertex 97.3511 4.92885 3.31244
      vertex 96.7813 4.54814 2.67798
    endloop
  endfacet
  facet normal -0.180293 -0.906414 0.381979
    outer loop
      vertex 99.2187 4.54814 2.67798
      vertex 98.6489 4.92885 3.31244
      vertex 98.6146 4.6683 2.67798
    endloop
  endfacet
  facet normal 0.889223 0.438542 0.13024
    outer loop
      vertex 93.4631 -2.61938 4.65663
      vertex 93.2428 -1.97048 3.97578
      vertex 93.16 -2.00479 4.65663
    endloop
  endfacet
  facet normal 0.964015 -0.0631111 0.258247
    outer loop
      vertex 93.0286 0 3.31244
      vertex 92.8949 0.672095 3.97578
      vertex 92.8509 0 3.97578
    endloop
  endfacet
  facet normal 0.972439 -0.193448 0.130155
    outer loop
      vertex 92.8949 0.672095 3.97578
      vertex 92.9398 1.35589 4.65663
      vertex 92.8061 0.683795 4.65663
    endloop
  endfacet
  facet normal 0.831475 -0.555562 0
    outer loop
      vertex 93.4631 2.61938 5
      vertex 93.8438 3.18915 4.65663
      vertex 93.8438 3.18915 5
    endloop
  endfacet
  facet normal 0.831475 -0.555562 0
    outer loop
      vertex 93.8438 3.18915 4.65663
      vertex 93.4631 2.61938 5
      vertex 93.4631 2.61938 4.65663
    endloop
  endfacet
  facet normal 0.92219 0.0604697 0.381981
    outer loop
      vertex 93.3317 -0.614593 2.67798
      vertex 93.2914 0 2.67798
      vertex 93.0286 0 3.31244
    endloop
  endfacet
  facet normal 0.408742 -0.828857 0.382003
    outer loop
      vertex 96.1981 4.35016 2.67798
      vertex 96.0975 4.59296 3.31244
      vertex 95.6457 4.07775 2.67798
    endloop
  endfacet
  facet normal 0.82885 -0.408868 0.381882
    outer loop
      vertex 93.9222 2.35429 2.67798
      vertex 93.6947 2.48569 3.31244
      vertex 93.407 1.90247 3.31244
    endloop
  endfacet
  facet normal 0.914791 -0.310529 0.25832
    outer loop
      vertex 93.198 1.28669 3.31244
      vertex 93.2428 1.97048 3.97578
      vertex 93.0263 1.33269 3.97578
    endloop
  endfacet
  facet normal -0.483371 0.720408 0.497358
    outer loop
      vertex 100.866 -3.73557 2.67798
      vertex 100.839 -3.69985 2.6
      vertex 100.777 -3.74145 2.6
    endloop
  endfacet
  facet normal 0.169022 0.849805 0.499263
    outer loop
      vertex 96.8664 -4.51926 2.6
      vertex 97.3854 -4.6683 2.67798
      vertex 97.3913 -4.62366 2.6
    endloop
  endfacet
  facet normal 0.169038 0.849833 0.499209
    outer loop
      vertex 97.3854 -4.6683 2.67798
      vertex 96.8664 -4.51926 2.6
      vertex 96.7813 -4.54814 2.67798
    endloop
  endfacet
  facet normal 0.0648479 0.989358 0.130253
    outer loop
      vertex 98 -5.23876 4.65663
      vertex 97.3279 -5.10507 3.97578
      vertex 97.3162 -5.19394 4.65663
    endloop
  endfacet
  facet normal 0.060442 0.922192 0.381979
    outer loop
      vertex 98 -4.97138 3.31244
      vertex 97.3854 -4.6683 2.67798
      vertex 97.3511 -4.92885 3.31244
    endloop
  endfacet
  facet normal -0.938738 0.319394 0.129458
    outer loop
      vertex 103.06 -1.35589 4.65663
      vertex 102.974 -1.33269 3.97578
      vertex 102.757 -1.97048 3.97578
    endloop
  endfacet
  facet normal -0.768782 0.51328 0.381468
    outer loop
      vertex 101.944 -3.02639 3.31244
      vertex 102.305 -2.48569 3.31244
      vertex 101.736 -2.8664 2.67798
    endloop
  endfacet
  facet normal -0.438306 0.889413 0.129736
    outer loop
      vertex 100.619 -4.5369 4.65663
      vertex 100.575 -4.45927 3.97578
      vertex 99.9705 -4.75717 3.97578
    endloop
  endfacet
  facet normal -0.922018 0.059678 0.38252
    outer loop
      vertex 102.929 -0.648895 3.31244
      vertex 102.971 0 3.31244
      vertex 102.668 -0.614593 2.67798
    endloop
  endfacet
  facet normal 0.57139 0.651467 0.499104
    outer loop
      vertex 94.7024 -3.29763 2.6
      vertex 95.1336 -3.73557 2.67798
      vertex 95.1047 -3.65048 2.6
    endloop
  endfacet
  facet normal 0.571147 0.651313 0.499582
    outer loop
      vertex 95.1336 -3.73557 2.67798
      vertex 94.7024 -3.29763 2.6
      vertex 94.6705 -3.32947 2.67798
    endloop
  endfacet
  facet normal -0.169038 0.849833 0.499209
    outer loop
      vertex 99.1336 -4.51926 2.6
      vertex 98.6146 -4.6683 2.67798
      vertex 99.2187 -4.54814 2.67798
    endloop
  endfacet
  facet normal -0.169022 0.849805 0.499263
    outer loop
      vertex 98.6146 -4.6683 2.67798
      vertex 99.1336 -4.51926 2.6
      vertex 98.6087 -4.62366 2.6
    endloop
  endfacet
  facet normal -0.310524 0.914801 0.258291
    outer loop
      vertex 99.9705 -4.75717 3.97578
      vertex 99.9025 -4.59296 3.31244
      vertex 99.2867 -4.80199 3.31244
    endloop
  endfacet
  facet normal 0.0604391 0.922192 0.381981
    outer loop
      vertex 98 -4.97138 3.31244
      vertex 98 -4.70858 2.67798
      vertex 97.3854 -4.6683 2.67798
    endloop
  endfacet
  facet normal -0.427125 0.866516 0.258291
    outer loop
      vertex 99.9705 -4.75717 3.97578
      vertex 100.486 -4.30534 3.31244
      vertex 99.9025 -4.59296 3.31244
    endloop
  endfacet
  facet normal -0.318696 0.938865 0.13025
    outer loop
      vertex 99.3559 -5.06025 4.65663
      vertex 99.9705 -4.75717 3.97578
      vertex 99.3327 -4.97367 3.97578
    endloop
  endfacet
  facet normal 0.513435 -0.768419 0.38199
    outer loop
      vertex 95.1336 3.73557 2.67798
      vertex 95.5143 4.30534 3.31244
      vertex 94.9736 3.94406 3.31244
    endloop
  endfacet
  facet normal 0.278558 -0.820514 0.499161
    outer loop
      vertex 96.2153 4.30856 2.6
      vertex 96.2862 4.33263 2.6
      vertex 96.1981 4.35016 2.67798
    endloop
  endfacet
  facet normal 0.651357 -0.571528 0.49909
    outer loop
      vertex 94.3001 2.83899 2.6
      vertex 94.3495 2.89529 2.6
      vertex 94.2644 2.8664 2.67798
    endloop
  endfacet
  facet normal -0.383443 -0.777077 0.499123
    outer loop
      vertex 99.8518 4.27545 2.6
      vertex 99.8019 4.35016 2.67798
      vertex 99.7847 4.30856 2.6
    endloop
  endfacet
  facet normal -0.408921 -0.82877 0.381999
    outer loop
      vertex 100.354 4.07775 2.67798
      vertex 99.9025 4.59296 3.31244
      vertex 99.8019 4.35016 2.67798
    endloop
  endfacet
  facet normal -0.775458 -0.392637 0.494472
    outer loop
      vertex 102.309 1.78467 2.6
      vertex 102.35 1.8019 2.67798
      vertex 102.275 1.85182 2.6
    endloop
  endfacet
  facet normal -0.513422 -0.768228 0.382392
    outer loop
      vertex 100.866 3.73557 2.67798
      vertex 100.486 4.30534 3.31244
      vertex 100.354 4.07775 2.67798
    endloop
  endfacet
  facet normal -0.0654051 -0.997859 0
    outer loop
      vertex 98 5.23876 4.65663
      vertex 98.6838 5.19394 5
      vertex 98 5.23876 5
    endloop
  endfacet
  facet normal -0.0654051 -0.997859 -0
    outer loop
      vertex 98.6838 5.19394 5
      vertex 98 5.23876 4.65663
      vertex 98.6838 5.19394 4.65663
    endloop
  endfacet
  facet normal -0.169022 -0.849805 0.499263
    outer loop
      vertex 99.1336 4.51926 2.6
      vertex 98.6146 4.6683 2.67798
      vertex 98.6087 4.62366 2.6
    endloop
  endfacet
  facet normal -0.169038 -0.849833 0.499209
    outer loop
      vertex 98.6146 4.6683 2.67798
      vertex 99.1336 4.51926 2.6
      vertex 99.2187 4.54814 2.67798
    endloop
  endfacet
  facet normal -0.803429 -0.536412 0.258388
    outer loop
      vertex 102.305 2.48569 3.31244
      vertex 102.459 2.57456 3.97578
      vertex 101.944 3.02639 3.31244
    endloop
  endfacet
  facet normal -0.694608 -0.609492 0.38215
    outer loop
      vertex 101.944 3.02639 3.31244
      vertex 101.515 3.5153 3.31244
      vertex 101.329 3.32947 2.67798
    endloop
  endfacet
  facet normal -0.726394 -0.636898 0.25829
    outer loop
      vertex 101.944 3.02639 3.31244
      vertex 102.085 3.13459 3.97578
      vertex 101.641 3.64098 3.97578
    endloop
  endfacet
  facet normal -0.653928 -0.745353 0.129723
    outer loop
      vertex 101.704 3.70436 4.65663
      vertex 101.189 4.15619 4.65663
      vertex 101.135 4.08507 3.97578
    endloop
  endfacet
  facet normal -0.609244 -0.694841 0.382123
    outer loop
      vertex 101.329 3.32947 2.67798
      vertex 101.515 3.5153 3.31244
      vertex 101.026 3.94406 3.31244
    endloop
  endfacet
  facet normal -0.654043 -0.745222 0.129892
    outer loop
      vertex 101.641 3.64098 3.97578
      vertex 101.704 3.70436 4.65663
      vertex 101.135 4.08507 3.97578
    endloop
  endfacet
  facet normal -0.824473 0.550601 0.1307
    outer loop
      vertex 102.537 -2.61938 4.65663
      vertex 102.459 -2.57456 3.97578
      vertex 102.085 -3.13459 3.97578
    endloop
  endfacet
  facet normal -0.060442 -0.922192 0.381979
    outer loop
      vertex 98.6146 4.6683 2.67798
      vertex 98.6489 4.92885 3.31244
      vertex 98 4.97138 3.31244
    endloop
  endfacet
  facet normal -0.536647 -0.803106 0.258903
    outer loop
      vertex 101.026 3.94406 3.31244
      vertex 101.135 4.08507 3.97578
      vertex 100.575 4.45927 3.97578
    endloop
  endfacet
  facet normal -0.169142 -0.849762 0.499296
    outer loop
      vertex 99.207 4.50465 2.6
      vertex 99.2187 4.54814 2.67798
      vertex 99.1336 4.51926 2.6
    endloop
  endfacet
  facet normal -0.0648433 -0.989357 0.130258
    outer loop
      vertex 98.6721 5.10507 3.97578
      vertex 98 5.23876 4.65663
      vertex 98 5.14912 3.97578
    endloop
  endfacet
  facet normal 0.310527 -0.914799 0.258294
    outer loop
      vertex 96.7133 4.80199 3.31244
      vertex 96.6673 4.97367 3.97578
      vertex 96.0295 4.75717 3.97578
    endloop
  endfacet
  facet normal 0.0648433 -0.989357 0.130258
    outer loop
      vertex 98 5.14912 3.97578
      vertex 98 5.23876 4.65663
      vertex 97.3279 5.10507 3.97578
    endloop
  endfacet
  facet normal 0.0566667 -0.864631 0.499202
    outer loop
      vertex 97.466 4.62856 2.6
      vertex 98 4.70858 2.67798
      vertex 97.3854 4.6683 2.67798
    endloop
  endfacet
  facet normal 0.0566713 -0.864642 0.499182
    outer loop
      vertex 98 4.70858 2.67798
      vertex 97.466 4.62856 2.6
      vertex 98 4.66356 2.6
    endloop
  endfacet
  facet normal 0.169038 -0.849833 0.499209
    outer loop
      vertex 96.8664 4.51926 2.6
      vertex 97.3854 4.6683 2.67798
      vertex 96.7813 4.54814 2.67798
    endloop
  endfacet
  facet normal 0.169022 -0.849805 0.499263
    outer loop
      vertex 97.3854 4.6683 2.67798
      vertex 96.8664 4.51926 2.6
      vertex 97.3913 4.62366 2.6
    endloop
  endfacet
  facet normal 0.889236 0.438524 0.130219
    outer loop
      vertex 93.4631 -2.61938 4.65663
      vertex 93.5407 -2.57456 3.97578
      vertex 93.2428 -1.97048 3.97578
    endloop
  endfacet
  facet normal 0.946962 -0.321345 0
    outer loop
      vertex 92.9398 1.35589 5
      vertex 93.16 2.00479 4.65663
      vertex 93.16 2.00479 5
    endloop
  endfacet
  facet normal 0.946962 -0.321345 0
    outer loop
      vertex 93.16 2.00479 4.65663
      vertex 92.9398 1.35589 5
      vertex 92.9398 1.35589 4.65663
    endloop
  endfacet
  facet normal 0.889223 -0.438542 0.13024
    outer loop
      vertex 93.2428 1.97048 3.97578
      vertex 93.4631 2.61938 4.65663
      vertex 93.16 2.00479 4.65663
    endloop
  endfacet
  facet normal 0.768439 -0.513483 0.381886
    outer loop
      vertex 93.9222 2.35429 2.67798
      vertex 94.2644 2.8664 2.67798
      vertex 93.6947 2.48569 3.31244
    endloop
  endfacet
  facet normal 0.82439 -0.550839 0.130221
    outer loop
      vertex 93.5407 2.57456 3.97578
      vertex 93.9149 3.13459 3.97578
      vertex 93.4631 2.61938 4.65663
    endloop
  endfacet
  facet normal 0.745456 -0.653708 0.130232
    outer loop
      vertex 93.9149 3.13459 3.97578
      vertex 94.2956 3.70436 4.65663
      vertex 93.8438 3.18915 4.65663
    endloop
  endfacet
  facet normal 0.383443 -0.777077 0.499123
    outer loop
      vertex 96.2153 4.30856 2.6
      vertex 96.1981 4.35016 2.67798
      vertex 96.1482 4.27545 2.6
    endloop
  endfacet
  facet normal 0.824394 0.550831 0.130231
    outer loop
      vertex 93.8438 -3.18915 4.65663
      vertex 93.9149 -3.13459 3.97578
      vertex 93.4631 -2.61938 4.65663
    endloop
  endfacet
  facet normal 0.946962 0.321345 0
    outer loop
      vertex 93.16 -2.00479 5
      vertex 92.9398 -1.35589 4.65663
      vertex 92.9398 -1.35589 5
    endloop
  endfacet
  facet normal 0.946962 0.321345 0
    outer loop
      vertex 92.9398 -1.35589 4.65663
      vertex 93.16 -2.00479 5
      vertex 93.16 -2.00479 4.65663
    endloop
  endfacet
  facet normal -0.513422 0.768228 0.382392
    outer loop
      vertex 100.486 -4.30534 3.31244
      vertex 100.866 -3.73557 2.67798
      vertex 100.354 -4.07775 2.67798
    endloop
  endfacet
  facet normal -0.573892 0.650961 0.496889
    outer loop
      vertex 100.866 -3.73557 2.67798
      vertex 100.895 -3.65048 2.6
      vertex 100.839 -3.69985 2.6
    endloop
  endfacet
  facet normal 0.550817 0.824395 0.130286
    outer loop
      vertex 95.3806 -4.5369 4.65663
      vertex 94.8654 -4.08507 3.97578
      vertex 94.8108 -4.15619 4.65663
    endloop
  endfacet
  facet normal 0.297057 0.875128 0.38198
    outer loop
      vertex 96.7133 -4.80199 3.31244
      vertex 96.7813 -4.54814 2.67798
      vertex 96.0975 -4.59296 3.31244
    endloop
  endfacet
  facet normal 0.297076 0.875113 0.381999
    outer loop
      vertex 96.7813 -4.54814 2.67798
      vertex 96.1981 -4.35016 2.67798
      vertex 96.0975 -4.59296 3.31244
    endloop
  endfacet
  facet normal 0.896862 0.44231 0
    outer loop
      vertex 93.4631 -2.61938 5
      vertex 93.16 -2.00479 4.65663
      vertex 93.16 -2.00479 5
    endloop
  endfacet
  facet normal 0.896862 0.44231 0
    outer loop
      vertex 93.16 -2.00479 4.65663
      vertex 93.4631 -2.61938 5
      vertex 93.4631 -2.61938 4.65663
    endloop
  endfacet
  facet normal 0.694809 0.609384 0.381958
    outer loop
      vertex 94.4847 -3.5153 3.31244
      vertex 94.6705 -3.32947 2.67798
      vertex 94.0559 -3.02639 3.31244
    endloop
  endfacet
  facet normal 0.947474 -0.188464 0.258407
    outer loop
      vertex 93.0712 0.648895 3.31244
      vertex 93.0263 1.33269 3.97578
      vertex 92.8949 0.672095 3.97578
    endloop
  endfacet
  facet normal 0.997851 0.0655219 0
    outer loop
      vertex 92.8061 -0.683795 5
      vertex 92.7612 0 4.65663
      vertex 92.7612 0 5
    endloop
  endfacet
  facet normal 0.997851 0.0655219 0
    outer loop
      vertex 92.7612 0 4.65663
      vertex 92.8061 -0.683795 5
      vertex 92.8061 -0.683795 4.65663
    endloop
  endfacet
  facet normal -0.853539 0.162712 0.49497
    outer loop
      vertex 102.548 -1.21867 2.67798
      vertex 102.519 -1.13358 2.6
      vertex 102.505 -1.20702 2.6
    endloop
  endfacet
  facet normal -0.972648 0.192882 0.12943
    outer loop
      vertex 103.06 -1.35589 4.65663
      vertex 103.105 -0.672095 3.97578
      vertex 102.974 -1.33269 3.97578
    endloop
  endfacet
  facet normal -0.889117 0.438612 0.130733
    outer loop
      vertex 102.537 -2.61938 4.65663
      vertex 102.757 -1.97048 3.97578
      vertex 102.459 -2.57456 3.97578
    endloop
  endfacet
  facet normal -0.89692 0.442192 0
    outer loop
      vertex 102.537 -2.61938 4.65663
      vertex 102.84 -2.00479 5
      vertex 102.84 -2.00479 4.65663
    endloop
  endfacet
  facet normal -0.89692 0.442192 0
    outer loop
      vertex 102.84 -2.00479 5
      vertex 102.537 -2.61938 4.65663
      vertex 102.537 -2.61938 5
    endloop
  endfacet
  facet normal -0.609244 0.694841 0.382123
    outer loop
      vertex 101.515 -3.5153 3.31244
      vertex 101.329 -3.32947 2.67798
      vertex 101.026 -3.94406 3.31244
    endloop
  endfacet
  facet normal -0.64932 0.568078 0.505639
    outer loop
      vertex 101.298 -3.29763 2.6
      vertex 101.736 -2.8664 2.67798
      vertex 101.65 -2.89529 2.6
    endloop
  endfacet
  facet normal -0.653072 0.573996 0.493989
    outer loop
      vertex 101.736 -2.8664 2.67798
      vertex 101.298 -3.29763 2.6
      vertex 101.329 -3.32947 2.67798
    endloop
  endfacet
  facet normal -0.864738 0.0566773 0.499015
    outer loop
      vertex 102.629 -0.534003 2.6
      vertex 102.709 0 2.67798
      vertex 102.664 0 2.6
    endloop
  endfacet
  facet normal -0.867667 0.0578828 0.493765
    outer loop
      vertex 102.709 0 2.67798
      vertex 102.629 -0.534003 2.6
      vertex 102.668 -0.614593 2.67798
    endloop
  endfacet
  facet normal 0.0631819 0.963996 0.258301
    outer loop
      vertex 98 -4.97138 3.31244
      vertex 97.3511 -4.92885 3.31244
      vertex 97.3279 -5.10507 3.97578
    endloop
  endfacet
  facet normal 0.310524 0.914801 0.258291
    outer loop
      vertex 96.7133 -4.80199 3.31244
      vertex 96.0975 -4.59296 3.31244
      vertex 96.0295 -4.75717 3.97578
    endloop
  endfacet
  facet normal 0.19343 0.972429 0.130253
    outer loop
      vertex 97.3162 -5.19394 4.65663
      vertex 97.3279 -5.10507 3.97578
      vertex 96.6441 -5.06025 4.65663
    endloop
  endfacet
  facet normal 0.481185 0.72062 0.499167
    outer loop
      vertex 95.2233 -3.74145 2.6
      vertex 95.161 -3.69985 2.6
      vertex 95.1336 -3.73557 2.67798
    endloop
  endfacet
  facet normal 0.169142 0.849762 0.499296
    outer loop
      vertex 96.8664 -4.51926 2.6
      vertex 96.793 -4.50465 2.6
      vertex 96.7813 -4.54814 2.67798
    endloop
  endfacet
  facet normal -0.180293 0.906414 0.381979
    outer loop
      vertex 98.6489 -4.92885 3.31244
      vertex 99.2187 -4.54814 2.67798
      vertex 98.6146 -4.6683 2.67798
    endloop
  endfacet
  facet normal -0.0648479 0.989358 0.130253
    outer loop
      vertex 98.6838 -5.19394 4.65663
      vertex 98.6721 -5.10507 3.97578
      vertex 98 -5.23876 4.65663
    endloop
  endfacet
  facet normal -0.193426 0.972431 0.13025
    outer loop
      vertex 99.3559 -5.06025 4.65663
      vertex 99.3327 -4.97367 3.97578
      vertex 98.6721 -5.10507 3.97578
    endloop
  endfacet
  facet normal -0.383565 0.778182 0.497304
    outer loop
      vertex 99.8518 -4.27545 2.6
      vertex 100.354 -4.07775 2.67798
      vertex 100.332 -4.03876 2.6
    endloop
  endfacet
  facet normal -0.383416 0.777078 0.499141
    outer loop
      vertex 100.354 -4.07775 2.67798
      vertex 99.8518 -4.27545 2.6
      vertex 99.8019 -4.35016 2.67798
    endloop
  endfacet
  facet normal -0.482429 0.721853 0.496175
    outer loop
      vertex 100.777 -3.74145 2.6
      vertex 100.354 -4.07775 2.67798
      vertex 100.866 -3.73557 2.67798
    endloop
  endfacet
  facet normal -0.482119 0.721614 0.496824
    outer loop
      vertex 100.354 -4.07775 2.67798
      vertex 100.777 -3.74145 2.6
      vertex 100.332 -4.03876 2.6
    endloop
  endfacet
  facet normal -0.180288 -0.906414 0.381983
    outer loop
      vertex 99.2187 4.54814 2.67798
      vertex 99.2867 4.80199 3.31244
      vertex 98.6489 4.92885 3.31244
    endloop
  endfacet
  facet normal -0.310527 -0.914799 0.258294
    outer loop
      vertex 99.9705 4.75717 3.97578
      vertex 99.3327 4.97367 3.97578
      vertex 99.2867 4.80199 3.31244
    endloop
  endfacet
  facet normal -0.483371 -0.720408 0.497358
    outer loop
      vertex 100.839 3.69985 2.6
      vertex 100.866 3.73557 2.67798
      vertex 100.777 3.74145 2.6
    endloop
  endfacet
  facet normal -0.573892 -0.650961 0.496889
    outer loop
      vertex 100.895 3.65048 2.6
      vertex 100.866 3.73557 2.67798
      vertex 100.839 3.69985 2.6
    endloop
  endfacet
  facet normal -0.482119 -0.721614 0.496824
    outer loop
      vertex 100.777 3.74145 2.6
      vertex 100.354 4.07775 2.67798
      vertex 100.332 4.03876 2.6
    endloop
  endfacet
  facet normal -0.482429 -0.721853 0.496175
    outer loop
      vertex 100.354 4.07775 2.67798
      vertex 100.777 3.74145 2.6
      vertex 100.866 3.73557 2.67798
    endloop
  endfacet
  facet normal -0.383416 -0.777078 0.499141
    outer loop
      vertex 99.8518 4.27545 2.6
      vertex 100.354 4.07775 2.67798
      vertex 99.8019 4.35016 2.67798
    endloop
  endfacet
  facet normal -0.383565 -0.778182 0.497304
    outer loop
      vertex 100.354 4.07775 2.67798
      vertex 99.8518 4.27545 2.6
      vertex 100.332 4.03876 2.6
    endloop
  endfacet
  facet normal -0.321348 -0.946961 0
    outer loop
      vertex 99.3559 5.06025 4.65663
      vertex 100.005 4.83998 5
      vertex 99.3559 5.06025 5
    endloop
  endfacet
  facet normal -0.321348 -0.946961 -0
    outer loop
      vertex 100.005 4.83998 5
      vertex 99.3559 5.06025 4.65663
      vertex 100.005 4.83998 4.65663
    endloop
  endfacet
  facet normal -0.318696 -0.938865 0.13025
    outer loop
      vertex 99.9705 4.75717 3.97578
      vertex 99.3559 5.06025 4.65663
      vertex 99.3327 4.97367 3.97578
    endloop
  endfacet
  facet normal -0.193426 -0.972431 0.13025
    outer loop
      vertex 99.3327 4.97367 3.97578
      vertex 99.3559 5.06025 4.65663
      vertex 98.6721 5.10507 3.97578
    endloop
  endfacet
  facet normal -0.866273 -0.427775 0.25803
    outer loop
      vertex 102.593 1.90247 3.31244
      vertex 102.757 1.97048 3.97578
      vertex 102.305 2.48569 3.31244
    endloop
  endfacet
  facet normal -0.694308 -0.610239 0.381503
    outer loop
      vertex 101.736 2.8664 2.67798
      vertex 101.944 3.02639 3.31244
      vertex 101.329 3.32947 2.67798
    endloop
  endfacet
  facet normal -0.980698 -0.195528 0
    outer loop
      vertex 103.194 0.683795 4.65663
      vertex 103.06 1.35589 5
      vertex 103.06 1.35589 4.65663
    endloop
  endfacet
  facet normal -0.980698 -0.195528 0
    outer loop
      vertex 103.06 1.35589 5
      vertex 103.194 0.683795 4.65663
      vertex 103.194 0.683795 5
    endloop
  endfacet
  facet normal -0.989316 -0.0651061 0.130441
    outer loop
      vertex 103.239 0 4.65663
      vertex 103.194 0.683795 4.65663
      vertex 103.105 0.672095 3.97578
    endloop
  endfacet
  facet normal -0.824473 -0.550601 0.1307
    outer loop
      vertex 102.459 2.57456 3.97578
      vertex 102.537 2.61938 4.65663
      vertex 102.085 3.13459 3.97578
    endloop
  endfacet
  facet normal -0.824206 -0.551139 0.130115
    outer loop
      vertex 102.537 2.61938 4.65663
      vertex 102.156 3.18915 4.65663
      vertex 102.085 3.13459 3.97578
    endloop
  endfacet
  facet normal -0.609396 -0.69478 0.381991
    outer loop
      vertex 101.329 3.32947 2.67798
      vertex 101.026 3.94406 3.31244
      vertex 100.866 3.73557 2.67798
    endloop
  endfacet
  facet normal -0.427125 -0.866516 0.258291
    outer loop
      vertex 100.486 4.30534 3.31244
      vertex 99.9705 4.75717 3.97578
      vertex 99.9025 4.59296 3.31244
    endloop
  endfacet
  facet normal -0.989316 0.0651061 0.130441
    outer loop
      vertex 103.194 -0.683795 4.65663
      vertex 103.239 0 4.65663
      vertex 103.105 -0.672095 3.97578
    endloop
  endfacet
  facet normal -0.831273 -0.555865 0
    outer loop
      vertex 102.537 2.61938 4.65663
      vertex 102.156 3.18915 5
      vertex 102.156 3.18915 4.65663
    endloop
  endfacet
  facet normal -0.831273 -0.555865 0
    outer loop
      vertex 102.156 3.18915 5
      vertex 102.537 2.61938 4.65663
      vertex 102.537 2.61938 5
    endloop
  endfacet
  facet normal -0.318607 -0.938883 0.130338
    outer loop
      vertex 99.9705 4.75717 3.97578
      vertex 100.005 4.83998 4.65663
      vertex 99.3559 5.06025 4.65663
    endloop
  endfacet
  facet normal -0.43885 -0.889052 0.130371
    outer loop
      vertex 100.619 4.5369 4.65663
      vertex 100.005 4.83998 4.65663
      vertex 99.9705 4.75717 3.97578
    endloop
  endfacet
  facet normal -0.310524 -0.914801 0.258291
    outer loop
      vertex 99.9025 4.59296 3.31244
      vertex 99.9705 4.75717 3.97578
      vertex 99.2867 4.80199 3.31244
    endloop
  endfacet
  facet normal -0.0604391 -0.922192 0.381981
    outer loop
      vertex 98.6146 4.6683 2.67798
      vertex 98 4.97138 3.31244
      vertex 98 4.70858 2.67798
    endloop
  endfacet
  facet normal 0.0631811 -0.963996 0.2583
    outer loop
      vertex 98 4.97138 3.31244
      vertex 98 5.14912 3.97578
      vertex 97.3279 5.10507 3.97578
    endloop
  endfacet
  facet normal 0.0631819 -0.963996 0.258301
    outer loop
      vertex 97.3511 4.92885 3.31244
      vertex 98 4.97138 3.31244
      vertex 97.3279 5.10507 3.97578
    endloop
  endfacet
  facet normal 0.180288 -0.906414 0.381983
    outer loop
      vertex 96.7813 4.54814 2.67798
      vertex 97.3511 4.92885 3.31244
      vertex 96.7133 4.80199 3.31244
    endloop
  endfacet
  facet normal 0.980782 -0.195107 0
    outer loop
      vertex 92.8061 0.683795 5
      vertex 92.9398 1.35589 4.65663
      vertex 92.9398 1.35589 5
    endloop
  endfacet
  facet normal 0.980782 -0.195107 0
    outer loop
      vertex 92.9398 1.35589 4.65663
      vertex 92.8061 0.683795 5
      vertex 92.8061 0.683795 4.65663
    endloop
  endfacet
  facet normal 0.768471 -0.513356 0.381991
    outer loop
      vertex 94.2644 2.8664 2.67798
      vertex 94.0559 3.02639 3.31244
      vertex 93.6947 2.48569 3.31244
    endloop
  endfacet
  facet normal 0.751859 -0.659324 0
    outer loop
      vertex 93.8438 3.18915 5
      vertex 94.2956 3.70436 4.65663
      vertex 94.2956 3.70436 5
    endloop
  endfacet
  facet normal 0.751859 -0.659324 0
    outer loop
      vertex 94.2956 3.70436 4.65663
      vertex 93.8438 3.18915 5
      vertex 93.8438 3.18915 4.65663
    endloop
  endfacet
  facet normal 0.889236 -0.438524 0.130219
    outer loop
      vertex 93.5407 2.57456 3.97578
      vertex 93.4631 2.61938 4.65663
      vertex 93.2428 1.97048 3.97578
    endloop
  endfacet
  facet normal 0.653735 -0.745423 0.130291
    outer loop
      vertex 94.8654 4.08507 3.97578
      vertex 94.8108 4.15619 4.65663
      vertex 94.2956 3.70436 4.65663
    endloop
  endfacet
  facet normal 0.659355 -0.751831 0
    outer loop
      vertex 94.2956 3.70436 4.65663
      vertex 94.8108 4.15619 5
      vertex 94.2956 3.70436 5
    endloop
  endfacet
  facet normal 0.659355 -0.751831 0
    outer loop
      vertex 94.8108 4.15619 5
      vertex 94.2956 3.70436 4.65663
      vertex 94.8108 4.15619 4.65663
    endloop
  endfacet
  facet normal 0.694825 -0.609343 0.381994
    outer loop
      vertex 94.2644 2.8664 2.67798
      vertex 94.6705 3.32947 2.67798
      vertex 94.0559 3.02639 3.31244
    endloop
  endfacet
  facet normal 0.481345 -0.720372 0.49937
    outer loop
      vertex 95.2233 3.74145 2.6
      vertex 95.6457 4.07775 2.67798
      vertex 95.1336 3.73557 2.67798
    endloop
  endfacet
  facet normal 0.481454 -0.720456 0.499145
    outer loop
      vertex 95.6457 4.07775 2.67798
      vertex 95.2233 3.74145 2.6
      vertex 95.6682 4.03876 2.6
    endloop
  endfacet
  facet normal 0.636962 -0.726334 0.258298
    outer loop
      vertex 94.9736 3.94406 3.31244
      vertex 94.8654 4.08507 3.97578
      vertex 94.359 3.64098 3.97578
    endloop
  endfacet
  facet normal 0.636973 -0.726318 0.258316
    outer loop
      vertex 94.4847 3.5153 3.31244
      vertex 94.9736 3.94406 3.31244
      vertex 94.359 3.64098 3.97578
    endloop
  endfacet
  facet normal 0.609321 -0.694845 0.381993
    outer loop
      vertex 95.1336 3.73557 2.67798
      vertex 94.9736 3.94406 3.31244
      vertex 94.6705 3.32947 2.67798
    endloop
  endfacet
  facet normal 0.318699 -0.938865 0.130247
    outer loop
      vertex 96.0295 4.75717 3.97578
      vertex 96.6441 5.06025 4.65663
      vertex 95.9952 4.83998 4.65663
    endloop
  endfacet
  facet normal -0.513892 0.768107 0.382003
    outer loop
      vertex 101.026 -3.94406 3.31244
      vertex 100.866 -3.73557 2.67798
      vertex 100.486 -4.30534 3.31244
    endloop
  endfacet
  facet normal -0.427032 0.866536 0.258377
    outer loop
      vertex 100.575 -4.45927 3.97578
      vertex 100.486 -4.30534 3.31244
      vertex 99.9705 -4.75717 3.97578
    endloop
  endfacet
  facet normal -0.278558 0.820514 0.499161
    outer loop
      vertex 99.8019 -4.35016 2.67798
      vertex 99.7847 -4.30856 2.6
      vertex 99.7138 -4.33263 2.6
    endloop
  endfacet
  facet normal -0.775458 0.392637 0.494472
    outer loop
      vertex 102.35 -1.8019 2.67798
      vertex 102.309 -1.78467 2.6
      vertex 102.275 -1.85182 2.6
    endloop
  endfacet
  facet normal 0.0567145 0.864606 0.499239
    outer loop
      vertex 97.466 -4.62856 2.6
      vertex 97.3913 -4.62366 2.6
      vertex 97.3854 -4.6683 2.67798
    endloop
  endfacet
  facet normal 0.278558 0.820514 0.499161
    outer loop
      vertex 96.2862 -4.33263 2.6
      vertex 96.2153 -4.30856 2.6
      vertex 96.1981 -4.35016 2.67798
    endloop
  endfacet
  facet normal 0.726323 0.636979 0.258288
    outer loop
      vertex 94.359 -3.64098 3.97578
      vertex 94.0559 -3.02639 3.31244
      vertex 93.9149 -3.13459 3.97578
    endloop
  endfacet
  facet normal 0.43851 0.889238 0.130244
    outer loop
      vertex 96.0295 -4.75717 3.97578
      vertex 95.4254 -4.45927 3.97578
      vertex 95.3806 -4.5369 4.65663
    endloop
  endfacet
  facet normal 0.947516 -0.188376 0.25832
    outer loop
      vertex 93.0712 0.648895 3.31244
      vertex 93.198 1.28669 3.31244
      vertex 93.0263 1.33269 3.97578
    endloop
  endfacet
  facet normal 0.820729 -0.277821 0.49922
    outer loop
      vertex 93.6674 1.71377 2.6
      vertex 93.6914 1.78467 2.6
      vertex 93.6498 1.8019 2.67798
    endloop
  endfacet
  facet normal 0.777087 -0.383233 0.499268
    outer loop
      vertex 93.9222 2.35429 2.67798
      vertex 93.7245 1.85182 2.6
      vertex 93.9612 2.33178 2.6
    endloop
  endfacet
  facet normal 0.777165 -0.383243 0.499138
    outer loop
      vertex 93.7245 1.85182 2.6
      vertex 93.9222 2.35429 2.67798
      vertex 93.6498 1.8019 2.67798
    endloop
  endfacet
  facet normal 0.659355 0.751831 -0
    outer loop
      vertex 94.8108 -4.15619 4.65663
      vertex 94.2956 -3.70436 5
      vertex 94.8108 -4.15619 5
    endloop
  endfacet
  facet normal 0.659355 0.751831 0
    outer loop
      vertex 94.2956 -3.70436 5
      vertex 94.8108 -4.15619 4.65663
      vertex 94.2956 -3.70436 4.65663
    endloop
  endfacet
  facet normal 0.438513 0.889237 0.130247
    outer loop
      vertex 95.9952 -4.83998 4.65663
      vertex 96.0295 -4.75717 3.97578
      vertex 95.3806 -4.5369 4.65663
    endloop
  endfacet
  facet normal -0.0631819 0.963996 0.258301
    outer loop
      vertex 98.6721 -5.10507 3.97578
      vertex 98.6489 -4.92885 3.31244
      vertex 98 -4.97138 3.31244
    endloop
  endfacet
  facet normal 0.0631811 0.963996 0.2583
    outer loop
      vertex 98 -5.14912 3.97578
      vertex 98 -4.97138 3.31244
      vertex 97.3279 -5.10507 3.97578
    endloop
  endfacet
  facet normal 0.86639 0.427387 0.258281
    outer loop
      vertex 93.6947 -2.48569 3.31244
      vertex 93.407 -1.90247 3.31244
      vertex 93.2428 -1.97048 3.97578
    endloop
  endfacet
  facet normal 0.745456 0.653708 0.130232
    outer loop
      vertex 94.2956 -3.70436 4.65663
      vertex 93.9149 -3.13459 3.97578
      vertex 93.8438 -3.18915 4.65663
    endloop
  endfacet
  facet normal 0.831475 0.555562 0
    outer loop
      vertex 93.8438 -3.18915 5
      vertex 93.4631 -2.61938 4.65663
      vertex 93.4631 -2.61938 5
    endloop
  endfacet
  facet normal 0.831475 0.555562 0
    outer loop
      vertex 93.4631 -2.61938 4.65663
      vertex 93.8438 -3.18915 5
      vertex 93.8438 -3.18915 4.65663
    endloop
  endfacet
  facet normal 0.866416 0.42727 0.258389
    outer loop
      vertex 93.5407 -2.57456 3.97578
      vertex 93.6947 -2.48569 3.31244
      vertex 93.2428 -1.97048 3.97578
    endloop
  endfacet
  facet normal 0.609358 0.69483 0.381961
    outer loop
      vertex 94.9736 -3.94406 3.31244
      vertex 94.6705 -3.32947 2.67798
      vertex 94.4847 -3.5153 3.31244
    endloop
  endfacet
  facet normal 0.321437 0.946931 -0
    outer loop
      vertex 96.6441 -5.06025 4.65663
      vertex 95.9952 -4.83998 5
      vertex 96.6441 -5.06025 5
    endloop
  endfacet
  facet normal 0.321437 0.946931 0
    outer loop
      vertex 95.9952 -4.83998 5
      vertex 96.6441 -5.06025 4.65663
      vertex 95.9952 -4.83998 4.65663
    endloop
  endfacet
  facet normal -0.914478 -0.311139 0.258695
    outer loop
      vertex 102.802 1.28669 3.31244
      vertex 102.974 1.33269 3.97578
      vertex 102.757 1.97048 3.97578
    endloop
  endfacet
  facet normal -0.97232 0.193858 0.130432
    outer loop
      vertex 103.194 -0.683795 4.65663
      vertex 103.105 -0.672095 3.97578
      vertex 103.06 -1.35589 4.65663
    endloop
  endfacet
  facet normal -0.777551 0.382328 0.499239
    outer loop
      vertex 102.078 -2.35429 2.67798
      vertex 102.275 -1.85182 2.6
      vertex 102.039 -2.33178 2.6
    endloop
  endfacet
  facet normal -0.776032 0.382122 0.501754
    outer loop
      vertex 102.275 -1.85182 2.6
      vertex 102.078 -2.35429 2.67798
      vertex 102.35 -1.8019 2.67798
    endloop
  endfacet
  facet normal -0.719927 0.482151 0.499235
    outer loop
      vertex 101.741 -2.77674 2.6
      vertex 102.078 -2.35429 2.67798
      vertex 102.039 -2.33178 2.6
    endloop
  endfacet
  facet normal -0.71773 0.479318 0.505091
    outer loop
      vertex 102.078 -2.35429 2.67798
      vertex 101.741 -2.77674 2.6
      vertex 101.736 -2.8664 2.67798
    endloop
  endfacet
  facet normal -0.867576 0.0580606 0.493903
    outer loop
      vertex 102.668 -0.614593 2.67798
      vertex 102.629 -0.534003 2.6
      vertex 102.624 -0.608716 2.6
    endloop
  endfacet
  facet normal -0.906297 0.180465 0.382175
    outer loop
      vertex 102.802 -1.28669 3.31244
      vertex 102.929 -0.648895 3.31244
      vertex 102.548 -1.21867 2.67798
    endloop
  endfacet
  facet normal -0.768753 0.513393 0.381374
    outer loop
      vertex 102.305 -2.48569 3.31244
      vertex 102.078 -2.35429 2.67798
      vertex 101.736 -2.8664 2.67798
    endloop
  endfacet
  facet normal -0.828884 0.409312 0.381333
    outer loop
      vertex 102.305 -2.48569 3.31244
      vertex 102.593 -1.90247 3.31244
      vertex 102.078 -2.35429 2.67798
    endloop
  endfacet
  facet normal -0.694308 0.610239 0.381503
    outer loop
      vertex 101.944 -3.02639 3.31244
      vertex 101.736 -2.8664 2.67798
      vertex 101.329 -3.32947 2.67798
    endloop
  endfacet
  facet normal -0.694608 0.609492 0.38215
    outer loop
      vertex 101.515 -3.5153 3.31244
      vertex 101.944 -3.02639 3.31244
      vertex 101.329 -3.32947 2.67798
    endloop
  endfacet
  facet normal -0.866358 0.427385 0.258391
    outer loop
      vertex 102.459 -2.57456 3.97578
      vertex 102.757 -1.97048 3.97578
      vertex 102.305 -2.48569 3.31244
    endloop
  endfacet
  facet normal -0.866273 0.427775 0.25803
    outer loop
      vertex 102.757 -1.97048 3.97578
      vertex 102.593 -1.90247 3.31244
      vertex 102.305 -2.48569 3.31244
    endloop
  endfacet
  facet normal -0.938951 0.318338 0.130506
    outer loop
      vertex 102.84 -2.00479 4.65663
      vertex 103.06 -1.35589 4.65663
      vertex 102.757 -1.97048 3.97578
    endloop
  endfacet
  facet normal 0.278474 0.820432 0.499343
    outer loop
      vertex 96.2862 -4.33263 2.6
      vertex 96.7813 -4.54814 2.67798
      vertex 96.793 -4.50465 2.6
    endloop
  endfacet
  facet normal 0.278545 0.820526 0.499149
    outer loop
      vertex 96.7813 -4.54814 2.67798
      vertex 96.2862 -4.33263 2.6
      vertex 96.1981 -4.35016 2.67798
    endloop
  endfacet
  facet normal -0.0567145 0.864606 0.499239
    outer loop
      vertex 98.6146 -4.6683 2.67798
      vertex 98.6087 -4.62366 2.6
      vertex 98.534 -4.62856 2.6
    endloop
  endfacet
  facet normal 0.408742 0.828857 0.382003
    outer loop
      vertex 96.0975 -4.59296 3.31244
      vertex 96.1981 -4.35016 2.67798
      vertex 95.6457 -4.07775 2.67798
    endloop
  endfacet
  facet normal 0.694825 0.609343 0.381994
    outer loop
      vertex 94.6705 -3.32947 2.67798
      vertex 94.2644 -2.8664 2.67798
      vertex 94.0559 -3.02639 3.31244
    endloop
  endfacet
  facet normal 0.383443 0.777077 0.499123
    outer loop
      vertex 96.1981 -4.35016 2.67798
      vertex 96.2153 -4.30856 2.6
      vertex 96.1482 -4.27545 2.6
    endloop
  endfacet
  facet normal -0.180288 0.906414 0.381983
    outer loop
      vertex 99.2867 -4.80199 3.31244
      vertex 99.2187 -4.54814 2.67798
      vertex 98.6489 -4.92885 3.31244
    endloop
  endfacet
  facet normal -0.297057 0.875128 0.38198
    outer loop
      vertex 99.2867 -4.80199 3.31244
      vertex 99.9025 -4.59296 3.31244
      vertex 99.2187 -4.54814 2.67798
    endloop
  endfacet
  facet normal -0.0604391 0.922192 0.381981
    outer loop
      vertex 98.6146 -4.6683 2.67798
      vertex 98 -4.70858 2.67798
      vertex 98 -4.97138 3.31244
    endloop
  endfacet
  facet normal -0.060442 0.922192 0.381979
    outer loop
      vertex 98.6489 -4.92885 3.31244
      vertex 98.6146 -4.6683 2.67798
      vertex 98 -4.97138 3.31244
    endloop
  endfacet
  facet normal -0.550718 0.824536 0.129808
    outer loop
      vertex 101.189 -4.15619 4.65663
      vertex 101.135 -4.08507 3.97578
      vertex 100.619 -4.5369 4.65663
    endloop
  endfacet
  facet normal -0.278558 -0.820514 0.499161
    outer loop
      vertex 99.7847 4.30856 2.6
      vertex 99.8019 4.35016 2.67798
      vertex 99.7138 4.33263 2.6
    endloop
  endfacet
  facet normal -0.6595 -0.751704 0
    outer loop
      vertex 101.189 4.15619 4.65663
      vertex 101.704 3.70436 5
      vertex 101.189 4.15619 5
    endloop
  endfacet
  facet normal -0.6595 -0.751704 -0
    outer loop
      vertex 101.704 3.70436 5
      vertex 101.189 4.15619 4.65663
      vertex 101.704 3.70436 4.65663
    endloop
  endfacet
  facet normal -0.19343 -0.972429 0.130253
    outer loop
      vertex 99.3559 5.06025 4.65663
      vertex 98.6838 5.19394 4.65663
      vertex 98.6721 5.10507 3.97578
    endloop
  endfacet
  facet normal -0.0648479 -0.989358 0.130253
    outer loop
      vertex 98.6721 5.10507 3.97578
      vertex 98.6838 5.19394 4.65663
      vertex 98 5.23876 4.65663
    endloop
  endfacet
  facet normal -0.777551 -0.382328 0.499239
    outer loop
      vertex 102.275 1.85182 2.6
      vertex 102.078 2.35429 2.67798
      vertex 102.039 2.33178 2.6
    endloop
  endfacet
  facet normal -0.776032 -0.382122 0.501754
    outer loop
      vertex 102.078 2.35429 2.67798
      vertex 102.275 1.85182 2.6
      vertex 102.35 1.8019 2.67798
    endloop
  endfacet
  facet normal -0.726085 -0.637112 0.258629
    outer loop
      vertex 101.944 3.02639 3.31244
      vertex 101.641 3.64098 3.97578
      vertex 101.515 3.5153 3.31244
    endloop
  endfacet
  facet normal -0.745543 -0.653688 0.129838
    outer loop
      vertex 102.085 3.13459 3.97578
      vertex 101.704 3.70436 4.65663
      vertex 101.641 3.64098 3.97578
    endloop
  endfacet
  facet normal -0.875021 -0.29706 0.382223
    outer loop
      vertex 102.548 1.21867 2.67798
      vertex 102.593 1.90247 3.31244
      vertex 102.35 1.8019 2.67798
    endloop
  endfacet
  facet normal -0.866358 -0.427385 0.258391
    outer loop
      vertex 102.757 1.97048 3.97578
      vertex 102.459 2.57456 3.97578
      vertex 102.305 2.48569 3.31244
    endloop
  endfacet
  facet normal -0.875065 -0.297003 0.382165
    outer loop
      vertex 102.802 1.28669 3.31244
      vertex 102.593 1.90247 3.31244
      vertex 102.548 1.21867 2.67798
    endloop
  endfacet
  facet normal -0.947352 -0.18864 0.258724
    outer loop
      vertex 102.929 0.648895 3.31244
      vertex 102.974 1.33269 3.97578
      vertex 102.802 1.28669 3.31244
    endloop
  endfacet
  facet normal -0.938951 -0.318338 0.130506
    outer loop
      vertex 103.06 1.35589 4.65663
      vertex 102.84 2.00479 4.65663
      vertex 102.757 1.97048 3.97578
    endloop
  endfacet
  facet normal -0.89692 -0.442192 0
    outer loop
      vertex 102.84 2.00479 4.65663
      vertex 102.537 2.61938 5
      vertex 102.537 2.61938 4.65663
    endloop
  endfacet
  facet normal -0.89692 -0.442192 0
    outer loop
      vertex 102.537 2.61938 5
      vertex 102.84 2.00479 4.65663
      vertex 102.84 2.00479 5
    endloop
  endfacet
  facet normal -0.745324 -0.653881 0.130122
    outer loop
      vertex 102.085 3.13459 3.97578
      vertex 102.156 3.18915 4.65663
      vertex 101.704 3.70436 4.65663
    endloop
  endfacet
  facet normal -0.751715 -0.659488 0
    outer loop
      vertex 102.156 3.18915 4.65663
      vertex 101.704 3.70436 5
      vertex 101.704 3.70436 4.65663
    endloop
  endfacet
  facet normal -0.751715 -0.659488 0
    outer loop
      vertex 101.704 3.70436 5
      vertex 102.156 3.18915 4.65663
      vertex 102.156 3.18915 5
    endloop
  endfacet
  facet normal -0.88925 -0.438411 0.130498
    outer loop
      vertex 102.757 1.97048 3.97578
      vertex 102.84 2.00479 4.65663
      vertex 102.537 2.61938 4.65663
    endloop
  endfacet
  facet normal -0.889117 -0.438612 0.130733
    outer loop
      vertex 102.757 1.97048 3.97578
      vertex 102.537 2.61938 4.65663
      vertex 102.459 2.57456 3.97578
    endloop
  endfacet
  facet normal -0.637121 -0.725941 0.259009
    outer loop
      vertex 101.641 3.64098 3.97578
      vertex 101.135 4.08507 3.97578
      vertex 101.026 3.94406 3.31244
    endloop
  endfacet
  facet normal -0.636852 -0.726329 0.258583
    outer loop
      vertex 101.515 3.5153 3.31244
      vertex 101.641 3.64098 3.97578
      vertex 101.026 3.94406 3.31244
    endloop
  endfacet
  facet normal -0.947686 0.187932 0.258017
    outer loop
      vertex 102.974 -1.33269 3.97578
      vertex 103.105 -0.672095 3.97578
      vertex 102.929 -0.648895 3.31244
    endloop
  endfacet
  facet normal -0.922018 -0.059678 0.38252
    outer loop
      vertex 102.971 0 3.31244
      vertex 102.929 0.648895 3.31244
      vertex 102.668 0.614593 2.67798
    endloop
  endfacet
  facet normal -0.427032 -0.866536 0.258377
    outer loop
      vertex 100.486 4.30534 3.31244
      vertex 100.575 4.45927 3.97578
      vertex 99.9705 4.75717 3.97578
    endloop
  endfacet
  facet normal -0.438306 -0.889413 0.129736
    outer loop
      vertex 100.575 4.45927 3.97578
      vertex 100.619 4.5369 4.65663
      vertex 99.9705 4.75717 3.97578
    endloop
  endfacet
  facet normal -0.297057 -0.875128 0.38198
    outer loop
      vertex 99.9025 4.59296 3.31244
      vertex 99.2867 4.80199 3.31244
      vertex 99.2187 4.54814 2.67798
    endloop
  endfacet
  facet normal -0.297076 -0.875113 0.381999
    outer loop
      vertex 99.8019 4.35016 2.67798
      vertex 99.9025 4.59296 3.31244
      vertex 99.2187 4.54814 2.67798
    endloop
  endfacet
  facet normal 0.19343 -0.972429 0.130253
    outer loop
      vertex 97.3279 5.10507 3.97578
      vertex 97.3162 5.19394 4.65663
      vertex 96.6441 5.06025 4.65663
    endloop
  endfacet
  facet normal 0.0648479 -0.989358 0.130253
    outer loop
      vertex 97.3279 5.10507 3.97578
      vertex 98 5.23876 4.65663
      vertex 97.3162 5.19394 4.65663
    endloop
  endfacet
  facet normal 0.972445 -0.193431 0.130137
    outer loop
      vertex 93.0263 1.33269 3.97578
      vertex 92.9398 1.35589 4.65663
      vertex 92.8949 0.672095 3.97578
    endloop
  endfacet
  facet normal 0.938877 -0.318705 0.130141
    outer loop
      vertex 93.0263 1.33269 3.97578
      vertex 93.2428 1.97048 3.97578
      vertex 92.9398 1.35589 4.65663
    endloop
  endfacet
  facet normal 0.997851 -0.0655219 0
    outer loop
      vertex 92.7612 0 5
      vertex 92.8061 0.683795 4.65663
      vertex 92.8061 0.683795 5
    endloop
  endfacet
  facet normal 0.997851 -0.0655219 0
    outer loop
      vertex 92.8061 0.683795 4.65663
      vertex 92.7612 0 5
      vertex 92.7612 0 4.65663
    endloop
  endfacet
  facet normal 0.803293 -0.536618 0.258384
    outer loop
      vertex 93.6947 2.48569 3.31244
      vertex 94.0559 3.02639 3.31244
      vertex 93.5407 2.57456 3.97578
    endloop
  endfacet
  facet normal 0.866416 -0.42727 0.258389
    outer loop
      vertex 93.6947 2.48569 3.31244
      vertex 93.5407 2.57456 3.97578
      vertex 93.2428 1.97048 3.97578
    endloop
  endfacet
  facet normal 0.609358 -0.69483 0.381961
    outer loop
      vertex 94.6705 3.32947 2.67798
      vertex 94.9736 3.94406 3.31244
      vertex 94.4847 3.5153 3.31244
    endloop
  endfacet
  facet normal 0.803256 -0.536719 0.258287
    outer loop
      vertex 94.0559 3.02639 3.31244
      vertex 93.9149 3.13459 3.97578
      vertex 93.5407 2.57456 3.97578
    endloop
  endfacet
  facet normal 0.824394 -0.550831 0.130231
    outer loop
      vertex 93.9149 3.13459 3.97578
      vertex 93.8438 3.18915 4.65663
      vertex 93.4631 2.61938 4.65663
    endloop
  endfacet
  facet normal 0.653719 -0.745441 0.130266
    outer loop
      vertex 94.359 3.64098 3.97578
      vertex 94.8654 4.08507 3.97578
      vertex 94.2956 3.70436 4.65663
    endloop
  endfacet
  facet normal 0.383223 -0.777164 0.499155
    outer loop
      vertex 96.1482 4.27545 2.6
      vertex 95.6457 4.07775 2.67798
      vertex 95.6682 4.03876 2.6
    endloop
  endfacet
  facet normal 0.383213 -0.777088 0.499281
    outer loop
      vertex 95.6457 4.07775 2.67798
      vertex 96.1482 4.27545 2.6
      vertex 96.1981 4.35016 2.67798
    endloop
  endfacet
  facet normal 0.297076 -0.875113 0.381999
    outer loop
      vertex 96.1981 4.35016 2.67798
      vertex 96.7813 4.54814 2.67798
      vertex 96.0975 4.59296 3.31244
    endloop
  endfacet
  facet normal 0.651274 -0.57115 0.499629
    outer loop
      vertex 94.2644 2.8664 2.67798
      vertex 94.7024 3.29763 2.6
      vertex 94.6705 3.32947 2.67798
    endloop
  endfacet
  facet normal 0.65141 -0.571364 0.499208
    outer loop
      vertex 94.7024 3.29763 2.6
      vertex 94.2644 2.8664 2.67798
      vertex 94.3495 2.89529 2.6
    endloop
  endfacet
  facet normal 0.43851 -0.889238 0.130244
    outer loop
      vertex 95.4254 4.45927 3.97578
      vertex 96.0295 4.75717 3.97578
      vertex 95.3806 4.5369 4.65663
    endloop
  endfacet
  facet normal 0.427302 -0.86643 0.258288
    outer loop
      vertex 96.0975 4.59296 3.31244
      vertex 96.0295 4.75717 3.97578
      vertex 95.5143 4.30534 3.31244
    endloop
  endfacet
  facet normal -0.550905 0.824443 0.129605
    outer loop
      vertex 100.619 -4.5369 4.65663
      vertex 101.135 -4.08507 3.97578
      vertex 100.575 -4.45927 3.97578
    endloop
  endfacet
  facet normal -0.536647 0.803106 0.258903
    outer loop
      vertex 101.135 -4.08507 3.97578
      vertex 101.026 -3.94406 3.31244
      vertex 100.575 -4.45927 3.97578
    endloop
  endfacet
  facet normal -0.408542 0.828816 0.382306
    outer loop
      vertex 100.486 -4.30534 3.31244
      vertex 100.354 -4.07775 2.67798
      vertex 99.9025 -4.59296 3.31244
    endloop
  endfacet
  facet normal -0.408921 0.82877 0.381999
    outer loop
      vertex 99.9025 -4.59296 3.31244
      vertex 100.354 -4.07775 2.67798
      vertex 99.8019 -4.35016 2.67798
    endloop
  endfacet
  facet normal -0.383443 0.777077 0.499123
    outer loop
      vertex 99.8019 -4.35016 2.67798
      vertex 99.8518 -4.27545 2.6
      vertex 99.7847 -4.30856 2.6
    endloop
  endfacet
  facet normal -0.864738 -0.0566773 0.499015
    outer loop
      vertex 102.709 0 2.67798
      vertex 102.629 0.534003 2.6
      vertex 102.664 0 2.6
    endloop
  endfacet
  facet normal -0.867667 -0.0578828 0.493765
    outer loop
      vertex 102.629 0.534003 2.6
      vertex 102.709 0 2.67798
      vertex 102.668 0.614593 2.67798
    endloop
  endfacet
  facet normal 0.82439 0.550839 0.130221
    outer loop
      vertex 93.9149 -3.13459 3.97578
      vertex 93.5407 -2.57456 3.97578
      vertex 93.4631 -2.61938 4.65663
    endloop
  endfacet
  facet normal 0.96396 -0.063284 0.258411
    outer loop
      vertex 93.0286 0 3.31244
      vertex 93.0712 0.648895 3.31244
      vertex 92.8949 0.672095 3.97578
    endloop
  endfacet
  facet normal 0.875111 0.297019 0.382048
    outer loop
      vertex 93.407 -1.90247 3.31244
      vertex 93.4519 -1.21867 2.67798
      vertex 93.198 -1.28669 3.31244
    endloop
  endfacet
  facet normal 0.906404 -0.180202 0.382047
    outer loop
      vertex 93.4519 1.21867 2.67798
      vertex 93.198 1.28669 3.31244
      vertex 93.0712 0.648895 3.31244
    endloop
  endfacet
  facet normal 0.914813 -0.310494 0.258282
    outer loop
      vertex 93.407 1.90247 3.31244
      vertex 93.2428 1.97048 3.97578
      vertex 93.198 1.28669 3.31244
    endloop
  endfacet
  facet normal 0.820848 0.278772 0.498493
    outer loop
      vertex 93.4519 -1.21867 2.67798
      vertex 93.6674 -1.71377 2.6
      vertex 93.4953 -1.20702 2.6
    endloop
  endfacet
  facet normal 0.820268 0.278331 0.499693
    outer loop
      vertex 93.6674 -1.71377 2.6
      vertex 93.4519 -1.21867 2.67798
      vertex 93.6498 -1.8019 2.67798
    endloop
  endfacet
  facet normal 0.777165 0.383243 0.499138
    outer loop
      vertex 93.9222 -2.35429 2.67798
      vertex 93.7245 -1.85182 2.6
      vertex 93.6498 -1.8019 2.67798
    endloop
  endfacet
  facet normal 0.777087 0.383233 0.499268
    outer loop
      vertex 93.7245 -1.85182 2.6
      vertex 93.9222 -2.35429 2.67798
      vertex 93.9612 -2.33178 2.6
    endloop
  endfacet
  facet normal 0.44228 0.896877 -0
    outer loop
      vertex 95.9952 -4.83998 4.65663
      vertex 95.3806 -4.5369 5
      vertex 95.9952 -4.83998 5
    endloop
  endfacet
  facet normal 0.44228 0.896877 0
    outer loop
      vertex 95.3806 -4.5369 5
      vertex 95.9952 -4.83998 4.65663
      vertex 95.3806 -4.5369 4.65663
    endloop
  endfacet
  facet normal 0.653735 0.745423 0.130291
    outer loop
      vertex 94.8108 -4.15619 4.65663
      vertex 94.8654 -4.08507 3.97578
      vertex 94.2956 -3.70436 4.65663
    endloop
  endfacet
  facet normal 0.555552 0.831482 -0
    outer loop
      vertex 95.3806 -4.5369 4.65663
      vertex 94.8108 -4.15619 5
      vertex 95.3806 -4.5369 5
    endloop
  endfacet
  facet normal 0.555552 0.831482 0
    outer loop
      vertex 94.8108 -4.15619 5
      vertex 95.3806 -4.5369 4.65663
      vertex 94.8108 -4.15619 4.65663
    endloop
  endfacet
  facet normal 0.193426 0.972431 0.13025
    outer loop
      vertex 97.3279 -5.10507 3.97578
      vertex 96.6673 -4.97367 3.97578
      vertex 96.6441 -5.06025 4.65663
    endloop
  endfacet
  facet normal 0.318696 0.938865 0.13025
    outer loop
      vertex 96.6441 -5.06025 4.65663
      vertex 96.6673 -4.97367 3.97578
      vertex 96.0295 -4.75717 3.97578
    endloop
  endfacet
  facet normal 0.768471 0.513356 0.381991
    outer loop
      vertex 94.0559 -3.02639 3.31244
      vertex 94.2644 -2.8664 2.67798
      vertex 93.6947 -2.48569 3.31244
    endloop
  endfacet
  facet normal 0.768439 0.513483 0.381886
    outer loop
      vertex 94.2644 -2.8664 2.67798
      vertex 93.9222 -2.35429 2.67798
      vertex 93.6947 -2.48569 3.31244
    endloop
  endfacet
  facet normal 0.513435 0.768419 0.38199
    outer loop
      vertex 95.5143 -4.30534 3.31244
      vertex 95.1336 -3.73557 2.67798
      vertex 94.9736 -3.94406 3.31244
    endloop
  endfacet
  facet normal 0.636962 0.726334 0.258298
    outer loop
      vertex 94.8654 -4.08507 3.97578
      vertex 94.9736 -3.94406 3.31244
      vertex 94.359 -3.64098 3.97578
    endloop
  endfacet
  facet normal -0.914478 0.311139 0.258695
    outer loop
      vertex 102.974 -1.33269 3.97578
      vertex 102.802 -1.28669 3.31244
      vertex 102.757 -1.97048 3.97578
    endloop
  endfacet
  facet normal -0.914879 0.310516 0.258025
    outer loop
      vertex 102.757 -1.97048 3.97578
      vertex 102.802 -1.28669 3.31244
      vertex 102.593 -1.90247 3.31244
    endloop
  endfacet
  facet normal -0.867576 -0.0580606 0.493903
    outer loop
      vertex 102.629 0.534003 2.6
      vertex 102.668 0.614593 2.67798
      vertex 102.624 0.608716 2.6
    endloop
  endfacet
  facet normal -0.722765 0.476038 0.500997
    outer loop
      vertex 101.736 -2.8664 2.67798
      vertex 101.741 -2.77674 2.6
      vertex 101.7 -2.83899 2.6
    endloop
  endfacet
  facet normal -0.647181 0.574762 0.500805
    outer loop
      vertex 101.736 -2.8664 2.67798
      vertex 101.7 -2.83899 2.6
      vertex 101.65 -2.89529 2.6
    endloop
  endfacet
  facet normal -0.822616 0.27921 0.495323
    outer loop
      vertex 102.333 -1.71377 2.6
      vertex 102.548 -1.21867 2.67798
      vertex 102.505 -1.20702 2.6
    endloop
  endfacet
  facet normal -0.822753 0.279315 0.495036
    outer loop
      vertex 102.548 -1.21867 2.67798
      vertex 102.333 -1.71377 2.6
      vertex 102.35 -1.8019 2.67798
    endloop
  endfacet
  facet normal -0.875021 0.29706 0.382223
    outer loop
      vertex 102.593 -1.90247 3.31244
      vertex 102.548 -1.21867 2.67798
      vertex 102.35 -1.8019 2.67798
    endloop
  endfacet
  facet normal -0.609396 0.69478 0.381991
    outer loop
      vertex 101.026 -3.94406 3.31244
      vertex 101.329 -3.32947 2.67798
      vertex 100.866 -3.73557 2.67798
    endloop
  endfacet
  facet normal -0.573094 0.653392 0.494613
    outer loop
      vertex 101.298 -3.29763 2.6
      vertex 100.866 -3.73557 2.67798
      vertex 101.329 -3.32947 2.67798
    endloop
  endfacet
  facet normal -0.570824 0.651955 0.499114
    outer loop
      vertex 100.866 -3.73557 2.67798
      vertex 101.298 -3.29763 2.6
      vertex 100.895 -3.65048 2.6
    endloop
  endfacet
  facet normal -0.947051 0.321084 0
    outer loop
      vertex 102.84 -2.00479 4.65663
      vertex 103.06 -1.35589 5
      vertex 103.06 -1.35589 4.65663
    endloop
  endfacet
  facet normal -0.947051 0.321084 0
    outer loop
      vertex 103.06 -1.35589 5
      vertex 102.84 -2.00479 4.65663
      vertex 102.84 -2.00479 5
    endloop
  endfacet
  facet normal -0.824206 0.551139 0.130115
    outer loop
      vertex 102.156 -3.18915 4.65663
      vertex 102.537 -2.61938 4.65663
      vertex 102.085 -3.13459 3.97578
    endloop
  endfacet
  facet normal -0.654043 0.745222 0.129892
    outer loop
      vertex 101.704 -3.70436 4.65663
      vertex 101.641 -3.64098 3.97578
      vertex 101.135 -4.08507 3.97578
    endloop
  endfacet
  facet normal -0.726394 0.636898 0.25829
    outer loop
      vertex 102.085 -3.13459 3.97578
      vertex 101.944 -3.02639 3.31244
      vertex 101.641 -3.64098 3.97578
    endloop
  endfacet
  facet normal -0.169142 0.849762 0.499296
    outer loop
      vertex 99.2187 -4.54814 2.67798
      vertex 99.207 -4.50465 2.6
      vertex 99.1336 -4.51926 2.6
    endloop
  endfacet
  facet normal -0.278545 0.820526 0.499149
    outer loop
      vertex 99.7138 -4.33263 2.6
      vertex 99.2187 -4.54814 2.67798
      vertex 99.8019 -4.35016 2.67798
    endloop
  endfacet
  facet normal -0.278474 0.820432 0.499343
    outer loop
      vertex 99.2187 -4.54814 2.67798
      vertex 99.7138 -4.33263 2.6
      vertex 99.207 -4.50465 2.6
    endloop
  endfacet
  facet normal 0.0648433 0.989357 0.130258
    outer loop
      vertex 98 -5.23876 4.65663
      vertex 98 -5.14912 3.97578
      vertex 97.3279 -5.10507 3.97578
    endloop
  endfacet
  facet normal 0.188468 0.947502 0.258301
    outer loop
      vertex 97.3279 -5.10507 3.97578
      vertex 97.3511 -4.92885 3.31244
      vertex 96.6673 -4.97367 3.97578
    endloop
  endfacet
  facet normal -0.195092 0.980785 0
    outer loop
      vertex 99.3559 -5.06025 4.65663
      vertex 98.6838 -5.19394 5
      vertex 99.3559 -5.06025 5
    endloop
  endfacet
  facet normal -0.195092 0.980785 0
    outer loop
      vertex 98.6838 -5.19394 5
      vertex 99.3559 -5.06025 4.65663
      vertex 98.6838 -5.19394 4.65663
    endloop
  endfacet
  facet normal -0.318607 0.938883 0.130338
    outer loop
      vertex 100.005 -4.83998 4.65663
      vertex 99.9705 -4.75717 3.97578
      vertex 99.3559 -5.06025 4.65663
    endloop
  endfacet
  facet normal -0.43885 0.889052 0.130371
    outer loop
      vertex 100.005 -4.83998 4.65663
      vertex 100.619 -4.5369 4.65663
      vertex 99.9705 -4.75717 3.97578
    endloop
  endfacet
  facet normal -0.823312 0.278695 0.494456
    outer loop
      vertex 102.35 -1.8019 2.67798
      vertex 102.333 -1.71377 2.6
      vertex 102.309 -1.78467 2.6
    endloop
  endfacet
  facet normal -0.555417 -0.831572 0
    outer loop
      vertex 100.619 4.5369 4.65663
      vertex 101.189 4.15619 5
      vertex 100.619 4.5369 5
    endloop
  endfacet
  facet normal -0.555417 -0.831572 -0
    outer loop
      vertex 101.189 4.15619 5
      vertex 100.619 4.5369 4.65663
      vertex 101.189 4.15619 4.65663
    endloop
  endfacet
  facet normal -0.768753 -0.513393 0.381374
    outer loop
      vertex 102.078 2.35429 2.67798
      vertex 102.305 2.48569 3.31244
      vertex 101.736 2.8664 2.67798
    endloop
  endfacet
  facet normal -0.84942 -0.168737 0.500013
    outer loop
      vertex 102.519 1.13358 2.6
      vertex 102.668 0.614593 2.67798
      vertex 102.548 1.21867 2.67798
    endloop
  endfacet
  facet normal -0.852605 -0.170565 0.493935
    outer loop
      vertex 102.668 0.614593 2.67798
      vertex 102.519 1.13358 2.6
      vertex 102.624 0.608716 2.6
    endloop
  endfacet
  facet normal -0.97232 -0.193858 0.130432
    outer loop
      vertex 103.105 0.672095 3.97578
      vertex 103.194 0.683795 4.65663
      vertex 103.06 1.35589 4.65663
    endloop
  endfacet
  facet normal -0.96413 0.0624037 0.257989
    outer loop
      vertex 103.105 -0.672095 3.97578
      vertex 102.971 0 3.31244
      vertex 102.929 -0.648895 3.31244
    endloop
  endfacet
  facet normal -0.972648 -0.192882 0.12943
    outer loop
      vertex 103.105 0.672095 3.97578
      vertex 103.06 1.35589 4.65663
      vertex 102.974 1.33269 3.97578
    endloop
  endfacet
  facet normal -0.997842 0.0656672 0
    outer loop
      vertex 103.194 -0.683795 4.65663
      vertex 103.239 0 5
      vertex 103.239 0 4.65663
    endloop
  endfacet
  facet normal -0.997842 0.0656672 0
    outer loop
      vertex 103.239 0 5
      vertex 103.194 -0.683795 4.65663
      vertex 103.194 -0.683795 5
    endloop
  endfacet
  facet normal -0.0567145 -0.864606 0.499239
    outer loop
      vertex 98.6087 4.62366 2.6
      vertex 98.6146 4.6683 2.67798
      vertex 98.534 4.62856 2.6
    endloop
  endfacet
  facet normal -0.0566713 -0.864642 0.499182
    outer loop
      vertex 98.534 4.62856 2.6
      vertex 98 4.70858 2.67798
      vertex 98 4.66356 2.6
    endloop
  endfacet
  facet normal -0.0566667 -0.864631 0.499202
    outer loop
      vertex 98 4.70858 2.67798
      vertex 98.534 4.62856 2.6
      vertex 98.6146 4.6683 2.67798
    endloop
  endfacet
  facet normal 0.193426 -0.972431 0.13025
    outer loop
      vertex 96.6673 4.97367 3.97578
      vertex 97.3279 5.10507 3.97578
      vertex 96.6441 5.06025 4.65663
    endloop
  endfacet
  facet normal 0.188468 -0.947502 0.258301
    outer loop
      vertex 97.3511 4.92885 3.31244
      vertex 97.3279 5.10507 3.97578
      vertex 96.6673 4.97367 3.97578
    endloop
  endfacet
  facet normal 0.896862 -0.44231 0
    outer loop
      vertex 93.16 2.00479 5
      vertex 93.4631 2.61938 4.65663
      vertex 93.4631 2.61938 5
    endloop
  endfacet
  facet normal 0.896862 -0.44231 0
    outer loop
      vertex 93.4631 2.61938 4.65663
      vertex 93.16 2.00479 5
      vertex 93.16 2.00479 4.65663
    endloop
  endfacet
  facet normal 0.550817 -0.824395 0.130286
    outer loop
      vertex 94.8654 4.08507 3.97578
      vertex 95.3806 4.5369 4.65663
      vertex 94.8108 4.15619 4.65663
    endloop
  endfacet
  facet normal 0.555552 -0.831482 0
    outer loop
      vertex 94.8108 4.15619 4.65663
      vertex 95.3806 4.5369 5
      vertex 94.8108 4.15619 5
    endloop
  endfacet
  facet normal 0.555552 -0.831482 0
    outer loop
      vertex 95.3806 4.5369 5
      vertex 94.8108 4.15619 4.65663
      vertex 95.3806 4.5369 4.65663
    endloop
  endfacet
  facet normal 0.745427 -0.653734 0.130269
    outer loop
      vertex 94.359 3.64098 3.97578
      vertex 94.2956 3.70436 4.65663
      vertex 93.9149 3.13459 3.97578
    endloop
  endfacet
  facet normal 0.726323 -0.636979 0.258288
    outer loop
      vertex 94.0559 3.02639 3.31244
      vertex 94.359 3.64098 3.97578
      vertex 93.9149 3.13459 3.97578
    endloop
  endfacet
  facet normal 0.513448 -0.768416 0.38198
    outer loop
      vertex 95.6457 4.07775 2.67798
      vertex 95.5143 4.30534 3.31244
      vertex 95.1336 3.73557 2.67798
    endloop
  endfacet
  facet normal 0.40877 -0.828853 0.38198
    outer loop
      vertex 95.6457 4.07775 2.67798
      vertex 96.0975 4.59296 3.31244
      vertex 95.5143 4.30534 3.31244
    endloop
  endfacet
  facet normal 0.321437 -0.946931 0
    outer loop
      vertex 95.9952 4.83998 4.65663
      vertex 96.6441 5.06025 5
      vertex 95.9952 4.83998 5
    endloop
  endfacet
  facet normal 0.321437 -0.946931 0
    outer loop
      vertex 96.6441 5.06025 5
      vertex 95.9952 4.83998 4.65663
      vertex 96.6441 5.06025 4.65663
    endloop
  endfacet
  facet normal 0.481185 -0.72062 0.499167
    outer loop
      vertex 95.161 3.69985 2.6
      vertex 95.2233 3.74145 2.6
      vertex 95.1336 3.73557 2.67798
    endloop
  endfacet
  facet normal 0.427266 -0.866437 0.258321
    outer loop
      vertex 95.5143 4.30534 3.31244
      vertex 96.0295 4.75717 3.97578
      vertex 95.4254 4.45927 3.97578
    endloop
  endfacet
  facet normal -0.653928 0.745353 0.129723
    outer loop
      vertex 101.189 -4.15619 4.65663
      vertex 101.704 -3.70436 4.65663
      vertex 101.135 -4.08507 3.97578
    endloop
  endfacet
  facet normal -0.745324 0.653881 0.130122
    outer loop
      vertex 102.156 -3.18915 4.65663
      vertex 102.085 -3.13459 3.97578
      vertex 101.704 -3.70436 4.65663
    endloop
  endfacet
  facet normal 0.850267 0.169034 0.498472
    outer loop
      vertex 93.4953 -1.20702 2.6
      vertex 93.4807 -1.13358 2.6
      vertex 93.4519 -1.21867 2.67798
    endloop
  endfacet
  facet normal 0.92219 -0.0604697 0.381981
    outer loop
      vertex 93.2914 0 2.67798
      vertex 93.3317 0.614593 2.67798
      vertex 93.0286 0 3.31244
    endloop
  endfacet
  facet normal 0.980782 0.195107 0
    outer loop
      vertex 92.9398 -1.35589 5
      vertex 92.8061 -0.683795 4.65663
      vertex 92.8061 -0.683795 5
    endloop
  endfacet
  facet normal 0.980782 0.195107 0
    outer loop
      vertex 92.8061 -0.683795 4.65663
      vertex 92.9398 -1.35589 5
      vertex 92.9398 -1.35589 4.65663
    endloop
  endfacet
  facet normal 0.720181 -0.481236 0.499751
    outer loop
      vertex 93.9222 2.35429 2.67798
      vertex 94.2586 2.77674 2.6
      vertex 94.2644 2.8664 2.67798
    endloop
  endfacet
  facet normal 0.720364 -0.481473 0.499258
    outer loop
      vertex 94.2586 2.77674 2.6
      vertex 93.9222 2.35429 2.67798
      vertex 93.9612 2.33178 2.6
    endloop
  endfacet
  facet normal 0.72103 -0.480686 0.499056
    outer loop
      vertex 94.3001 2.83899 2.6
      vertex 94.2644 2.8664 2.67798
      vertex 94.2586 2.77674 2.6
    endloop
  endfacet
  facet normal 0.906427 -0.180362 0.381917
    outer loop
      vertex 93.3317 0.614593 2.67798
      vertex 93.4519 1.21867 2.67798
      vertex 93.0712 0.648895 3.31244
    endloop
  endfacet
  facet normal 0.820268 -0.278331 0.499693
    outer loop
      vertex 93.4519 1.21867 2.67798
      vertex 93.6674 1.71377 2.6
      vertex 93.6498 1.8019 2.67798
    endloop
  endfacet
  facet normal 0.820848 -0.278772 0.498493
    outer loop
      vertex 93.6674 1.71377 2.6
      vertex 93.4519 1.21867 2.67798
      vertex 93.4953 1.20702 2.6
    endloop
  endfacet
  facet normal 0.188461 0.947505 0.258294
    outer loop
      vertex 97.3511 -4.92885 3.31244
      vertex 96.7133 -4.80199 3.31244
      vertex 96.6673 -4.97367 3.97578
    endloop
  endfacet
  facet normal 0.310527 0.914799 0.258294
    outer loop
      vertex 96.6673 -4.97367 3.97578
      vertex 96.7133 -4.80199 3.31244
      vertex 96.0295 -4.75717 3.97578
    endloop
  endfacet
  facet normal 0.65141 0.571364 0.499208
    outer loop
      vertex 94.2644 -2.8664 2.67798
      vertex 94.7024 -3.29763 2.6
      vertex 94.3495 -2.89529 2.6
    endloop
  endfacet
  facet normal 0.651274 0.57115 0.499629
    outer loop
      vertex 94.7024 -3.29763 2.6
      vertex 94.2644 -2.8664 2.67798
      vertex 94.6705 -3.32947 2.67798
    endloop
  endfacet
  facet normal 0.651357 0.571528 0.49909
    outer loop
      vertex 94.3495 -2.89529 2.6
      vertex 94.3001 -2.83899 2.6
      vertex 94.2644 -2.8664 2.67798
    endloop
  endfacet
  facet normal 0.427266 0.866437 0.258321
    outer loop
      vertex 96.0295 -4.75717 3.97578
      vertex 95.5143 -4.30534 3.31244
      vertex 95.4254 -4.45927 3.97578
    endloop
  endfacet
  facet normal 0.536709 0.803251 0.258326
    outer loop
      vertex 95.4254 -4.45927 3.97578
      vertex 95.5143 -4.30534 3.31244
      vertex 94.9736 -3.94406 3.31244
    endloop
  endfacet
  facet normal 0.653719 0.745441 0.130266
    outer loop
      vertex 94.8654 -4.08507 3.97578
      vertex 94.359 -3.64098 3.97578
      vertex 94.2956 -3.70436 4.65663
    endloop
  endfacet
  facet normal 0.745427 0.653734 0.130269
    outer loop
      vertex 94.2956 -3.70436 4.65663
      vertex 94.359 -3.64098 3.97578
      vertex 93.9149 -3.13459 3.97578
    endloop
  endfacet
  facet normal 0.195092 0.980785 -0
    outer loop
      vertex 97.3162 -5.19394 4.65663
      vertex 96.6441 -5.06025 5
      vertex 97.3162 -5.19394 5
    endloop
  endfacet
  facet normal 0.195092 0.980785 0
    outer loop
      vertex 96.6441 -5.06025 5
      vertex 97.3162 -5.19394 4.65663
      vertex 96.6441 -5.06025 4.65663
    endloop
  endfacet
  facet normal 0.0654051 0.997859 -0
    outer loop
      vertex 98 -5.23876 4.65663
      vertex 97.3162 -5.19394 5
      vertex 98 -5.23876 5
    endloop
  endfacet
  facet normal 0.0654051 0.997859 0
    outer loop
      vertex 97.3162 -5.19394 5
      vertex 98 -5.23876 4.65663
      vertex 97.3162 -5.19394 4.65663
    endloop
  endfacet
  facet normal -0.906234 0.180023 0.382533
    outer loop
      vertex 102.929 -0.648895 3.31244
      vertex 102.668 -0.614593 2.67798
      vertex 102.548 -1.21867 2.67798
    endloop
  endfacet
  facet normal -0.852605 0.170565 0.493935
    outer loop
      vertex 102.519 -1.13358 2.6
      vertex 102.668 -0.614593 2.67798
      vertex 102.624 -0.608716 2.6
    endloop
  endfacet
  facet normal -0.84942 0.168737 0.500013
    outer loop
      vertex 102.668 -0.614593 2.67798
      vertex 102.519 -1.13358 2.6
      vertex 102.548 -1.21867 2.67798
    endloop
  endfacet
  facet normal -0.88925 0.438411 0.130498
    outer loop
      vertex 102.84 -2.00479 4.65663
      vertex 102.757 -1.97048 3.97578
      vertex 102.537 -2.61938 4.65663
    endloop
  endfacet
  facet normal -0.0566667 0.864631 0.499202
    outer loop
      vertex 98.534 -4.62856 2.6
      vertex 98 -4.70858 2.67798
      vertex 98.6146 -4.6683 2.67798
    endloop
  endfacet
  facet normal -0.0566713 0.864642 0.499182
    outer loop
      vertex 98 -4.70858 2.67798
      vertex 98.534 -4.62856 2.6
      vertex 98 -4.66356 2.6
    endloop
  endfacet
  facet normal 0.0566713 0.864642 0.499182
    outer loop
      vertex 97.466 -4.62856 2.6
      vertex 98 -4.70858 2.67798
      vertex 98 -4.66356 2.6
    endloop
  endfacet
  facet normal 0.0566667 0.864631 0.499202
    outer loop
      vertex 98 -4.70858 2.67798
      vertex 97.466 -4.62856 2.6
      vertex 97.3854 -4.6683 2.67798
    endloop
  endfacet
  facet normal -0.0631811 0.963996 0.2583
    outer loop
      vertex 98.6721 -5.10507 3.97578
      vertex 98 -4.97138 3.31244
      vertex 98 -5.14912 3.97578
    endloop
  endfacet
  facet normal -0.0648433 0.989357 0.130258
    outer loop
      vertex 98.6721 -5.10507 3.97578
      vertex 98 -5.14912 3.97578
      vertex 98 -5.23876 4.65663
    endloop
  endfacet
  facet normal -0.0654051 0.997859 0
    outer loop
      vertex 98.6838 -5.19394 4.65663
      vertex 98 -5.23876 5
      vertex 98.6838 -5.19394 5
    endloop
  endfacet
  facet normal -0.0654051 0.997859 0
    outer loop
      vertex 98 -5.23876 5
      vertex 98.6838 -5.19394 4.65663
      vertex 98 -5.23876 4.65663
    endloop
  endfacet
  facet normal -0.442628 0.896705 0
    outer loop
      vertex 100.619 -4.5369 4.65663
      vertex 100.005 -4.83998 5
      vertex 100.619 -4.5369 5
    endloop
  endfacet
  facet normal -0.442628 0.896705 0
    outer loop
      vertex 100.005 -4.83998 5
      vertex 100.619 -4.5369 4.65663
      vertex 100.005 -4.83998 4.65663
    endloop
  endfacet
  facet normal -0.914879 -0.310516 0.258025
    outer loop
      vertex 102.802 1.28669 3.31244
      vertex 102.757 1.97048 3.97578
      vertex 102.593 1.90247 3.31244
    endloop
  endfacet
  facet normal -0.853539 -0.162712 0.49497
    outer loop
      vertex 102.519 1.13358 2.6
      vertex 102.548 1.21867 2.67798
      vertex 102.505 1.20702 2.6
    endloop
  endfacet
  facet normal -0.963907 0.063104 0.258654
    outer loop
      vertex 103.105 -0.672095 3.97578
      vertex 103.149 0 3.97578
      vertex 102.971 0 3.31244
    endloop
  endfacet
  facet normal -0.963907 -0.063104 0.258654
    outer loop
      vertex 103.149 0 3.97578
      vertex 103.105 0.672095 3.97578
      vertex 102.971 0 3.31244
    endloop
  endfacet
  facet normal -0.92254 0.0615434 0.380963
    outer loop
      vertex 102.971 0 3.31244
      vertex 102.709 0 2.67798
      vertex 102.668 -0.614593 2.67798
    endloop
  endfacet
  facet normal -0.92254 -0.0615434 0.380963
    outer loop
      vertex 102.709 0 2.67798
      vertex 102.971 0 3.31244
      vertex 102.668 0.614593 2.67798
    endloop
  endfacet
  facet normal -0.0631819 -0.963996 0.258301
    outer loop
      vertex 98.6489 4.92885 3.31244
      vertex 98.6721 5.10507 3.97578
      vertex 98 4.97138 3.31244
    endloop
  endfacet
  facet normal -0.188468 -0.947502 0.258301
    outer loop
      vertex 99.3327 4.97367 3.97578
      vertex 98.6721 5.10507 3.97578
      vertex 98.6489 4.92885 3.31244
    endloop
  endfacet
  facet normal 0.550858 -0.824374 0.130241
    outer loop
      vertex 95.4254 4.45927 3.97578
      vertex 95.3806 4.5369 4.65663
      vertex 94.8654 4.08507 3.97578
    endloop
  endfacet
  facet normal 0.571302 -0.651495 0.499167
    outer loop
      vertex 95.161 3.69985 2.6
      vertex 95.1336 3.73557 2.67798
      vertex 95.1047 3.65048 2.6
    endloop
  endfacet
  facet normal 0.571147 -0.651313 0.499582
    outer loop
      vertex 94.7024 3.29763 2.6
      vertex 95.1336 3.73557 2.67798
      vertex 94.6705 3.32947 2.67798
    endloop
  endfacet
  facet normal 0.57139 -0.651467 0.499104
    outer loop
      vertex 95.1336 3.73557 2.67798
      vertex 94.7024 3.29763 2.6
      vertex 95.1047 3.65048 2.6
    endloop
  endfacet
  facet normal -0.555417 0.831572 0
    outer loop
      vertex 101.189 -4.15619 4.65663
      vertex 100.619 -4.5369 5
      vertex 101.189 -4.15619 5
    endloop
  endfacet
  facet normal -0.555417 0.831572 0
    outer loop
      vertex 100.619 -4.5369 5
      vertex 101.189 -4.15619 4.65663
      vertex 100.619 -4.5369 4.65663
    endloop
  endfacet
  facet normal -0.822753 -0.279315 0.495036
    outer loop
      vertex 102.333 1.71377 2.6
      vertex 102.548 1.21867 2.67798
      vertex 102.35 1.8019 2.67798
    endloop
  endfacet
  facet normal -0.822616 -0.27921 0.495323
    outer loop
      vertex 102.548 1.21867 2.67798
      vertex 102.333 1.71377 2.6
      vertex 102.505 1.20702 2.6
    endloop
  endfacet
  facet normal 0.820729 0.277821 0.49922
    outer loop
      vertex 93.6914 -1.78467 2.6
      vertex 93.6674 -1.71377 2.6
      vertex 93.6498 -1.8019 2.67798
    endloop
  endfacet
  facet normal 0.850174 -0.169169 0.498584
    outer loop
      vertex 93.3317 0.614593 2.67798
      vertex 93.4807 1.13358 2.6
      vertex 93.4519 1.21867 2.67798
    endloop
  endfacet
  facet normal 0.850009 -0.169074 0.498898
    outer loop
      vertex 93.4807 1.13358 2.6
      vertex 93.3317 0.614593 2.67798
      vertex 93.3763 0.608716 2.6
    endloop
  endfacet
  facet normal 0.864811 -0.0567073 0.498885
    outer loop
      vertex 93.2914 0 2.67798
      vertex 93.3714 0.534003 2.6
      vertex 93.3317 0.614593 2.67798
    endloop
  endfacet
  facet normal 0.864738 -0.0566773 0.499015
    outer loop
      vertex 93.3714 0.534003 2.6
      vertex 93.2914 0 2.67798
      vertex 93.3364 0 2.6
    endloop
  endfacet
  facet normal 0.972445 0.193431 0.130137
    outer loop
      vertex 92.9398 -1.35589 4.65663
      vertex 93.0263 -1.33269 3.97578
      vertex 92.8949 -0.672095 3.97578
    endloop
  endfacet
  facet normal 0.938897 0.318608 0.130237
    outer loop
      vertex 93.16 -2.00479 4.65663
      vertex 93.2428 -1.97048 3.97578
      vertex 92.9398 -1.35589 4.65663
    endloop
  endfacet
  facet normal 0.803293 0.536618 0.258384
    outer loop
      vertex 94.0559 -3.02639 3.31244
      vertex 93.6947 -2.48569 3.31244
      vertex 93.5407 -2.57456 3.97578
    endloop
  endfacet
  facet normal 0.803256 0.536719 0.258287
    outer loop
      vertex 93.9149 -3.13459 3.97578
      vertex 94.0559 -3.02639 3.31244
      vertex 93.5407 -2.57456 3.97578
    endloop
  endfacet
  facet normal 0.875111 -0.297019 0.382048
    outer loop
      vertex 93.4519 1.21867 2.67798
      vertex 93.407 1.90247 3.31244
      vertex 93.198 1.28669 3.31244
    endloop
  endfacet
  facet normal 0.850267 -0.169034 0.498472
    outer loop
      vertex 93.4807 1.13358 2.6
      vertex 93.4953 1.20702 2.6
      vertex 93.4519 1.21867 2.67798
    endloop
  endfacet
  facet normal 0.92221 -0.0605432 0.381919
    outer loop
      vertex 93.3317 0.614593 2.67798
      vertex 93.0712 0.648895 3.31244
      vertex 93.0286 0 3.31244
    endloop
  endfacet
  facet normal 0.180288 0.906414 0.381983
    outer loop
      vertex 97.3511 -4.92885 3.31244
      vertex 96.7813 -4.54814 2.67798
      vertex 96.7133 -4.80199 3.31244
    endloop
  endfacet
  facet normal 0.180293 0.906414 0.381979
    outer loop
      vertex 97.3511 -4.92885 3.31244
      vertex 97.3854 -4.6683 2.67798
      vertex 96.7813 -4.54814 2.67798
    endloop
  endfacet
  facet normal 0.571302 0.651495 0.499167
    outer loop
      vertex 95.1336 -3.73557 2.67798
      vertex 95.161 -3.69985 2.6
      vertex 95.1047 -3.65048 2.6
    endloop
  endfacet
  facet normal 0.536737 0.803241 0.258299
    outer loop
      vertex 95.4254 -4.45927 3.97578
      vertex 94.9736 -3.94406 3.31244
      vertex 94.8654 -4.08507 3.97578
    endloop
  endfacet
  facet normal 0.550858 0.824374 0.130241
    outer loop
      vertex 95.3806 -4.5369 4.65663
      vertex 95.4254 -4.45927 3.97578
      vertex 94.8654 -4.08507 3.97578
    endloop
  endfacet
  facet normal 0.40877 0.828853 0.38198
    outer loop
      vertex 96.0975 -4.59296 3.31244
      vertex 95.6457 -4.07775 2.67798
      vertex 95.5143 -4.30534 3.31244
    endloop
  endfacet
  facet normal 0.427302 0.86643 0.258288
    outer loop
      vertex 96.0295 -4.75717 3.97578
      vertex 96.0975 -4.59296 3.31244
      vertex 95.5143 -4.30534 3.31244
    endloop
  endfacet
  facet normal 0.636973 0.726318 0.258316
    outer loop
      vertex 94.9736 -3.94406 3.31244
      vertex 94.4847 -3.5153 3.31244
      vertex 94.359 -3.64098 3.97578
    endloop
  endfacet
  facet normal 0.726295 0.636999 0.258319
    outer loop
      vertex 94.359 -3.64098 3.97578
      vertex 94.4847 -3.5153 3.31244
      vertex 94.0559 -3.02639 3.31244
    endloop
  endfacet
  facet normal -0.751715 0.659488 0
    outer loop
      vertex 101.704 -3.70436 4.65663
      vertex 102.156 -3.18915 5
      vertex 102.156 -3.18915 4.65663
    endloop
  endfacet
  facet normal -0.751715 0.659488 0
    outer loop
      vertex 102.156 -3.18915 5
      vertex 101.704 -3.70436 4.65663
      vertex 101.704 -3.70436 5
    endloop
  endfacet
  facet normal -0.745543 0.653688 0.129838
    outer loop
      vertex 101.704 -3.70436 4.65663
      vertex 102.085 -3.13459 3.97578
      vertex 101.641 -3.64098 3.97578
    endloop
  endfacet
  facet normal -0.906297 -0.180465 0.382175
    outer loop
      vertex 102.929 0.648895 3.31244
      vertex 102.802 1.28669 3.31244
      vertex 102.548 1.21867 2.67798
    endloop
  endfacet
  facet normal -0.906234 -0.180023 0.382533
    outer loop
      vertex 102.668 0.614593 2.67798
      vertex 102.929 0.648895 3.31244
      vertex 102.548 1.21867 2.67798
    endloop
  endfacet
  facet normal -0.823312 -0.278695 0.494456
    outer loop
      vertex 102.333 1.71377 2.6
      vertex 102.35 1.8019 2.67798
      vertex 102.309 1.78467 2.6
    endloop
  endfacet
  facet normal -0.829017 -0.408212 0.382223
    outer loop
      vertex 102.35 1.8019 2.67798
      vertex 102.593 1.90247 3.31244
      vertex 102.078 2.35429 2.67798
    endloop
  endfacet
  facet normal -0.828884 -0.409312 0.381333
    outer loop
      vertex 102.593 1.90247 3.31244
      vertex 102.305 2.48569 3.31244
      vertex 102.078 2.35429 2.67798
    endloop
  endfacet
  facet normal -0.722765 -0.476038 0.500997
    outer loop
      vertex 101.741 2.77674 2.6
      vertex 101.736 2.8664 2.67798
      vertex 101.7 2.83899 2.6
    endloop
  endfacet
  facet normal -0.71773 -0.479318 0.505091
    outer loop
      vertex 101.741 2.77674 2.6
      vertex 102.078 2.35429 2.67798
      vertex 101.736 2.8664 2.67798
    endloop
  endfacet
  facet normal -0.719927 -0.482151 0.499235
    outer loop
      vertex 102.078 2.35429 2.67798
      vertex 101.741 2.77674 2.6
      vertex 102.039 2.33178 2.6
    endloop
  endfacet
  facet normal -0.997842 -0.0656672 0
    outer loop
      vertex 103.239 0 4.65663
      vertex 103.194 0.683795 5
      vertex 103.194 0.683795 4.65663
    endloop
  endfacet
  facet normal -0.997842 -0.0656672 0
    outer loop
      vertex 103.194 0.683795 5
      vertex 103.239 0 4.65663
      vertex 103.239 0 5
    endloop
  endfacet
  facet normal -0.96413 -0.0624037 0.257989
    outer loop
      vertex 102.971 0 3.31244
      vertex 103.105 0.672095 3.97578
      vertex 102.929 0.648895 3.31244
    endloop
  endfacet
  facet normal -0.947686 -0.187932 0.258017
    outer loop
      vertex 103.105 0.672095 3.97578
      vertex 102.974 1.33269 3.97578
      vertex 102.929 0.648895 3.31244
    endloop
  endfacet
  facet normal 0.438513 -0.889237 0.130247
    outer loop
      vertex 96.0295 4.75717 3.97578
      vertex 95.9952 4.83998 4.65663
      vertex 95.3806 4.5369 4.65663
    endloop
  endfacet
  facet normal 0.44228 -0.896877 0
    outer loop
      vertex 95.3806 4.5369 4.65663
      vertex 95.9952 4.83998 5
      vertex 95.3806 4.5369 5
    endloop
  endfacet
  facet normal 0.44228 -0.896877 0
    outer loop
      vertex 95.9952 4.83998 5
      vertex 95.3806 4.5369 4.65663
      vertex 95.9952 4.83998 4.65663
    endloop
  endfacet
  facet normal 0.536709 -0.803251 0.258326
    outer loop
      vertex 95.5143 4.30534 3.31244
      vertex 95.4254 4.45927 3.97578
      vertex 94.9736 3.94406 3.31244
    endloop
  endfacet
  facet normal 0.536737 -0.803241 0.258299
    outer loop
      vertex 94.9736 3.94406 3.31244
      vertex 95.4254 4.45927 3.97578
      vertex 94.8654 4.08507 3.97578
    endloop
  endfacet
  facet normal -0.831273 0.555865 0
    outer loop
      vertex 102.156 -3.18915 4.65663
      vertex 102.537 -2.61938 5
      vertex 102.537 -2.61938 4.65663
    endloop
  endfacet
  facet normal -0.831273 0.555865 0
    outer loop
      vertex 102.537 -2.61938 5
      vertex 102.156 -3.18915 4.65663
      vertex 102.156 -3.18915 5
    endloop
  endfacet
  facet normal 0.87516 0.296957 0.381984
    outer loop
      vertex 93.6498 -1.8019 2.67798
      vertex 93.4519 -1.21867 2.67798
      vertex 93.407 -1.90247 3.31244
    endloop
  endfacet
  facet normal 0.96396 0.063284 0.258411
    outer loop
      vertex 93.0712 -0.648895 3.31244
      vertex 93.0286 0 3.31244
      vertex 92.8949 -0.672095 3.97578
    endloop
  endfacet
  facet normal 0.914813 0.310494 0.258282
    outer loop
      vertex 93.2428 -1.97048 3.97578
      vertex 93.407 -1.90247 3.31244
      vertex 93.198 -1.28669 3.31244
    endloop
  endfacet
  facet normal 0.972439 0.193448 0.130155
    outer loop
      vertex 92.9398 -1.35589 4.65663
      vertex 92.8949 -0.672095 3.97578
      vertex 92.8061 -0.683795 4.65663
    endloop
  endfacet
  facet normal 0.87516 -0.296957 0.381984
    outer loop
      vertex 93.4519 1.21867 2.67798
      vertex 93.6498 1.8019 2.67798
      vertex 93.407 1.90247 3.31244
    endloop
  endfacet
  facet normal 0.828866 -0.408739 0.381987
    outer loop
      vertex 93.6498 1.8019 2.67798
      vertex 93.9222 2.35429 2.67798
      vertex 93.407 1.90247 3.31244
    endloop
  endfacet
  facet normal 0.864806 0.0567177 0.498893
    outer loop
      vertex 93.3763 -0.608716 2.6
      vertex 93.3714 -0.534003 2.6
      vertex 93.3317 -0.614593 2.67798
    endloop
  endfacet
  facet normal 0.864738 0.0566773 0.499015
    outer loop
      vertex 93.2914 0 2.67798
      vertex 93.3714 -0.534003 2.6
      vertex 93.3364 0 2.6
    endloop
  endfacet
  facet normal 0.864811 0.0567073 0.498885
    outer loop
      vertex 93.3714 -0.534003 2.6
      vertex 93.2914 0 2.67798
      vertex 93.3317 -0.614593 2.67798
    endloop
  endfacet
  facet normal 0.777173 0.383089 0.499244
    outer loop
      vertex 93.7245 -1.85182 2.6
      vertex 93.6914 -1.78467 2.6
      vertex 93.6498 -1.8019 2.67798
    endloop
  endfacet
  facet normal -0.989295 -0.0647661 0.130773
    outer loop
      vertex 103.149 0 3.97578
      vertex 103.239 0 4.65663
      vertex 103.105 0.672095 3.97578
    endloop
  endfacet
  facet normal -0.989295 0.0647661 0.130773
    outer loop
      vertex 103.239 0 4.65663
      vertex 103.149 0 3.97578
      vertex 103.105 -0.672095 3.97578
    endloop
  endfacet
  facet normal 0.989351 0.0647698 0.130344
    outer loop
      vertex 92.8949 -0.672095 3.97578
      vertex 92.8509 0 3.97578
      vertex 92.7612 0 4.65663
    endloop
  endfacet
  facet normal 0.989351 -0.0647698 0.130344
    outer loop
      vertex 92.8509 0 3.97578
      vertex 92.8949 0.672095 3.97578
      vertex 92.7612 0 4.65663
    endloop
  endfacet
  facet normal 0.92221 0.0605432 0.381919
    outer loop
      vertex 93.0712 -0.648895 3.31244
      vertex 93.3317 -0.614593 2.67798
      vertex 93.0286 0 3.31244
    endloop
  endfacet
  facet normal 0.947516 0.188376 0.25832
    outer loop
      vertex 93.198 -1.28669 3.31244
      vertex 93.0712 -0.648895 3.31244
      vertex 93.0263 -1.33269 3.97578
    endloop
  endfacet
  facet normal 0.777173 -0.383089 0.499244
    outer loop
      vertex 93.6914 1.78467 2.6
      vertex 93.7245 1.85182 2.6
      vertex 93.6498 1.8019 2.67798
    endloop
  endfacet
  facet normal 0.864806 -0.0567177 0.498893
    outer loop
      vertex 93.3714 0.534003 2.6
      vertex 93.3763 0.608716 2.6
      vertex 93.3317 0.614593 2.67798
    endloop
  endfacet
  facet normal 0.72103 0.480686 0.499056
    outer loop
      vertex 94.2644 -2.8664 2.67798
      vertex 94.3001 -2.83899 2.6
      vertex 94.2586 -2.77674 2.6
    endloop
  endfacet
  facet normal 0.720364 0.481473 0.499258
    outer loop
      vertex 93.9222 -2.35429 2.67798
      vertex 94.2586 -2.77674 2.6
      vertex 93.9612 -2.33178 2.6
    endloop
  endfacet
  facet normal 0.720181 0.481236 0.499751
    outer loop
      vertex 94.2586 -2.77674 2.6
      vertex 93.9222 -2.35429 2.67798
      vertex 94.2644 -2.8664 2.67798
    endloop
  endfacet
  facet normal -0.6595 0.751704 0
    outer loop
      vertex 101.704 -3.70436 4.65663
      vertex 101.189 -4.15619 5
      vertex 101.704 -3.70436 5
    endloop
  endfacet
  facet normal -0.6595 0.751704 0
    outer loop
      vertex 101.189 -4.15619 5
      vertex 101.704 -3.70436 4.65663
      vertex 101.189 -4.15619 4.65663
    endloop
  endfacet
  facet normal 0.914791 0.310529 0.25832
    outer loop
      vertex 93.2428 -1.97048 3.97578
      vertex 93.198 -1.28669 3.31244
      vertex 93.0263 -1.33269 3.97578
    endloop
  endfacet
  facet normal 0.938877 0.318705 0.130141
    outer loop
      vertex 93.2428 -1.97048 3.97578
      vertex 93.0263 -1.33269 3.97578
      vertex 92.9398 -1.35589 4.65663
    endloop
  endfacet
  facet normal 0.947474 0.188464 0.258407
    outer loop
      vertex 93.0263 -1.33269 3.97578
      vertex 93.0712 -0.648895 3.31244
      vertex 92.8949 -0.672095 3.97578
    endloop
  endfacet
  facet normal 0.964015 0.0631111 0.258247
    outer loop
      vertex 92.8949 -0.672095 3.97578
      vertex 93.0286 0 3.31244
      vertex 92.8509 0 3.97578
    endloop
  endfacet
  facet normal 0.906427 0.180362 0.381917
    outer loop
      vertex 93.4519 -1.21867 2.67798
      vertex 93.3317 -0.614593 2.67798
      vertex 93.0712 -0.648895 3.31244
    endloop
  endfacet
  facet normal 0.906404 0.180202 0.382047
    outer loop
      vertex 93.198 -1.28669 3.31244
      vertex 93.4519 -1.21867 2.67798
      vertex 93.0712 -0.648895 3.31244
    endloop
  endfacet
  facet normal -0.980778 -0.195125 0
    outer loop
      vertex 103.205 0.685262 5
      vertex 103.071 1.3588 16
      vertex 103.071 1.3588 5
    endloop
  endfacet
  facet normal -0.980778 -0.195125 0
    outer loop
      vertex 103.071 1.3588 16
      vertex 103.205 0.685262 5
      vertex 103.205 0.685262 16
    endloop
  endfacet
  facet normal -0.997851 -0.0655272 0
    outer loop
      vertex 103.25 0 5
      vertex 103.205 0.685262 16
      vertex 103.205 0.685262 5
    endloop
  endfacet
  facet normal -0.997851 -0.0655272 0
    outer loop
      vertex 103.205 0.685262 16
      vertex 103.25 0 5
      vertex 103.25 0 16
    endloop
  endfacet
  facet normal -0.321475 -0.946918 0
    outer loop
      vertex 99.3588 5.07111 5
      vertex 100.009 4.85037 16
      vertex 99.3588 5.07111 16
    endloop
  endfacet
  facet normal -0.321475 -0.946918 -0
    outer loop
      vertex 100.009 4.85037 16
      vertex 99.3588 5.07111 5
      vertex 100.009 4.85037 5
    endloop
  endfacet
  facet normal -0.55557 0.83147 0
    outer loop
      vertex 101.196 -4.1651 5
      vertex 100.625 -4.54663 16
      vertex 101.196 -4.1651 16
    endloop
  endfacet
  facet normal -0.55557 0.83147 0
    outer loop
      vertex 100.625 -4.54663 16
      vertex 101.196 -4.1651 5
      vertex 100.625 -4.54663 5
    endloop
  endfacet
  facet normal -0.659568 -0.751645 0
    outer loop
      vertex 101.196 4.1651 5
      vertex 101.712 3.71231 16
      vertex 101.196 4.1651 16
    endloop
  endfacet
  facet normal -0.659568 -0.751645 -0
    outer loop
      vertex 101.712 3.71231 16
      vertex 101.196 4.1651 5
      vertex 101.712 3.71231 5
    endloop
  endfacet
  facet normal 0.195094 0.980785 -0
    outer loop
      vertex 97.3147 -5.20508 5
      vertex 96.6412 -5.07111 16
      vertex 97.3147 -5.20508 16
    endloop
  endfacet
  facet normal 0.195094 0.980785 0
    outer loop
      vertex 96.6412 -5.07111 16
      vertex 97.3147 -5.20508 5
      vertex 96.6412 -5.07111 5
    endloop
  endfacet
  facet normal -0.751689 0.659517 0
    outer loop
      vertex 101.712 -3.71231 5
      vertex 102.165 -3.196 16
      vertex 102.165 -3.196 5
    endloop
  endfacet
  facet normal -0.751689 0.659517 0
    outer loop
      vertex 102.165 -3.196 16
      vertex 101.712 -3.71231 5
      vertex 101.712 -3.71231 16
    endloop
  endfacet
  facet normal 0.94695 -0.321382 0
    outer loop
      vertex 92.9289 1.3588 16
      vertex 93.1496 2.00909 5
      vertex 93.1496 2.00909 16
    endloop
  endfacet
  facet normal 0.94695 -0.321382 0
    outer loop
      vertex 93.1496 2.00909 5
      vertex 92.9289 1.3588 16
      vertex 92.9289 1.3588 5
    endloop
  endfacet
  facet normal -0.0654076 -0.997859 0
    outer loop
      vertex 98 5.25 5
      vertex 98.6853 5.20508 16
      vertex 98 5.25 16
    endloop
  endfacet
  facet normal -0.0654076 -0.997859 -0
    outer loop
      vertex 98.6853 5.20508 16
      vertex 98 5.25 5
      vertex 98.6853 5.20508 5
    endloop
  endfacet
  facet normal 0.32143 -0.946933 0
    outer loop
      vertex 95.9909 4.85037 5
      vertex 96.6412 5.07111 16
      vertex 95.9909 4.85037 16
    endloop
  endfacet
  facet normal 0.32143 -0.946933 0
    outer loop
      vertex 96.6412 5.07111 16
      vertex 95.9909 4.85037 5
      vertex 96.6412 5.07111 5
    endloop
  endfacet
  facet normal 0.99786 0.0653822 0
    outer loop
      vertex 92.7949 -0.685262 16
      vertex 92.75 0 5
      vertex 92.75 0 16
    endloop
  endfacet
  facet normal 0.99786 0.0653822 0
    outer loop
      vertex 92.75 0 5
      vertex 92.7949 -0.685262 16
      vertex 92.7949 -0.685262 5
    endloop
  endfacet
  facet normal 0.0654076 0.997859 -0
    outer loop
      vertex 98 -5.25 5
      vertex 97.3147 -5.20508 16
      vertex 98 -5.25 16
    endloop
  endfacet
  facet normal 0.0654076 0.997859 0
    outer loop
      vertex 97.3147 -5.20508 16
      vertex 98 -5.25 5
      vertex 97.3147 -5.20508 5
    endloop
  endfacet
  facet normal -0.997851 0.0655272 0
    outer loop
      vertex 103.205 -0.685262 5
      vertex 103.25 0 16
      vertex 103.25 0 5
    endloop
  endfacet
  facet normal -0.997851 0.0655272 0
    outer loop
      vertex 103.25 0 16
      vertex 103.205 -0.685262 5
      vertex 103.205 -0.685262 16
    endloop
  endfacet
  facet normal -0.751689 -0.659517 0
    outer loop
      vertex 102.165 3.196 5
      vertex 101.712 3.71231 16
      vertex 101.712 3.71231 5
    endloop
  endfacet
  facet normal -0.751689 -0.659517 0
    outer loop
      vertex 101.712 3.71231 16
      vertex 102.165 3.196 5
      vertex 102.165 3.196 16
    endloop
  endfacet
  facet normal 0.94695 0.321382 0
    outer loop
      vertex 93.1496 -2.00909 16
      vertex 92.9289 -1.3588 5
      vertex 92.9289 -1.3588 16
    endloop
  endfacet
  facet normal 0.94695 0.321382 0
    outer loop
      vertex 92.9289 -1.3588 5
      vertex 93.1496 -2.00909 16
      vertex 93.1496 -2.00909 5
    endloop
  endfacet
  facet normal 0.980778 0.195125 0
    outer loop
      vertex 92.9289 -1.3588 16
      vertex 92.7949 -0.685262 5
      vertex 92.7949 -0.685262 16
    endloop
  endfacet
  facet normal 0.980778 0.195125 0
    outer loop
      vertex 92.7949 -0.685262 5
      vertex 92.9289 -1.3588 16
      vertex 92.9289 -1.3588 5
    endloop
  endfacet
  facet normal -0.195094 -0.980785 0
    outer loop
      vertex 98.6853 5.20508 5
      vertex 99.3588 5.07111 16
      vertex 98.6853 5.20508 16
    endloop
  endfacet
  facet normal -0.195094 -0.980785 -0
    outer loop
      vertex 99.3588 5.07111 16
      vertex 98.6853 5.20508 5
      vertex 99.3588 5.07111 5
    endloop
  endfacet
  facet normal 0.751834 0.659353 0
    outer loop
      vertex 94.2877 -3.71231 16
      vertex 93.8349 -3.196 5
      vertex 93.8349 -3.196 16
    endloop
  endfacet
  facet normal 0.751834 0.659353 0
    outer loop
      vertex 93.8349 -3.196 5
      vertex 94.2877 -3.71231 16
      vertex 94.2877 -3.71231 5
    endloop
  endfacet
  facet normal 0.659352 -0.751835 0
    outer loop
      vertex 94.2877 3.71231 5
      vertex 94.804 4.1651 16
      vertex 94.2877 3.71231 16
    endloop
  endfacet
  facet normal 0.659352 -0.751835 0
    outer loop
      vertex 94.804 4.1651 16
      vertex 94.2877 3.71231 5
      vertex 94.804 4.1651 5
    endloop
  endfacet
  facet normal 0.896834 -0.442367 0
    outer loop
      vertex 93.1496 2.00909 16
      vertex 93.4534 2.625 5
      vertex 93.4534 2.625 16
    endloop
  endfacet
  facet normal 0.896834 -0.442367 0
    outer loop
      vertex 93.4534 2.625 5
      vertex 93.1496 2.00909 16
      vertex 93.1496 2.00909 5
    endloop
  endfacet
  facet normal -0.831153 0.556043 0
    outer loop
      vertex 102.165 -3.196 5
      vertex 102.547 -2.625 16
      vertex 102.547 -2.625 5
    endloop
  endfacet
  facet normal -0.831153 0.556043 0
    outer loop
      vertex 102.547 -2.625 16
      vertex 102.165 -3.196 5
      vertex 102.165 -3.196 16
    endloop
  endfacet
  facet normal -0.831153 -0.556043 0
    outer loop
      vertex 102.547 2.625 5
      vertex 102.165 3.196 16
      vertex 102.165 3.196 5
    endloop
  endfacet
  facet normal -0.831153 -0.556043 0
    outer loop
      vertex 102.165 3.196 16
      vertex 102.547 2.625 5
      vertex 102.547 2.625 16
    endloop
  endfacet
  facet normal 0.751834 -0.659353 0
    outer loop
      vertex 93.8349 3.196 16
      vertex 94.2877 3.71231 5
      vertex 94.2877 3.71231 16
    endloop
  endfacet
  facet normal 0.751834 -0.659353 0
    outer loop
      vertex 94.2877 3.71231 5
      vertex 93.8349 3.196 16
      vertex 93.8349 3.196 5
    endloop
  endfacet
  facet normal -0.659568 0.751645 0
    outer loop
      vertex 101.712 -3.71231 5
      vertex 101.196 -4.1651 16
      vertex 101.712 -3.71231 16
    endloop
  endfacet
  facet normal -0.659568 0.751645 0
    outer loop
      vertex 101.196 -4.1651 16
      vertex 101.712 -3.71231 5
      vertex 101.196 -4.1651 5
    endloop
  endfacet
  facet normal 0.83149 0.55554 0
    outer loop
      vertex 93.8349 -3.196 16
      vertex 93.4534 -2.625 5
      vertex 93.4534 -2.625 16
    endloop
  endfacet
  facet normal 0.83149 0.55554 0
    outer loop
      vertex 93.4534 -2.625 5
      vertex 93.8349 -3.196 16
      vertex 93.8349 -3.196 5
    endloop
  endfacet
  facet normal 0.195094 -0.980785 0
    outer loop
      vertex 96.6412 5.07111 5
      vertex 97.3147 5.20508 16
      vertex 96.6412 5.07111 16
    endloop
  endfacet
  facet normal 0.195094 -0.980785 0
    outer loop
      vertex 97.3147 5.20508 16
      vertex 96.6412 5.07111 5
      vertex 97.3147 5.20508 5
    endloop
  endfacet
  facet normal -0.946816 0.321774 0
    outer loop
      vertex 102.85 -2.00909 5
      vertex 103.071 -1.3588 16
      vertex 103.071 -1.3588 5
    endloop
  endfacet
  facet normal -0.946816 0.321774 0
    outer loop
      vertex 103.071 -1.3588 16
      vertex 102.85 -2.00909 5
      vertex 102.85 -2.00909 16
    endloop
  endfacet
  facet normal -0.442245 -0.896894 0
    outer loop
      vertex 100.009 4.85037 5
      vertex 100.625 4.54663 16
      vertex 100.009 4.85037 16
    endloop
  endfacet
  facet normal -0.442245 -0.896894 -0
    outer loop
      vertex 100.625 4.54663 16
      vertex 100.009 4.85037 5
      vertex 100.625 4.54663 5
    endloop
  endfacet
  facet normal 0.0654076 -0.997859 0
    outer loop
      vertex 97.3147 5.20508 5
      vertex 98 5.25 16
      vertex 97.3147 5.20508 16
    endloop
  endfacet
  facet normal 0.0654076 -0.997859 0
    outer loop
      vertex 98 5.25 16
      vertex 97.3147 5.20508 5
      vertex 98 5.25 5
    endloop
  endfacet
  facet normal -0.0654076 0.997859 0
    outer loop
      vertex 98.6853 -5.20508 5
      vertex 98 -5.25 16
      vertex 98.6853 -5.20508 16
    endloop
  endfacet
  facet normal -0.0654076 0.997859 0
    outer loop
      vertex 98 -5.25 16
      vertex 98.6853 -5.20508 5
      vertex 98 -5.25 5
    endloop
  endfacet
  facet normal -0.55557 -0.83147 0
    outer loop
      vertex 100.625 4.54663 5
      vertex 101.196 4.1651 16
      vertex 100.625 4.54663 16
    endloop
  endfacet
  facet normal -0.55557 -0.83147 -0
    outer loop
      vertex 101.196 4.1651 16
      vertex 100.625 4.54663 5
      vertex 101.196 4.1651 5
    endloop
  endfacet
  facet normal 0.896834 0.442367 0
    outer loop
      vertex 93.4534 -2.625 16
      vertex 93.1496 -2.00909 5
      vertex 93.1496 -2.00909 16
    endloop
  endfacet
  facet normal 0.896834 0.442367 0
    outer loop
      vertex 93.1496 -2.00909 5
      vertex 93.4534 -2.625 16
      vertex 93.4534 -2.625 5
    endloop
  endfacet
  facet normal 0.659352 0.751835 -0
    outer loop
      vertex 94.804 -4.1651 5
      vertex 94.2877 -3.71231 16
      vertex 94.804 -4.1651 16
    endloop
  endfacet
  facet normal 0.659352 0.751835 0
    outer loop
      vertex 94.2877 -3.71231 16
      vertex 94.804 -4.1651 5
      vertex 94.2877 -3.71231 5
    endloop
  endfacet
  facet normal 0.980778 -0.195125 0
    outer loop
      vertex 92.7949 0.685262 16
      vertex 92.9289 1.3588 5
      vertex 92.9289 1.3588 16
    endloop
  endfacet
  facet normal 0.980778 -0.195125 0
    outer loop
      vertex 92.9289 1.3588 5
      vertex 92.7949 0.685262 16
      vertex 92.7949 0.685262 5
    endloop
  endfacet
  facet normal -0.897296 -0.441429 0
    outer loop
      vertex 102.85 2.00909 5
      vertex 102.547 2.625 16
      vertex 102.547 2.625 5
    endloop
  endfacet
  facet normal -0.897296 -0.441429 0
    outer loop
      vertex 102.547 2.625 16
      vertex 102.85 2.00909 5
      vertex 102.85 2.00909 16
    endloop
  endfacet
  facet normal -0.195094 0.980785 0
    outer loop
      vertex 99.3588 -5.07111 5
      vertex 98.6853 -5.20508 16
      vertex 99.3588 -5.07111 16
    endloop
  endfacet
  facet normal -0.195094 0.980785 0
    outer loop
      vertex 98.6853 -5.20508 16
      vertex 99.3588 -5.07111 5
      vertex 98.6853 -5.20508 5
    endloop
  endfacet
  facet normal -0.897296 0.441429 0
    outer loop
      vertex 102.547 -2.625 5
      vertex 102.85 -2.00909 16
      vertex 102.85 -2.00909 5
    endloop
  endfacet
  facet normal -0.897296 0.441429 0
    outer loop
      vertex 102.85 -2.00909 16
      vertex 102.547 -2.625 5
      vertex 102.547 -2.625 16
    endloop
  endfacet
  facet normal -0.980778 0.195125 0
    outer loop
      vertex 103.071 -1.3588 5
      vertex 103.205 -0.685262 16
      vertex 103.205 -0.685262 5
    endloop
  endfacet
  facet normal -0.980778 0.195125 0
    outer loop
      vertex 103.205 -0.685262 16
      vertex 103.071 -1.3588 5
      vertex 103.071 -1.3588 16
    endloop
  endfacet
  facet normal 0.55557 -0.83147 0
    outer loop
      vertex 94.804 4.1651 5
      vertex 95.375 4.54663 16
      vertex 94.804 4.1651 16
    endloop
  endfacet
  facet normal 0.55557 -0.83147 0
    outer loop
      vertex 95.375 4.54663 16
      vertex 94.804 4.1651 5
      vertex 95.375 4.54663 5
    endloop
  endfacet
  facet normal -0.946816 -0.321774 0
    outer loop
      vertex 103.071 1.3588 5
      vertex 102.85 2.00909 16
      vertex 102.85 2.00909 5
    endloop
  endfacet
  facet normal -0.946816 -0.321774 0
    outer loop
      vertex 102.85 2.00909 16
      vertex 103.071 1.3588 5
      vertex 103.071 1.3588 16
    endloop
  endfacet
  facet normal -0.321475 0.946918 0
    outer loop
      vertex 100.009 -4.85037 5
      vertex 99.3588 -5.07111 16
      vertex 100.009 -4.85037 16
    endloop
  endfacet
  facet normal -0.321475 0.946918 0
    outer loop
      vertex 99.3588 -5.07111 16
      vertex 100.009 -4.85037 5
      vertex 99.3588 -5.07111 5
    endloop
  endfacet
  facet normal -0.442245 0.896894 0
    outer loop
      vertex 100.625 -4.54663 5
      vertex 100.009 -4.85037 16
      vertex 100.625 -4.54663 16
    endloop
  endfacet
  facet normal -0.442245 0.896894 0
    outer loop
      vertex 100.009 -4.85037 16
      vertex 100.625 -4.54663 5
      vertex 100.009 -4.85037 5
    endloop
  endfacet
  facet normal 0.99786 -0.0653822 0
    outer loop
      vertex 92.75 0 16
      vertex 92.7949 0.685262 5
      vertex 92.7949 0.685262 16
    endloop
  endfacet
  facet normal 0.99786 -0.0653822 0
    outer loop
      vertex 92.7949 0.685262 5
      vertex 92.75 0 16
      vertex 92.75 0 5
    endloop
  endfacet
  facet normal 0.32143 0.946933 -0
    outer loop
      vertex 96.6412 -5.07111 5
      vertex 95.9909 -4.85037 16
      vertex 96.6412 -5.07111 16
    endloop
  endfacet
  facet normal 0.32143 0.946933 0
    outer loop
      vertex 95.9909 -4.85037 16
      vertex 96.6412 -5.07111 5
      vertex 95.9909 -4.85037 5
    endloop
  endfacet
  facet normal 0.442302 -0.896866 0
    outer loop
      vertex 95.375 4.54663 5
      vertex 95.9909 4.85037 16
      vertex 95.375 4.54663 16
    endloop
  endfacet
  facet normal 0.442302 -0.896866 0
    outer loop
      vertex 95.9909 4.85037 16
      vertex 95.375 4.54663 5
      vertex 95.9909 4.85037 5
    endloop
  endfacet
  facet normal 0.83149 -0.55554 0
    outer loop
      vertex 93.4534 2.625 16
      vertex 93.8349 3.196 5
      vertex 93.8349 3.196 16
    endloop
  endfacet
  facet normal 0.83149 -0.55554 0
    outer loop
      vertex 93.8349 3.196 5
      vertex 93.4534 2.625 16
      vertex 93.4534 2.625 5
    endloop
  endfacet
  facet normal 0.442302 0.896866 -0
    outer loop
      vertex 95.9909 -4.85037 5
      vertex 95.375 -4.54663 16
      vertex 95.9909 -4.85037 16
    endloop
  endfacet
  facet normal 0.442302 0.896866 0
    outer loop
      vertex 95.375 -4.54663 16
      vertex 95.9909 -4.85037 5
      vertex 95.375 -4.54663 5
    endloop
  endfacet
  facet normal 0 0 1
    outer loop
      vertex 103.205 0.685262 5
      vertex 103.239 0 5
      vertex 103.25 0 5
    endloop
  endfacet
  facet normal 0 0 1
    outer loop
      vertex 103.205 0.685262 5
      vertex 103.194 0.683795 5
      vertex 103.239 0 5
    endloop
  endfacet
  facet normal 0 0 1
    outer loop
      vertex 103.071 1.3588 5
      vertex 103.194 0.683795 5
      vertex 103.205 0.685262 5
    endloop
  endfacet
  facet normal 0 0 1
    outer loop
      vertex 103.071 1.3588 5
      vertex 103.06 1.35589 5
      vertex 103.194 0.683795 5
    endloop
  endfacet
  facet normal 0 0 1
    outer loop
      vertex 102.85 2.00909 5
      vertex 103.06 1.35589 5
      vertex 103.071 1.3588 5
    endloop
  endfacet
  facet normal 0 0 1
    outer loop
      vertex 102.85 2.00909 5
      vertex 102.84 2.00479 5
      vertex 103.06 1.35589 5
    endloop
  endfacet
  facet normal 0 0 1
    outer loop
      vertex 102.547 2.625 5
      vertex 102.84 2.00479 5
      vertex 102.85 2.00909 5
    endloop
  endfacet
  facet normal 0 0 1
    outer loop
      vertex 102.547 2.625 5
      vertex 102.537 2.61938 5
      vertex 102.84 2.00479 5
    endloop
  endfacet
  facet normal 0 0 1
    outer loop
      vertex 102.165 3.196 5
      vertex 102.537 2.61938 5
      vertex 102.547 2.625 5
    endloop
  endfacet
  facet normal 0 0 1
    outer loop
      vertex 102.165 3.196 5
      vertex 102.156 3.18915 5
      vertex 102.537 2.61938 5
    endloop
  endfacet
  facet normal 0 0 1
    outer loop
      vertex 101.712 3.71231 5
      vertex 102.156 3.18915 5
      vertex 102.165 3.196 5
    endloop
  endfacet
  facet normal 0 0 1
    outer loop
      vertex 101.712 3.71231 5
      vertex 101.704 3.70436 5
      vertex 102.156 3.18915 5
    endloop
  endfacet
  facet normal 0 0 1
    outer loop
      vertex 101.196 4.1651 5
      vertex 101.704 3.70436 5
      vertex 101.712 3.71231 5
    endloop
  endfacet
  facet normal 0 0 1
    outer loop
      vertex 101.196 4.1651 5
      vertex 101.189 4.15619 5
      vertex 101.704 3.70436 5
    endloop
  endfacet
  facet normal 0 0 1
    outer loop
      vertex 100.625 4.54663 5
      vertex 101.189 4.15619 5
      vertex 101.196 4.1651 5
    endloop
  endfacet
  facet normal 0 0 1
    outer loop
      vertex 100.625 4.54663 5
      vertex 100.619 4.5369 5
      vertex 101.189 4.15619 5
    endloop
  endfacet
  facet normal 0 0 1
    outer loop
      vertex 100.009 4.85037 5
      vertex 100.619 4.5369 5
      vertex 100.625 4.54663 5
    endloop
  endfacet
  facet normal 0 0 1
    outer loop
      vertex 100.009 4.85037 5
      vertex 100.005 4.83998 5
      vertex 100.619 4.5369 5
    endloop
  endfacet
  facet normal 0 0 1
    outer loop
      vertex 99.3588 5.07111 5
      vertex 100.005 4.83998 5
      vertex 100.009 4.85037 5
    endloop
  endfacet
  facet normal 0 0 1
    outer loop
      vertex 99.3588 5.07111 5
      vertex 99.3559 5.06025 5
      vertex 100.005 4.83998 5
    endloop
  endfacet
  facet normal 0 0 1
    outer loop
      vertex 98.6853 5.20508 5
      vertex 99.3559 5.06025 5
      vertex 99.3588 5.07111 5
    endloop
  endfacet
  facet normal 0 0 1
    outer loop
      vertex 98.6853 5.20508 5
      vertex 98.6838 5.19394 5
      vertex 99.3559 5.06025 5
    endloop
  endfacet
  facet normal 0 0 1
    outer loop
      vertex 98 5.25 5
      vertex 98.6838 5.19394 5
      vertex 98.6853 5.20508 5
    endloop
  endfacet
  facet normal 0 0 1
    outer loop
      vertex 98 5.25 5
      vertex 98 5.23876 5
      vertex 98.6838 5.19394 5
    endloop
  endfacet
  facet normal 0 0 1
    outer loop
      vertex 98 5.25 5
      vertex 97.3162 5.19394 5
      vertex 98 5.23876 5
    endloop
  endfacet
  facet normal -0 0 1
    outer loop
      vertex 97.3147 5.20508 5
      vertex 97.3162 5.19394 5
      vertex 98 5.25 5
    endloop
  endfacet
  facet normal 0 0 1
    outer loop
      vertex 97.3147 5.20508 5
      vertex 96.6441 5.06025 5
      vertex 97.3162 5.19394 5
    endloop
  endfacet
  facet normal -0 0 1
    outer loop
      vertex 96.6412 5.07111 5
      vertex 96.6441 5.06025 5
      vertex 97.3147 5.20508 5
    endloop
  endfacet
  facet normal 0 0 1
    outer loop
      vertex 96.6412 5.07111 5
      vertex 95.9952 4.83998 5
      vertex 96.6441 5.06025 5
    endloop
  endfacet
  facet normal -0 0 1
    outer loop
      vertex 95.9909 4.85037 5
      vertex 95.9952 4.83998 5
      vertex 96.6412 5.07111 5
    endloop
  endfacet
  facet normal 0 0 1
    outer loop
      vertex 95.9909 4.85037 5
      vertex 95.3806 4.5369 5
      vertex 95.9952 4.83998 5
    endloop
  endfacet
  facet normal -0 0 1
    outer loop
      vertex 95.375 4.54663 5
      vertex 95.3806 4.5369 5
      vertex 95.9909 4.85037 5
    endloop
  endfacet
  facet normal 0 0 1
    outer loop
      vertex 95.375 4.54663 5
      vertex 94.8108 4.15619 5
      vertex 95.3806 4.5369 5
    endloop
  endfacet
  facet normal -0 0 1
    outer loop
      vertex 94.804 4.1651 5
      vertex 94.8108 4.15619 5
      vertex 95.375 4.54663 5
    endloop
  endfacet
  facet normal 0 0 1
    outer loop
      vertex 94.804 4.1651 5
      vertex 94.2956 3.70436 5
      vertex 94.8108 4.15619 5
    endloop
  endfacet
  facet normal -0 0 1
    outer loop
      vertex 94.2877 3.71231 5
      vertex 94.2956 3.70436 5
      vertex 94.804 4.1651 5
    endloop
  endfacet
  facet normal 0 0 1
    outer loop
      vertex 94.2877 3.71231 5
      vertex 93.8438 3.18915 5
      vertex 94.2956 3.70436 5
    endloop
  endfacet
  facet normal -0 0 1
    outer loop
      vertex 93.8349 3.196 5
      vertex 93.8438 3.18915 5
      vertex 94.2877 3.71231 5
    endloop
  endfacet
  facet normal 0 0 1
    outer loop
      vertex 93.8349 3.196 5
      vertex 93.4631 2.61938 5
      vertex 93.8438 3.18915 5
    endloop
  endfacet
  facet normal -0 0 1
    outer loop
      vertex 93.4534 2.625 5
      vertex 93.4631 2.61938 5
      vertex 93.8349 3.196 5
    endloop
  endfacet
  facet normal 0 0 1
    outer loop
      vertex 93.4534 2.625 5
      vertex 93.16 2.00479 5
      vertex 93.4631 2.61938 5
    endloop
  endfacet
  facet normal -0 0 1
    outer loop
      vertex 93.1496 2.00909 5
      vertex 93.16 2.00479 5
      vertex 93.4534 2.625 5
    endloop
  endfacet
  facet normal 0 0 1
    outer loop
      vertex 93.1496 2.00909 5
      vertex 92.9398 1.35589 5
      vertex 93.16 2.00479 5
    endloop
  endfacet
  facet normal -0 0 1
    outer loop
      vertex 92.9289 1.3588 5
      vertex 92.9398 1.35589 5
      vertex 93.1496 2.00909 5
    endloop
  endfacet
  facet normal 0 0 1
    outer loop
      vertex 92.9289 1.3588 5
      vertex 92.8061 0.683795 5
      vertex 92.9398 1.35589 5
    endloop
  endfacet
  facet normal -0 0 1
    outer loop
      vertex 92.7949 0.685262 5
      vertex 92.8061 0.683795 5
      vertex 92.9289 1.3588 5
    endloop
  endfacet
  facet normal 0 0 1
    outer loop
      vertex 92.7949 0.685262 5
      vertex 92.7612 0 5
      vertex 92.8061 0.683795 5
    endloop
  endfacet
  facet normal 0 -0 1
    outer loop
      vertex 92.7612 0 5
      vertex 92.7949 0.685262 5
      vertex 92.75 0 5
    endloop
  endfacet
  facet normal -0 0 1
    outer loop
      vertex 103.239 0 5
      vertex 103.205 -0.685262 5
      vertex 103.25 0 5
    endloop
  endfacet
  facet normal -0 0 1
    outer loop
      vertex 103.194 -0.683795 5
      vertex 103.205 -0.685262 5
      vertex 103.239 0 5
    endloop
  endfacet
  facet normal 0 0 1
    outer loop
      vertex 103.194 -0.683795 5
      vertex 103.071 -1.3588 5
      vertex 103.205 -0.685262 5
    endloop
  endfacet
  facet normal -0 0 1
    outer loop
      vertex 103.06 -1.35589 5
      vertex 103.071 -1.3588 5
      vertex 103.194 -0.683795 5
    endloop
  endfacet
  facet normal 0 0 1
    outer loop
      vertex 103.06 -1.35589 5
      vertex 102.85 -2.00909 5
      vertex 103.071 -1.3588 5
    endloop
  endfacet
  facet normal -0 0 1
    outer loop
      vertex 102.84 -2.00479 5
      vertex 102.85 -2.00909 5
      vertex 103.06 -1.35589 5
    endloop
  endfacet
  facet normal 0 0 1
    outer loop
      vertex 102.84 -2.00479 5
      vertex 102.547 -2.625 5
      vertex 102.85 -2.00909 5
    endloop
  endfacet
  facet normal -0 0 1
    outer loop
      vertex 102.537 -2.61938 5
      vertex 102.547 -2.625 5
      vertex 102.84 -2.00479 5
    endloop
  endfacet
  facet normal 0 0 1
    outer loop
      vertex 102.537 -2.61938 5
      vertex 102.165 -3.196 5
      vertex 102.547 -2.625 5
    endloop
  endfacet
  facet normal -0 0 1
    outer loop
      vertex 102.156 -3.18915 5
      vertex 102.165 -3.196 5
      vertex 102.537 -2.61938 5
    endloop
  endfacet
  facet normal 0 0 1
    outer loop
      vertex 102.156 -3.18915 5
      vertex 101.712 -3.71231 5
      vertex 102.165 -3.196 5
    endloop
  endfacet
  facet normal -0 0 1
    outer loop
      vertex 101.704 -3.70436 5
      vertex 101.712 -3.71231 5
      vertex 102.156 -3.18915 5
    endloop
  endfacet
  facet normal 0 0 1
    outer loop
      vertex 101.704 -3.70436 5
      vertex 101.196 -4.1651 5
      vertex 101.712 -3.71231 5
    endloop
  endfacet
  facet normal -0 0 1
    outer loop
      vertex 101.189 -4.15619 5
      vertex 101.196 -4.1651 5
      vertex 101.704 -3.70436 5
    endloop
  endfacet
  facet normal 0 0 1
    outer loop
      vertex 101.189 -4.15619 5
      vertex 100.625 -4.54663 5
      vertex 101.196 -4.1651 5
    endloop
  endfacet
  facet normal -0 0 1
    outer loop
      vertex 100.619 -4.5369 5
      vertex 100.625 -4.54663 5
      vertex 101.189 -4.15619 5
    endloop
  endfacet
  facet normal 0 0 1
    outer loop
      vertex 100.619 -4.5369 5
      vertex 100.009 -4.85037 5
      vertex 100.625 -4.54663 5
    endloop
  endfacet
  facet normal -0 0 1
    outer loop
      vertex 100.005 -4.83998 5
      vertex 100.009 -4.85037 5
      vertex 100.619 -4.5369 5
    endloop
  endfacet
  facet normal 0 0 1
    outer loop
      vertex 100.005 -4.83998 5
      vertex 99.3588 -5.07111 5
      vertex 100.009 -4.85037 5
    endloop
  endfacet
  facet normal -0 0 1
    outer loop
      vertex 99.3559 -5.06025 5
      vertex 99.3588 -5.07111 5
      vertex 100.005 -4.83998 5
    endloop
  endfacet
  facet normal 0 0 1
    outer loop
      vertex 99.3559 -5.06025 5
      vertex 98.6853 -5.20508 5
      vertex 99.3588 -5.07111 5
    endloop
  endfacet
  facet normal -0 0 1
    outer loop
      vertex 98.6838 -5.19394 5
      vertex 98.6853 -5.20508 5
      vertex 99.3559 -5.06025 5
    endloop
  endfacet
  facet normal 0 0 1
    outer loop
      vertex 98 -5.23876 5
      vertex 98.6853 -5.20508 5
      vertex 98.6838 -5.19394 5
    endloop
  endfacet
  facet normal -0 0 1
    outer loop
      vertex 98 -5.23876 5
      vertex 98 -5.25 5
      vertex 98.6853 -5.20508 5
    endloop
  endfacet
  facet normal 0 0 1
    outer loop
      vertex 97.3162 -5.19394 5
      vertex 98 -5.25 5
      vertex 98 -5.23876 5
    endloop
  endfacet
  facet normal 0 0 1
    outer loop
      vertex 97.3162 -5.19394 5
      vertex 97.3147 -5.20508 5
      vertex 98 -5.25 5
    endloop
  endfacet
  facet normal 0 0 1
    outer loop
      vertex 96.6441 -5.06025 5
      vertex 97.3147 -5.20508 5
      vertex 97.3162 -5.19394 5
    endloop
  endfacet
  facet normal 0 0 1
    outer loop
      vertex 96.6441 -5.06025 5
      vertex 96.6412 -5.07111 5
      vertex 97.3147 -5.20508 5
    endloop
  endfacet
  facet normal 0 0 1
    outer loop
      vertex 95.9952 -4.83998 5
      vertex 96.6412 -5.07111 5
      vertex 96.6441 -5.06025 5
    endloop
  endfacet
  facet normal 0 0 1
    outer loop
      vertex 95.9952 -4.83998 5
      vertex 95.9909 -4.85037 5
      vertex 96.6412 -5.07111 5
    endloop
  endfacet
  facet normal 0 0 1
    outer loop
      vertex 95.3806 -4.5369 5
      vertex 95.9909 -4.85037 5
      vertex 95.9952 -4.83998 5
    endloop
  endfacet
  facet normal 0 0 1
    outer loop
      vertex 95.3806 -4.5369 5
      vertex 95.375 -4.54663 5
      vertex 95.9909 -4.85037 5
    endloop
  endfacet
  facet normal 0 0 1
    outer loop
      vertex 94.8108 -4.15619 5
      vertex 95.375 -4.54663 5
      vertex 95.3806 -4.5369 5
    endloop
  endfacet
  facet normal 0 0 1
    outer loop
      vertex 94.8108 -4.15619 5
      vertex 94.804 -4.1651 5
      vertex 95.375 -4.54663 5
    endloop
  endfacet
  facet normal 0 0 1
    outer loop
      vertex 94.2956 -3.70436 5
      vertex 94.804 -4.1651 5
      vertex 94.8108 -4.15619 5
    endloop
  endfacet
  facet normal 0 0 1
    outer loop
      vertex 94.2956 -3.70436 5
      vertex 94.2877 -3.71231 5
      vertex 94.804 -4.1651 5
    endloop
  endfacet
  facet normal 0 0 1
    outer loop
      vertex 93.8438 -3.18915 5
      vertex 94.2877 -3.71231 5
      vertex 94.2956 -3.70436 5
    endloop
  endfacet
  facet normal 0 0 1
    outer loop
      vertex 93.8438 -3.18915 5
      vertex 93.8349 -3.196 5
      vertex 94.2877 -3.71231 5
    endloop
  endfacet
  facet normal 0 0 1
    outer loop
      vertex 93.4631 -2.61938 5
      vertex 93.8349 -3.196 5
      vertex 93.8438 -3.18915 5
    endloop
  endfacet
  facet normal 0 0 1
    outer loop
      vertex 93.4631 -2.61938 5
      vertex 93.4534 -2.625 5
      vertex 93.8349 -3.196 5
    endloop
  endfacet
  facet normal 0 0 1
    outer loop
      vertex 93.16 -2.00479 5
      vertex 93.4534 -2.625 5
      vertex 93.4631 -2.61938 5
    endloop
  endfacet
  facet normal 0 0 1
    outer loop
      vertex 93.16 -2.00479 5
      vertex 93.1496 -2.00909 5
      vertex 93.4534 -2.625 5
    endloop
  endfacet
  facet normal 0 0 1
    outer loop
      vertex 92.9398 -1.35589 5
      vertex 93.1496 -2.00909 5
      vertex 93.16 -2.00479 5
    endloop
  endfacet
  facet normal 0 0 1
    outer loop
      vertex 92.9398 -1.35589 5
      vertex 92.9289 -1.3588 5
      vertex 93.1496 -2.00909 5
    endloop
  endfacet
  facet normal 0 0 1
    outer loop
      vertex 92.8061 -0.683795 5
      vertex 92.9289 -1.3588 5
      vertex 92.9398 -1.35589 5
    endloop
  endfacet
  facet normal 0 0 1
    outer loop
      vertex 92.8061 -0.683795 5
      vertex 92.7949 -0.685262 5
      vertex 92.9289 -1.3588 5
    endloop
  endfacet
  facet normal 0 0 1
    outer loop
      vertex 92.7612 0 5
      vertex 92.7949 -0.685262 5
      vertex 92.8061 -0.683795 5
    endloop
  endfacet
  facet normal 0 0 1
    outer loop
      vertex 92.7949 -0.685262 5
      vertex 92.7612 0 5
      vertex 92.75 0 5
    endloop
  endfacet
  facet normal 0.55557 0.83147 -0
    outer loop
      vertex 95.375 -4.54663 5
      vertex 94.804 -4.1651 16
      vertex 95.375 -4.54663 16
    endloop
  endfacet
  facet normal 0.55557 0.83147 0
    outer loop
      vertex 94.804 -4.1651 16
      vertex 95.375 -4.54663 5
      vertex 94.804 -4.1651 5
    endloop
  endfacet
  facet normal -1 0 0
    outer loop
      vertex 51.5 27 17.1
      vertex 51.5 29 25.1
      vertex 51.5 29 17.1
    endloop
  endfacet
  facet normal -1 -0 0
    outer loop
      vertex 51.5 29 25.1
      vertex 51.5 27 17.1
      vertex 51.5 27 25.1
    endloop
  endfacet
  facet normal 0 0 -1
    outer loop
      vertex 40.5 27 25.1
      vertex 51.5 29 25.1
      vertex 51.5 27 25.1
    endloop
  endfacet
  facet normal -0 0 -1
    outer loop
      vertex 51.5 29 25.1
      vertex 40.5 27 25.1
      vertex 40.5 29 25.1
    endloop
  endfacet
  facet normal -0 0 1
    outer loop
      vertex 40.5 29 17.1
      vertex 51.5 27 17.1
      vertex 51.5 29 17.1
    endloop
  endfacet
  facet normal 0 0 1
    outer loop
      vertex 51.5 27 17.1
      vertex 40.5 29 17.1
      vertex 40.5 27 17.1
    endloop
  endfacet
  facet normal 1 -0 0
    outer loop
      vertex 40.5 27 25.1
      vertex 40.5 29 17.1
      vertex 40.5 29 25.1
    endloop
  endfacet
  facet normal 1 0 0
    outer loop
      vertex 40.5 29 17.1
      vertex 40.5 27 25.1
      vertex 40.5 27 17.1
    endloop
  endfacet
  facet normal 0 0 -1
    outer loop
      vertex 0 -5 24.5
      vertex 2 5 24.5
      vertex 2 -5 24.5
    endloop
  endfacet
  facet normal -0 0 -1
    outer loop
      vertex 2 5 24.5
      vertex 0 -5 24.5
      vertex 0 5 24.5
    endloop
  endfacet
  facet normal -0 0 1
    outer loop
      vertex 0 5 19.5
      vertex 2 -5 19.5
      vertex 2 5 19.5
    endloop
  endfacet
  facet normal 0 0 1
    outer loop
      vertex 2 -5 19.5
      vertex 0 5 19.5
      vertex 0 -5 19.5
    endloop
  endfacet
  facet normal 0 -1 0
    outer loop
      vertex 0 5 19.5
      vertex 2 5 24.5
      vertex 0 5 24.5
    endloop
  endfacet
  facet normal 0 -1 -0
    outer loop
      vertex 2 5 24.5
      vertex 0 5 19.5
      vertex 2 5 19.5
    endloop
  endfacet
  facet normal 0 1 -0
    outer loop
      vertex 2 -5 19.5
      vertex 0 -5 24.5
      vertex 2 -5 24.5
    endloop
  endfacet
  facet normal 0 1 0
    outer loop
      vertex 0 -5 24.5
      vertex 2 -5 19.5
      vertex 0 -5 19.5
    endloop
  endfacet
  facet normal 0.980813 0.19495 0
    outer loop
      vertex 27.1022 -0.776457 12
      vertex 27.0257 -0.391578 10
      vertex 27.0257 -0.391578 12
    endloop
  endfacet
  facet normal 0.980813 0.19495 0
    outer loop
      vertex 27.0257 -0.391578 10
      vertex 27.1022 -0.776457 12
      vertex 27.1022 -0.776457 10
    endloop
  endfacet
  facet normal -0.659392 -0.751799 0
    outer loop
      vertex 31.8263 2.38006 10
      vertex 32.1213 2.12132 12
      vertex 31.8263 2.38006 12
    endloop
  endfacet
  facet normal -0.659392 -0.751799 -0
    outer loop
      vertex 32.1213 2.12132 12
      vertex 31.8263 2.38006 10
      vertex 32.1213 2.12132 10
    endloop
  endfacet
  facet normal -0.946883 0.321579 0
    outer loop
      vertex 32.7716 -1.14805 10
      vertex 32.8978 -0.776457 12
      vertex 32.8978 -0.776457 10
    endloop
  endfacet
  facet normal -0.946883 0.321579 0
    outer loop
      vertex 32.8978 -0.776457 12
      vertex 32.7716 -1.14805 10
      vertex 32.7716 -1.14805 12
    endloop
  endfacet
  facet normal -0.831485 0.555547 0
    outer loop
      vertex 32.3801 -1.82628 10
      vertex 32.5981 -1.5 12
      vertex 32.5981 -1.5 10
    endloop
  endfacet
  facet normal -0.831485 0.555547 0
    outer loop
      vertex 32.5981 -1.5 12
      vertex 32.3801 -1.82628 10
      vertex 32.3801 -1.82628 12
    endloop
  endfacet
  facet normal -0.659392 0.751799 0
    outer loop
      vertex 32.1213 -2.12132 10
      vertex 31.8263 -2.38006 12
      vertex 32.1213 -2.12132 12
    endloop
  endfacet
  facet normal -0.659392 0.751799 0
    outer loop
      vertex 31.8263 -2.38006 12
      vertex 32.1213 -2.12132 10
      vertex 31.8263 -2.38006 10
    endloop
  endfacet
  facet normal 0.659392 -0.751799 0
    outer loop
      vertex 27.8787 2.12132 10
      vertex 28.1737 2.38006 12
      vertex 27.8787 2.12132 12
    endloop
  endfacet
  facet normal 0.659392 -0.751799 0
    outer loop
      vertex 28.1737 2.38006 12
      vertex 27.8787 2.12132 10
      vertex 28.1737 2.38006 10
    endloop
  endfacet
  facet normal -0.997853 -0.065491 0
    outer loop
      vertex 33 0 10
      vertex 32.9743 0.391578 12
      vertex 32.9743 0.391578 10
    endloop
  endfacet
  facet normal -0.997853 -0.065491 0
    outer loop
      vertex 32.9743 0.391578 12
      vertex 33 0 10
      vertex 33 0 12
    endloop
  endfacet
  facet normal 0.751768 -0.659428 0
    outer loop
      vertex 27.6199 1.82628 12
      vertex 27.8787 2.12132 10
      vertex 27.8787 2.12132 12
    endloop
  endfacet
  facet normal 0.751768 -0.659428 0
    outer loop
      vertex 27.8787 2.12132 10
      vertex 27.6199 1.82628 12
      vertex 27.6199 1.82628 10
    endloop
  endfacet
  facet normal -0.831485 -0.555547 0
    outer loop
      vertex 32.5981 1.5 10
      vertex 32.3801 1.82628 12
      vertex 32.3801 1.82628 10
    endloop
  endfacet
  facet normal -0.831485 -0.555547 0
    outer loop
      vertex 32.3801 1.82628 12
      vertex 32.5981 1.5 10
      vertex 32.5981 1.5 12
    endloop
  endfacet
  facet normal -0.195062 -0.980791 0
    outer loop
      vertex 30.3916 2.97433 10
      vertex 30.7765 2.89778 12
      vertex 30.3916 2.97433 12
    endloop
  endfacet
  facet normal -0.195062 -0.980791 -0
    outer loop
      vertex 30.7765 2.89778 12
      vertex 30.3916 2.97433 10
      vertex 30.7765 2.89778 10
    endloop
  endfacet
  facet normal 0.195062 -0.980791 0
    outer loop
      vertex 29.2235 2.89778 10
      vertex 29.6084 2.97433 12
      vertex 29.2235 2.89778 12
    endloop
  endfacet
  facet normal 0.195062 -0.980791 0
    outer loop
      vertex 29.6084 2.97433 12
      vertex 29.2235 2.89778 10
      vertex 29.6084 2.97433 10
    endloop
  endfacet
  facet normal -0.980813 -0.19495 0
    outer loop
      vertex 32.9743 0.391578 10
      vertex 32.8978 0.776457 12
      vertex 32.8978 0.776457 10
    endloop
  endfacet
  facet normal -0.980813 -0.19495 0
    outer loop
      vertex 32.8978 0.776457 12
      vertex 32.9743 0.391578 10
      vertex 32.9743 0.391578 12
    endloop
  endfacet
  facet normal -0.896936 -0.44216 0
    outer loop
      vertex 32.7716 1.14805 10
      vertex 32.5981 1.5 12
      vertex 32.5981 1.5 10
    endloop
  endfacet
  facet normal -0.896936 -0.44216 0
    outer loop
      vertex 32.5981 1.5 12
      vertex 32.7716 1.14805 10
      vertex 32.7716 1.14805 12
    endloop
  endfacet
  facet normal 0.442334 -0.89685 0
    outer loop
      vertex 28.5 2.59808 10
      vertex 28.8519 2.77164 12
      vertex 28.5 2.59808 12
    endloop
  endfacet
  facet normal 0.442334 -0.89685 0
    outer loop
      vertex 28.8519 2.77164 12
      vertex 28.5 2.59808 10
      vertex 28.8519 2.77164 10
    endloop
  endfacet
  facet normal -0.555558 -0.831477 0
    outer loop
      vertex 31.5 2.59808 10
      vertex 31.8263 2.38006 12
      vertex 31.5 2.59808 12
    endloop
  endfacet
  facet normal -0.555558 -0.831477 -0
    outer loop
      vertex 31.8263 2.38006 12
      vertex 31.5 2.59808 10
      vertex 31.8263 2.38006 10
    endloop
  endfacet
  facet normal 0.997853 0.065491 0
    outer loop
      vertex 27.0257 -0.391578 12
      vertex 27 0 10
      vertex 27 0 12
    endloop
  endfacet
  facet normal 0.997853 0.065491 0
    outer loop
      vertex 27 0 10
      vertex 27.0257 -0.391578 12
      vertex 27.0257 -0.391578 10
    endloop
  endfacet
  facet normal -0.0654112 0.997858 0
    outer loop
      vertex 30.3916 -2.97433 10
      vertex 30 -3 12
      vertex 30.3916 -2.97433 12
    endloop
  endfacet
  facet normal -0.0654112 0.997858 0
    outer loop
      vertex 30 -3 12
      vertex 30.3916 -2.97433 10
      vertex 30 -3 10
    endloop
  endfacet
  facet normal -0.896936 0.44216 0
    outer loop
      vertex 32.5981 -1.5 10
      vertex 32.7716 -1.14805 12
      vertex 32.7716 -1.14805 10
    endloop
  endfacet
  facet normal -0.896936 0.44216 0
    outer loop
      vertex 32.7716 -1.14805 12
      vertex 32.5981 -1.5 10
      vertex 32.5981 -1.5 12
    endloop
  endfacet
  facet normal -0.195062 0.980791 0
    outer loop
      vertex 30.7765 -2.89778 10
      vertex 30.3916 -2.97433 12
      vertex 30.7765 -2.89778 12
    endloop
  endfacet
  facet normal -0.195062 0.980791 0
    outer loop
      vertex 30.3916 -2.97433 12
      vertex 30.7765 -2.89778 10
      vertex 30.3916 -2.97433 10
    endloop
  endfacet
  facet normal -0.946883 -0.321579 0
    outer loop
      vertex 32.8978 0.776457 10
      vertex 32.7716 1.14805 12
      vertex 32.7716 1.14805 10
    endloop
  endfacet
  facet normal -0.946883 -0.321579 0
    outer loop
      vertex 32.7716 1.14805 12
      vertex 32.8978 0.776457 10
      vertex 32.8978 0.776457 12
    endloop
  endfacet
  facet normal -0.997853 0.065491 0
    outer loop
      vertex 32.9743 -0.391578 10
      vertex 33 0 12
      vertex 33 0 10
    endloop
  endfacet
  facet normal -0.997853 0.065491 0
    outer loop
      vertex 33 0 12
      vertex 32.9743 -0.391578 10
      vertex 32.9743 -0.391578 12
    endloop
  endfacet
  facet normal 0.946883 -0.321579 0
    outer loop
      vertex 27.1022 0.776457 12
      vertex 27.2284 1.14805 10
      vertex 27.2284 1.14805 12
    endloop
  endfacet
  facet normal 0.946883 -0.321579 0
    outer loop
      vertex 27.2284 1.14805 10
      vertex 27.1022 0.776457 12
      vertex 27.1022 0.776457 10
    endloop
  endfacet
  facet normal -0.442233 0.8969 0
    outer loop
      vertex 31.5 -2.59808 10
      vertex 31.148 -2.77164 12
      vertex 31.5 -2.59808 12
    endloop
  endfacet
  facet normal -0.442233 0.8969 0
    outer loop
      vertex 31.148 -2.77164 12
      vertex 31.5 -2.59808 10
      vertex 31.148 -2.77164 10
    endloop
  endfacet
  facet normal 0.0654112 -0.997858 0
    outer loop
      vertex 29.6084 2.97433 10
      vertex 30 3 12
      vertex 29.6084 2.97433 12
    endloop
  endfacet
  facet normal 0.0654112 -0.997858 0
    outer loop
      vertex 30 3 12
      vertex 29.6084 2.97433 10
      vertex 30 3 10
    endloop
  endfacet
  facet normal 0.896936 0.44216 0
    outer loop
      vertex 27.4019 -1.5 12
      vertex 27.2284 -1.14805 10
      vertex 27.2284 -1.14805 12
    endloop
  endfacet
  facet normal 0.896936 0.44216 0
    outer loop
      vertex 27.2284 -1.14805 10
      vertex 27.4019 -1.5 12
      vertex 27.4019 -1.5 10
    endloop
  endfacet
  facet normal 0.0654112 0.997858 -0
    outer loop
      vertex 30 -3 10
      vertex 29.6084 -2.97433 12
      vertex 30 -3 12
    endloop
  endfacet
  facet normal 0.0654112 0.997858 0
    outer loop
      vertex 29.6084 -2.97433 12
      vertex 30 -3 10
      vertex 29.6084 -2.97433 10
    endloop
  endfacet
  facet normal -0.751768 -0.659428 0
    outer loop
      vertex 32.3801 1.82628 10
      vertex 32.1213 2.12132 12
      vertex 32.1213 2.12132 10
    endloop
  endfacet
  facet normal -0.751768 -0.659428 0
    outer loop
      vertex 32.1213 2.12132 12
      vertex 32.3801 1.82628 10
      vertex 32.3801 1.82628 12
    endloop
  endfacet
  facet normal -0.442233 -0.8969 0
    outer loop
      vertex 31.148 2.77164 10
      vertex 31.5 2.59808 12
      vertex 31.148 2.77164 12
    endloop
  endfacet
  facet normal -0.442233 -0.8969 -0
    outer loop
      vertex 31.5 2.59808 12
      vertex 31.148 2.77164 10
      vertex 31.5 2.59808 10
    endloop
  endfacet
  facet normal 0.321437 -0.946931 0
    outer loop
      vertex 28.8519 2.77164 10
      vertex 29.2235 2.89778 12
      vertex 28.8519 2.77164 12
    endloop
  endfacet
  facet normal 0.321437 -0.946931 0
    outer loop
      vertex 29.2235 2.89778 12
      vertex 28.8519 2.77164 10
      vertex 29.2235 2.89778 10
    endloop
  endfacet
  facet normal 0.946883 0.321579 0
    outer loop
      vertex 27.2284 -1.14805 12
      vertex 27.1022 -0.776457 10
      vertex 27.1022 -0.776457 12
    endloop
  endfacet
  facet normal 0.946883 0.321579 0
    outer loop
      vertex 27.1022 -0.776457 10
      vertex 27.2284 -1.14805 12
      vertex 27.2284 -1.14805 10
    endloop
  endfacet
  facet normal 0.997853 -0.065491 0
    outer loop
      vertex 27 0 12
      vertex 27.0257 0.391578 10
      vertex 27.0257 0.391578 12
    endloop
  endfacet
  facet normal 0.997853 -0.065491 0
    outer loop
      vertex 27.0257 0.391578 10
      vertex 27 0 12
      vertex 27 0 10
    endloop
  endfacet
  facet normal -0.321514 -0.946905 0
    outer loop
      vertex 30.7765 2.89778 10
      vertex 31.148 2.77164 12
      vertex 30.7765 2.89778 12
    endloop
  endfacet
  facet normal -0.321514 -0.946905 -0
    outer loop
      vertex 31.148 2.77164 12
      vertex 30.7765 2.89778 10
      vertex 31.148 2.77164 10
    endloop
  endfacet
  facet normal 0.980813 -0.19495 0
    outer loop
      vertex 27.0257 0.391578 12
      vertex 27.1022 0.776457 10
      vertex 27.1022 0.776457 12
    endloop
  endfacet
  facet normal 0.980813 -0.19495 0
    outer loop
      vertex 27.1022 0.776457 10
      vertex 27.0257 0.391578 12
      vertex 27.0257 0.391578 10
    endloop
  endfacet
  facet normal -0.0654112 -0.997858 0
    outer loop
      vertex 30 3 10
      vertex 30.3916 2.97433 12
      vertex 30 3 12
    endloop
  endfacet
  facet normal -0.0654112 -0.997858 -0
    outer loop
      vertex 30.3916 2.97433 12
      vertex 30 3 10
      vertex 30.3916 2.97433 10
    endloop
  endfacet
  facet normal -0.980813 0.19495 0
    outer loop
      vertex 32.8978 -0.776457 10
      vertex 32.9743 -0.391578 12
      vertex 32.9743 -0.391578 10
    endloop
  endfacet
  facet normal -0.980813 0.19495 0
    outer loop
      vertex 32.9743 -0.391578 12
      vertex 32.8978 -0.776457 10
      vertex 32.8978 -0.776457 12
    endloop
  endfacet
  facet normal -0.321514 0.946905 0
    outer loop
      vertex 31.148 -2.77164 10
      vertex 30.7765 -2.89778 12
      vertex 31.148 -2.77164 12
    endloop
  endfacet
  facet normal -0.321514 0.946905 0
    outer loop
      vertex 30.7765 -2.89778 12
      vertex 31.148 -2.77164 10
      vertex 30.7765 -2.89778 10
    endloop
  endfacet
  facet normal -0.555558 0.831477 0
    outer loop
      vertex 31.8263 -2.38006 10
      vertex 31.5 -2.59808 12
      vertex 31.8263 -2.38006 12
    endloop
  endfacet
  facet normal -0.555558 0.831477 0
    outer loop
      vertex 31.5 -2.59808 12
      vertex 31.8263 -2.38006 10
      vertex 31.5 -2.59808 10
    endloop
  endfacet
  facet normal 0.751768 0.659428 0
    outer loop
      vertex 27.8787 -2.12132 12
      vertex 27.6199 -1.82628 10
      vertex 27.6199 -1.82628 12
    endloop
  endfacet
  facet normal 0.751768 0.659428 0
    outer loop
      vertex 27.6199 -1.82628 10
      vertex 27.8787 -2.12132 12
      vertex 27.8787 -2.12132 10
    endloop
  endfacet
  facet normal -0.751768 0.659428 0
    outer loop
      vertex 32.1213 -2.12132 10
      vertex 32.3801 -1.82628 12
      vertex 32.3801 -1.82628 10
    endloop
  endfacet
  facet normal -0.751768 0.659428 0
    outer loop
      vertex 32.3801 -1.82628 12
      vertex 32.1213 -2.12132 10
      vertex 32.1213 -2.12132 12
    endloop
  endfacet
  facet normal 0.831485 0.555547 0
    outer loop
      vertex 27.6199 -1.82628 12
      vertex 27.4019 -1.5 10
      vertex 27.4019 -1.5 12
    endloop
  endfacet
  facet normal 0.831485 0.555547 0
    outer loop
      vertex 27.4019 -1.5 10
      vertex 27.6199 -1.82628 12
      vertex 27.6199 -1.82628 10
    endloop
  endfacet
  facet normal 0.659392 0.751799 -0
    outer loop
      vertex 28.1737 -2.38006 10
      vertex 27.8787 -2.12132 12
      vertex 28.1737 -2.38006 12
    endloop
  endfacet
  facet normal 0.659392 0.751799 0
    outer loop
      vertex 27.8787 -2.12132 12
      vertex 28.1737 -2.38006 10
      vertex 27.8787 -2.12132 10
    endloop
  endfacet
  facet normal 0.555558 0.831477 -0
    outer loop
      vertex 28.5 -2.59808 10
      vertex 28.1737 -2.38006 12
      vertex 28.5 -2.59808 12
    endloop
  endfacet
  facet normal 0.555558 0.831477 0
    outer loop
      vertex 28.1737 -2.38006 12
      vertex 28.5 -2.59808 10
      vertex 28.1737 -2.38006 10
    endloop
  endfacet
  facet normal 0.555558 -0.831477 0
    outer loop
      vertex 28.1737 2.38006 10
      vertex 28.5 2.59808 12
      vertex 28.1737 2.38006 12
    endloop
  endfacet
  facet normal 0.555558 -0.831477 0
    outer loop
      vertex 28.5 2.59808 12
      vertex 28.1737 2.38006 10
      vertex 28.5 2.59808 10
    endloop
  endfacet
  facet normal 0.831485 -0.555547 0
    outer loop
      vertex 27.4019 1.5 12
      vertex 27.6199 1.82628 10
      vertex 27.6199 1.82628 12
    endloop
  endfacet
  facet normal 0.831485 -0.555547 0
    outer loop
      vertex 27.6199 1.82628 10
      vertex 27.4019 1.5 12
      vertex 27.4019 1.5 10
    endloop
  endfacet
  facet normal 0.442334 0.89685 -0
    outer loop
      vertex 28.8519 -2.77164 10
      vertex 28.5 -2.59808 12
      vertex 28.8519 -2.77164 12
    endloop
  endfacet
  facet normal 0.442334 0.89685 0
    outer loop
      vertex 28.5 -2.59808 12
      vertex 28.8519 -2.77164 10
      vertex 28.5 -2.59808 10
    endloop
  endfacet
  facet normal 0.896936 -0.44216 0
    outer loop
      vertex 27.2284 1.14805 12
      vertex 27.4019 1.5 10
      vertex 27.4019 1.5 12
    endloop
  endfacet
  facet normal 0.896936 -0.44216 0
    outer loop
      vertex 27.4019 1.5 10
      vertex 27.2284 1.14805 12
      vertex 27.2284 1.14805 10
    endloop
  endfacet
  facet normal 0.195062 0.980791 -0
    outer loop
      vertex 29.6084 -2.97433 10
      vertex 29.2235 -2.89778 12
      vertex 29.6084 -2.97433 12
    endloop
  endfacet
  facet normal 0.195062 0.980791 0
    outer loop
      vertex 29.2235 -2.89778 12
      vertex 29.6084 -2.97433 10
      vertex 29.2235 -2.89778 10
    endloop
  endfacet
  facet normal 0.321437 0.946931 -0
    outer loop
      vertex 29.2235 -2.89778 10
      vertex 28.8519 -2.77164 12
      vertex 29.2235 -2.89778 12
    endloop
  endfacet
  facet normal 0.321437 0.946931 0
    outer loop
      vertex 28.8519 -2.77164 12
      vertex 29.2235 -2.89778 10
      vertex 28.8519 -2.77164 10
    endloop
  endfacet
endsolid OpenSCAD_Model
