solid OpenSCAD_Model
  facet normal 0.9859 0.167338 0
    outer loop
      vertex 59.2411 -19.9941 7.5
      vertex 59.1848 -19.6624 2.5
      vertex 59.1848 -19.6624 7.5
    endloop
  endfacet
  facet normal 0.9859 0.167338 0
    outer loop
      vertex 59.1848 -19.6624 2.5
      vertex 59.2411 -19.9941 7.5
      vertex 59.2411 -19.9941 2.5
    endloop
  endfacet
  facet normal 0.998421 0.0561779 0
    outer loop
      vertex 59.26 -20.33 7.5
      vertex 59.2411 -19.9941 2.5
      vertex 59.2411 -19.9941 7.5
    endloop
  endfacet
  facet normal 0.998421 0.0561779 0
    outer loop
      vertex 59.2411 -19.9941 2.5
      vertex 59.26 -20.33 7.5
      vertex 59.26 -20.33 2.5
    endloop
  endfacet
  facet normal 0.960848 0.277076 0
    outer loop
      vertex 59.1848 -19.6624 7.5
      vertex 59.0916 -19.3392 2.5
      vertex 59.0916 -19.3392 7.5
    endloop
  endfacet
  facet normal 0.960848 0.277076 0
    outer loop
      vertex 59.0916 -19.3392 2.5
      vertex 59.1848 -19.6624 7.5
      vertex 59.1848 -19.6624 2.5
    endloop
  endfacet
  facet normal 0.382842 0.923814 -0
    outer loop
      vertex 57.5616 -17.6271 2.5
      vertex 57.2508 -17.4983 7.5
      vertex 57.5616 -17.6271 7.5
    endloop
  endfacet
  facet normal 0.382842 0.923814 0
    outer loop
      vertex 57.2508 -17.4983 7.5
      vertex 57.5616 -17.6271 2.5
      vertex 57.2508 -17.4983 2.5
    endloop
  endfacet
  facet normal -0.276802 0.960927 0
    outer loop
      vertex 55.5924 -17.4052 2.5
      vertex 55.2692 -17.4983 7.5
      vertex 55.5924 -17.4052 7.5
    endloop
  endfacet
  facet normal -0.276802 0.960927 0
    outer loop
      vertex 55.2692 -17.4983 7.5
      vertex 55.5924 -17.4052 2.5
      vertex 55.2692 -17.4983 2.5
    endloop
  endfacet
  facet normal 0.578677 -0.815557 0
    outer loop
      vertex 57.8561 -22.8702 2.5
      vertex 58.1305 -22.6755 7.5
      vertex 57.8561 -22.8702 7.5
    endloop
  endfacet
  facet normal 0.578677 -0.815557 0
    outer loop
      vertex 58.1305 -22.6755 7.5
      vertex 57.8561 -22.8702 2.5
      vertex 58.1305 -22.6755 2.5
    endloop
  endfacet
  facet normal -0.998421 -0.0561779 0
    outer loop
      vertex 53.2789 -20.6659 2.5
      vertex 53.26 -20.33 7.5
      vertex 53.26 -20.33 2.5
    endloop
  endfacet
  facet normal -0.998421 -0.0561779 0
    outer loop
      vertex 53.26 -20.33 7.5
      vertex 53.2789 -20.6659 2.5
      vertex 53.2789 -20.6659 7.5
    endloop
  endfacet
  facet normal -0.382483 -0.923963 0
    outer loop
      vertex 54.9583 -23.0329 2.5
      vertex 55.2692 -23.1616 7.5
      vertex 54.9583 -23.0329 7.5
    endloop
  endfacet
  facet normal -0.382483 -0.923963 -0
    outer loop
      vertex 55.2692 -23.1616 7.5
      vertex 54.9583 -23.0329 2.5
      vertex 55.2692 -23.1616 2.5
    endloop
  endfacet
  facet normal 0.923963 0.382483 0
    outer loop
      vertex 59.0916 -19.3392 7.5
      vertex 58.9629 -19.0283 2.5
      vertex 58.9629 -19.0283 7.5
    endloop
  endfacet
  facet normal 0.923963 0.382483 0
    outer loop
      vertex 58.9629 -19.0283 2.5
      vertex 59.0916 -19.3392 7.5
      vertex 59.0916 -19.3392 2.5
    endloop
  endfacet
  facet normal 0.815557 -0.578677 0
    outer loop
      vertex 58.6055 -22.2005 7.5
      vertex 58.8002 -21.9261 2.5
      vertex 58.8002 -21.9261 7.5
    endloop
  endfacet
  facet normal 0.815557 -0.578677 0
    outer loop
      vertex 58.8002 -21.9261 2.5
      vertex 58.6055 -22.2005 7.5
      vertex 58.6055 -22.2005 2.5
    endloop
  endfacet
  facet normal -0.815557 -0.578677 0
    outer loop
      vertex 53.9145 -22.2005 2.5
      vertex 53.7198 -21.9261 7.5
      vertex 53.7198 -21.9261 2.5
    endloop
  endfacet
  facet normal -0.815557 -0.578677 0
    outer loop
      vertex 53.7198 -21.9261 7.5
      vertex 53.9145 -22.2005 2.5
      vertex 53.9145 -22.2005 7.5
    endloop
  endfacet
  facet normal -0.483698 -0.875235 0
    outer loop
      vertex 54.6639 -22.8702 2.5
      vertex 54.9583 -23.0329 7.5
      vertex 54.6639 -22.8702 7.5
    endloop
  endfacet
  facet normal -0.483698 -0.875235 -0
    outer loop
      vertex 54.9583 -23.0329 7.5
      vertex 54.6639 -22.8702 2.5
      vertex 54.9583 -23.0329 2.5
    endloop
  endfacet
  facet normal 0.9859 -0.167338 0
    outer loop
      vertex 59.1848 -20.9976 7.5
      vertex 59.2411 -20.6659 2.5
      vertex 59.2411 -20.6659 7.5
    endloop
  endfacet
  facet normal 0.9859 -0.167338 0
    outer loop
      vertex 59.2411 -20.6659 2.5
      vertex 59.1848 -20.9976 7.5
      vertex 59.1848 -20.9976 2.5
    endloop
  endfacet
  facet normal 0.0561779 0.998421 -0
    outer loop
      vertex 56.5959 -17.3489 2.5
      vertex 56.26 -17.33 7.5
      vertex 56.5959 -17.3489 7.5
    endloop
  endfacet
  facet normal 0.0561779 0.998421 0
    outer loop
      vertex 56.26 -17.33 7.5
      vertex 56.5959 -17.3489 2.5
      vertex 56.26 -17.33 2.5
    endloop
  endfacet
  facet normal -0.745537 -0.666465 0
    outer loop
      vertex 54.1387 -22.4513 2.5
      vertex 53.9145 -22.2005 7.5
      vertex 53.9145 -22.2005 2.5
    endloop
  endfacet
  facet normal -0.745537 -0.666465 0
    outer loop
      vertex 53.9145 -22.2005 7.5
      vertex 54.1387 -22.4513 2.5
      vertex 54.1387 -22.4513 7.5
    endloop
  endfacet
  facet normal -0.923857 0.382737 0
    outer loop
      vertex 53.4283 -19.3392 2.5
      vertex 53.5571 -19.0283 7.5
      vertex 53.5571 -19.0283 2.5
    endloop
  endfacet
  facet normal -0.923857 0.382737 0
    outer loop
      vertex 53.5571 -19.0283 7.5
      vertex 53.4283 -19.3392 2.5
      vertex 53.4283 -19.3392 7.5
    endloop
  endfacet
  facet normal -0.0561779 -0.998421 0
    outer loop
      vertex 55.9241 -23.3111 2.5
      vertex 56.26 -23.33 7.5
      vertex 55.9241 -23.3111 7.5
    endloop
  endfacet
  facet normal -0.0561779 -0.998421 -0
    outer loop
      vertex 56.26 -23.33 7.5
      vertex 55.9241 -23.3111 2.5
      vertex 56.26 -23.33 2.5
    endloop
  endfacet
  facet normal -0.578677 0.815557 0
    outer loop
      vertex 54.6639 -17.7898 2.5
      vertex 54.3895 -17.9845 7.5
      vertex 54.6639 -17.7898 7.5
    endloop
  endfacet
  facet normal -0.578677 0.815557 0
    outer loop
      vertex 54.3895 -17.9845 7.5
      vertex 54.6639 -17.7898 2.5
      vertex 54.3895 -17.9845 2.5
    endloop
  endfacet
  facet normal -0.960927 0.276802 0
    outer loop
      vertex 53.3352 -19.6624 2.5
      vertex 53.4283 -19.3392 7.5
      vertex 53.4283 -19.3392 2.5
    endloop
  endfacet
  facet normal -0.960927 0.276802 0
    outer loop
      vertex 53.4283 -19.3392 7.5
      vertex 53.3352 -19.6624 2.5
      vertex 53.3352 -19.6624 7.5
    endloop
  endfacet
  facet normal 0.745537 0.666465 0
    outer loop
      vertex 58.6055 -18.4595 7.5
      vertex 58.3813 -18.2087 2.5
      vertex 58.3813 -18.2087 7.5
    endloop
  endfacet
  facet normal 0.745537 0.666465 0
    outer loop
      vertex 58.3813 -18.2087 2.5
      vertex 58.6055 -18.4595 7.5
      vertex 58.6055 -18.4595 2.5
    endloop
  endfacet
  facet normal 0.578677 0.815557 -0
    outer loop
      vertex 58.1305 -17.9845 2.5
      vertex 57.8561 -17.7898 7.5
      vertex 58.1305 -17.9845 7.5
    endloop
  endfacet
  facet normal 0.578677 0.815557 0
    outer loop
      vertex 57.8561 -17.7898 7.5
      vertex 58.1305 -17.9845 2.5
      vertex 57.8561 -17.7898 2.5
    endloop
  endfacet
  facet normal -0.875235 0.483698 0
    outer loop
      vertex 53.5571 -19.0283 2.5
      vertex 53.7198 -18.7339 7.5
      vertex 53.7198 -18.7339 2.5
    endloop
  endfacet
  facet normal -0.875235 0.483698 0
    outer loop
      vertex 53.7198 -18.7339 7.5
      vertex 53.5571 -19.0283 2.5
      vertex 53.5571 -19.0283 7.5
    endloop
  endfacet
  facet normal 0.875235 0.483698 0
    outer loop
      vertex 58.9629 -19.0283 7.5
      vertex 58.8002 -18.7339 2.5
      vertex 58.8002 -18.7339 7.5
    endloop
  endfacet
  facet normal 0.875235 0.483698 0
    outer loop
      vertex 58.8002 -18.7339 2.5
      vertex 58.9629 -19.0283 7.5
      vertex 58.9629 -19.0283 2.5
    endloop
  endfacet
  facet normal 0.998421 -0.0561779 0
    outer loop
      vertex 59.2411 -20.6659 7.5
      vertex 59.26 -20.33 2.5
      vertex 59.26 -20.33 7.5
    endloop
  endfacet
  facet normal 0.998421 -0.0561779 0
    outer loop
      vertex 59.26 -20.33 2.5
      vertex 59.2411 -20.6659 7.5
      vertex 59.2411 -20.6659 2.5
    endloop
  endfacet
  facet normal 0.483572 0.875304 -0
    outer loop
      vertex 57.8561 -17.7898 2.5
      vertex 57.5616 -17.6271 7.5
      vertex 57.8561 -17.7898 7.5
    endloop
  endfacet
  facet normal 0.483572 0.875304 0
    outer loop
      vertex 57.5616 -17.6271 7.5
      vertex 57.8561 -17.7898 2.5
      vertex 57.5616 -17.6271 2.5
    endloop
  endfacet
  facet normal 0.276802 0.960927 -0
    outer loop
      vertex 57.2508 -17.4983 2.5
      vertex 56.9276 -17.4052 7.5
      vertex 57.2508 -17.4983 7.5
    endloop
  endfacet
  facet normal 0.276802 0.960927 0
    outer loop
      vertex 56.9276 -17.4052 7.5
      vertex 57.2508 -17.4983 2.5
      vertex 56.9276 -17.4052 2.5
    endloop
  endfacet
  facet normal 0.875235 -0.483698 0
    outer loop
      vertex 58.8002 -21.9261 7.5
      vertex 58.9629 -21.6317 2.5
      vertex 58.9629 -21.6317 7.5
    endloop
  endfacet
  facet normal 0.875235 -0.483698 0
    outer loop
      vertex 58.9629 -21.6317 2.5
      vertex 58.8002 -21.9261 7.5
      vertex 58.8002 -21.9261 2.5
    endloop
  endfacet
  facet normal 0.923963 -0.382483 0
    outer loop
      vertex 58.9629 -21.6317 7.5
      vertex 59.0916 -21.3208 2.5
      vertex 59.0916 -21.3208 7.5
    endloop
  endfacet
  facet normal 0.923963 -0.382483 0
    outer loop
      vertex 59.0916 -21.3208 2.5
      vertex 58.9629 -21.6317 7.5
      vertex 58.9629 -21.6317 2.5
    endloop
  endfacet
  facet normal -0.960927 -0.276802 0
    outer loop
      vertex 53.4283 -21.3208 2.5
      vertex 53.3352 -20.9976 7.5
      vertex 53.3352 -20.9976 2.5
    endloop
  endfacet
  facet normal -0.960927 -0.276802 0
    outer loop
      vertex 53.3352 -20.9976 7.5
      vertex 53.4283 -21.3208 2.5
      vertex 53.4283 -21.3208 7.5
    endloop
  endfacet
  facet normal 0.382588 -0.923919 0
    outer loop
      vertex 57.2508 -23.1616 2.5
      vertex 57.5616 -23.0329 7.5
      vertex 57.2508 -23.1616 7.5
    endloop
  endfacet
  facet normal 0.382588 -0.923919 0
    outer loop
      vertex 57.5616 -23.0329 7.5
      vertex 57.2508 -23.1616 2.5
      vertex 57.5616 -23.0329 2.5
    endloop
  endfacet
  facet normal -0.382737 0.923857 0
    outer loop
      vertex 55.2692 -17.4983 2.5
      vertex 54.9583 -17.6271 7.5
      vertex 55.2692 -17.4983 7.5
    endloop
  endfacet
  facet normal -0.382737 0.923857 0
    outer loop
      vertex 54.9583 -17.6271 7.5
      vertex 55.2692 -17.4983 2.5
      vertex 54.9583 -17.6271 2.5
    endloop
  endfacet
  facet normal 0.167338 -0.9859 0
    outer loop
      vertex 56.5959 -23.3111 2.5
      vertex 56.9276 -23.2548 7.5
      vertex 56.5959 -23.3111 7.5
    endloop
  endfacet
  facet normal 0.167338 -0.9859 0
    outer loop
      vertex 56.9276 -23.2548 7.5
      vertex 56.5959 -23.3111 2.5
      vertex 56.9276 -23.2548 2.5
    endloop
  endfacet
  facet normal 0.0561779 -0.998421 0
    outer loop
      vertex 56.26 -23.33 2.5
      vertex 56.5959 -23.3111 7.5
      vertex 56.26 -23.33 7.5
    endloop
  endfacet
  facet normal 0.0561779 -0.998421 0
    outer loop
      vertex 56.5959 -23.3111 7.5
      vertex 56.26 -23.33 2.5
      vertex 56.5959 -23.3111 2.5
    endloop
  endfacet
  facet normal 0.666465 -0.745537 0
    outer loop
      vertex 58.1305 -22.6755 2.5
      vertex 58.3813 -22.4513 7.5
      vertex 58.1305 -22.6755 7.5
    endloop
  endfacet
  facet normal 0.666465 -0.745537 0
    outer loop
      vertex 58.3813 -22.4513 7.5
      vertex 58.1305 -22.6755 2.5
      vertex 58.3813 -22.4513 2.5
    endloop
  endfacet
  facet normal -0.923857 -0.382737 0
    outer loop
      vertex 53.5571 -21.6317 2.5
      vertex 53.4283 -21.3208 7.5
      vertex 53.4283 -21.3208 2.5
    endloop
  endfacet
  facet normal -0.923857 -0.382737 0
    outer loop
      vertex 53.4283 -21.3208 7.5
      vertex 53.5571 -21.6317 2.5
      vertex 53.5571 -21.6317 7.5
    endloop
  endfacet
  facet normal 0.483572 -0.875304 0
    outer loop
      vertex 57.5616 -23.0329 2.5
      vertex 57.8561 -22.8702 7.5
      vertex 57.5616 -23.0329 7.5
    endloop
  endfacet
  facet normal 0.483572 -0.875304 0
    outer loop
      vertex 57.8561 -22.8702 7.5
      vertex 57.5616 -23.0329 2.5
      vertex 57.8561 -22.8702 2.5
    endloop
  endfacet
  facet normal -0.666465 0.745537 0
    outer loop
      vertex 54.3895 -17.9845 2.5
      vertex 54.1387 -18.2087 7.5
      vertex 54.3895 -17.9845 7.5
    endloop
  endfacet
  facet normal -0.666465 0.745537 0
    outer loop
      vertex 54.1387 -18.2087 7.5
      vertex 54.3895 -17.9845 2.5
      vertex 54.1387 -18.2087 2.5
    endloop
  endfacet
  facet normal -0.745537 0.666465 0
    outer loop
      vertex 53.9145 -18.4595 2.5
      vertex 54.1387 -18.2087 7.5
      vertex 54.1387 -18.2087 2.5
    endloop
  endfacet
  facet normal -0.745537 0.666465 0
    outer loop
      vertex 54.1387 -18.2087 7.5
      vertex 53.9145 -18.4595 2.5
      vertex 53.9145 -18.4595 7.5
    endloop
  endfacet
  facet normal -0.666465 -0.745537 0
    outer loop
      vertex 54.1387 -22.4513 2.5
      vertex 54.3895 -22.6755 7.5
      vertex 54.1387 -22.4513 7.5
    endloop
  endfacet
  facet normal -0.666465 -0.745537 -0
    outer loop
      vertex 54.3895 -22.6755 7.5
      vertex 54.1387 -22.4513 2.5
      vertex 54.3895 -22.6755 2.5
    endloop
  endfacet
  facet normal 0.745537 -0.666465 0
    outer loop
      vertex 58.3813 -22.4513 7.5
      vertex 58.6055 -22.2005 2.5
      vertex 58.6055 -22.2005 7.5
    endloop
  endfacet
  facet normal 0.745537 -0.666465 0
    outer loop
      vertex 58.6055 -22.2005 2.5
      vertex 58.3813 -22.4513 7.5
      vertex 58.3813 -22.4513 2.5
    endloop
  endfacet
  facet normal -0.815557 0.578677 0
    outer loop
      vertex 53.7198 -18.7339 2.5
      vertex 53.9145 -18.4595 7.5
      vertex 53.9145 -18.4595 2.5
    endloop
  endfacet
  facet normal -0.815557 0.578677 0
    outer loop
      vertex 53.9145 -18.4595 7.5
      vertex 53.7198 -18.7339 2.5
      vertex 53.7198 -18.7339 7.5
    endloop
  endfacet
  facet normal 0.815557 0.578677 0
    outer loop
      vertex 58.8002 -18.7339 7.5
      vertex 58.6055 -18.4595 2.5
      vertex 58.6055 -18.4595 7.5
    endloop
  endfacet
  facet normal 0.815557 0.578677 0
    outer loop
      vertex 58.6055 -18.4595 2.5
      vertex 58.8002 -18.7339 7.5
      vertex 58.8002 -18.7339 2.5
    endloop
  endfacet
  facet normal -0.167338 -0.9859 0
    outer loop
      vertex 55.5924 -23.2548 2.5
      vertex 55.9241 -23.3111 7.5
      vertex 55.5924 -23.2548 7.5
    endloop
  endfacet
  facet normal -0.167338 -0.9859 -0
    outer loop
      vertex 55.9241 -23.3111 7.5
      vertex 55.5924 -23.2548 2.5
      vertex 55.9241 -23.3111 2.5
    endloop
  endfacet
  facet normal 0.960848 -0.277076 0
    outer loop
      vertex 59.0916 -21.3208 7.5
      vertex 59.1848 -20.9976 2.5
      vertex 59.1848 -20.9976 7.5
    endloop
  endfacet
  facet normal 0.960848 -0.277076 0
    outer loop
      vertex 59.1848 -20.9976 2.5
      vertex 59.0916 -21.3208 7.5
      vertex 59.0916 -21.3208 2.5
    endloop
  endfacet
  facet normal -0.0561779 0.998421 0
    outer loop
      vertex 56.26 -17.33 2.5
      vertex 55.9241 -17.3489 7.5
      vertex 56.26 -17.33 7.5
    endloop
  endfacet
  facet normal -0.0561779 0.998421 0
    outer loop
      vertex 55.9241 -17.3489 7.5
      vertex 56.26 -17.33 2.5
      vertex 55.9241 -17.3489 2.5
    endloop
  endfacet
  facet normal -0.277076 -0.960848 0
    outer loop
      vertex 55.2692 -23.1616 2.5
      vertex 55.5924 -23.2548 7.5
      vertex 55.2692 -23.1616 7.5
    endloop
  endfacet
  facet normal -0.277076 -0.960848 -0
    outer loop
      vertex 55.5924 -23.2548 7.5
      vertex 55.2692 -23.1616 2.5
      vertex 55.5924 -23.2548 2.5
    endloop
  endfacet
  facet normal -0.483698 0.875235 0
    outer loop
      vertex 54.9583 -17.6271 2.5
      vertex 54.6639 -17.7898 7.5
      vertex 54.9583 -17.6271 7.5
    endloop
  endfacet
  facet normal -0.483698 0.875235 0
    outer loop
      vertex 54.6639 -17.7898 7.5
      vertex 54.9583 -17.6271 2.5
      vertex 54.6639 -17.7898 2.5
    endloop
  endfacet
  facet normal -0.167338 0.9859 0
    outer loop
      vertex 55.9241 -17.3489 2.5
      vertex 55.5924 -17.4052 7.5
      vertex 55.9241 -17.3489 7.5
    endloop
  endfacet
  facet normal -0.167338 0.9859 0
    outer loop
      vertex 55.5924 -17.4052 7.5
      vertex 55.9241 -17.3489 2.5
      vertex 55.5924 -17.4052 2.5
    endloop
  endfacet
  facet normal 0.666465 0.745537 -0
    outer loop
      vertex 58.3813 -18.2087 2.5
      vertex 58.1305 -17.9845 7.5
      vertex 58.3813 -18.2087 7.5
    endloop
  endfacet
  facet normal 0.666465 0.745537 0
    outer loop
      vertex 58.1305 -17.9845 7.5
      vertex 58.3813 -18.2087 2.5
      vertex 58.1305 -17.9845 2.5
    endloop
  endfacet
  facet normal 0.167338 0.9859 -0
    outer loop
      vertex 56.9276 -17.4052 2.5
      vertex 56.5959 -17.3489 7.5
      vertex 56.9276 -17.4052 7.5
    endloop
  endfacet
  facet normal 0.167338 0.9859 0
    outer loop
      vertex 56.5959 -17.3489 7.5
      vertex 56.9276 -17.4052 2.5
      vertex 56.5959 -17.3489 2.5
    endloop
  endfacet
  facet normal 0.277076 -0.960848 0
    outer loop
      vertex 56.9276 -23.2548 2.5
      vertex 57.2508 -23.1616 7.5
      vertex 56.9276 -23.2548 7.5
    endloop
  endfacet
  facet normal 0.277076 -0.960848 0
    outer loop
      vertex 57.2508 -23.1616 7.5
      vertex 56.9276 -23.2548 2.5
      vertex 57.2508 -23.1616 2.5
    endloop
  endfacet
  facet normal -0.9859 -0.167338 0
    outer loop
      vertex 53.3352 -20.9976 2.5
      vertex 53.2789 -20.6659 7.5
      vertex 53.2789 -20.6659 2.5
    endloop
  endfacet
  facet normal -0.9859 -0.167338 0
    outer loop
      vertex 53.2789 -20.6659 7.5
      vertex 53.3352 -20.9976 2.5
      vertex 53.3352 -20.9976 7.5
    endloop
  endfacet
  facet normal -0.578677 -0.815557 0
    outer loop
      vertex 54.3895 -22.6755 2.5
      vertex 54.6639 -22.8702 7.5
      vertex 54.3895 -22.6755 7.5
    endloop
  endfacet
  facet normal -0.578677 -0.815557 -0
    outer loop
      vertex 54.6639 -22.8702 7.5
      vertex 54.3895 -22.6755 2.5
      vertex 54.6639 -22.8702 2.5
    endloop
  endfacet
  facet normal -0.875235 -0.483698 0
    outer loop
      vertex 53.7198 -21.9261 2.5
      vertex 53.5571 -21.6317 7.5
      vertex 53.5571 -21.6317 2.5
    endloop
  endfacet
  facet normal -0.875235 -0.483698 0
    outer loop
      vertex 53.5571 -21.6317 7.5
      vertex 53.7198 -21.9261 2.5
      vertex 53.7198 -21.9261 7.5
    endloop
  endfacet
  facet normal -0.9859 0.167338 0
    outer loop
      vertex 53.2789 -19.9941 2.5
      vertex 53.3352 -19.6624 7.5
      vertex 53.3352 -19.6624 2.5
    endloop
  endfacet
  facet normal -0.9859 0.167338 0
    outer loop
      vertex 53.3352 -19.6624 7.5
      vertex 53.2789 -19.9941 2.5
      vertex 53.2789 -19.9941 7.5
    endloop
  endfacet
  facet normal -0.998421 0.0561779 0
    outer loop
      vertex 53.26 -20.33 2.5
      vertex 53.2789 -19.9941 7.5
      vertex 53.2789 -19.9941 2.5
    endloop
  endfacet
  facet normal -0.998421 0.0561779 0
    outer loop
      vertex 53.2789 -19.9941 7.5
      vertex 53.26 -20.33 2.5
      vertex 53.26 -20.33 7.5
    endloop
  endfacet
  facet normal 0 0 1
    outer loop
      vertex 57.51 -20.33 7.5
      vertex 59.26 -20.33 7.5
      vertex 59.2411 -19.9941 7.5
    endloop
  endfacet
  facet normal 0 0 1
    outer loop
      vertex 57.51 -20.33 7.5
      vertex 59.2411 -19.9941 7.5
      vertex 59.1848 -19.6624 7.5
    endloop
  endfacet
  facet normal 0 0 1
    outer loop
      vertex 59.26 -20.33 7.5
      vertex 57.51 -20.33 7.5
      vertex 59.2411 -20.6659 7.5
    endloop
  endfacet
  facet normal 0 0 1
    outer loop
      vertex 57.4148 -19.8516 7.5
      vertex 59.1848 -19.6624 7.5
      vertex 59.0916 -19.3392 7.5
    endloop
  endfacet
  facet normal 0 0 1
    outer loop
      vertex 59.2411 -20.6659 7.5
      vertex 57.51 -20.33 7.5
      vertex 59.1848 -20.9976 7.5
    endloop
  endfacet
  facet normal 0 0 1
    outer loop
      vertex 57.4148 -19.8516 7.5
      vertex 59.0916 -19.3392 7.5
      vertex 58.9629 -19.0283 7.5
    endloop
  endfacet
  facet normal -0 0 1
    outer loop
      vertex 57.4148 -20.8084 7.5
      vertex 59.1848 -20.9976 7.5
      vertex 57.51 -20.33 7.5
    endloop
  endfacet
  facet normal 0 0 1
    outer loop
      vertex 57.4148 -19.8516 7.5
      vertex 58.9629 -19.0283 7.5
      vertex 58.8002 -18.7339 7.5
    endloop
  endfacet
  facet normal 0 0 1
    outer loop
      vertex 59.1848 -20.9976 7.5
      vertex 57.4148 -20.8084 7.5
      vertex 59.0916 -21.3208 7.5
    endloop
  endfacet
  facet normal 0 0 1
    outer loop
      vertex 57.1439 -19.4461 7.5
      vertex 58.8002 -18.7339 7.5
      vertex 58.6055 -18.4595 7.5
    endloop
  endfacet
  facet normal 0 0 1
    outer loop
      vertex 59.0916 -21.3208 7.5
      vertex 57.4148 -20.8084 7.5
      vertex 58.9629 -21.6317 7.5
    endloop
  endfacet
  facet normal 0 0 1
    outer loop
      vertex 57.1439 -19.4461 7.5
      vertex 58.6055 -18.4595 7.5
      vertex 58.3813 -18.2087 7.5
    endloop
  endfacet
  facet normal 0 0 1
    outer loop
      vertex 58.9629 -21.6317 7.5
      vertex 57.4148 -20.8084 7.5
      vertex 58.8002 -21.9261 7.5
    endloop
  endfacet
  facet normal 0 0 1
    outer loop
      vertex 57.1439 -19.4461 7.5
      vertex 58.3813 -18.2087 7.5
      vertex 58.1305 -17.9845 7.5
    endloop
  endfacet
  facet normal -0 0 1
    outer loop
      vertex 57.1439 -21.2139 7.5
      vertex 58.8002 -21.9261 7.5
      vertex 57.4148 -20.8084 7.5
    endloop
  endfacet
  facet normal 0 0 1
    outer loop
      vertex 57.1439 -19.4461 7.5
      vertex 58.1305 -17.9845 7.5
      vertex 57.8561 -17.7898 7.5
    endloop
  endfacet
  facet normal 0 0 1
    outer loop
      vertex 58.8002 -21.9261 7.5
      vertex 57.1439 -21.2139 7.5
      vertex 58.6055 -22.2005 7.5
    endloop
  endfacet
  facet normal 0 0 1
    outer loop
      vertex 56.7384 -19.1751 7.5
      vertex 57.8561 -17.7898 7.5
      vertex 57.5616 -17.6271 7.5
    endloop
  endfacet
  facet normal 0 0 1
    outer loop
      vertex 58.6055 -22.2005 7.5
      vertex 57.1439 -21.2139 7.5
      vertex 58.3813 -22.4513 7.5
    endloop
  endfacet
  facet normal 0 0 1
    outer loop
      vertex 58.3813 -22.4513 7.5
      vertex 57.1439 -21.2139 7.5
      vertex 58.1305 -22.6755 7.5
    endloop
  endfacet
  facet normal 0 0 1
    outer loop
      vertex 59.1848 -19.6624 7.5
      vertex 57.4148 -19.8516 7.5
      vertex 57.51 -20.33 7.5
    endloop
  endfacet
  facet normal 0 0 1
    outer loop
      vertex 56.7384 -19.1751 7.5
      vertex 57.5616 -17.6271 7.5
      vertex 57.2508 -17.4983 7.5
    endloop
  endfacet
  facet normal 0 0 1
    outer loop
      vertex 58.8002 -18.7339 7.5
      vertex 57.1439 -19.4461 7.5
      vertex 57.4148 -19.8516 7.5
    endloop
  endfacet
  facet normal 0 0 1
    outer loop
      vertex 56.7384 -19.1751 7.5
      vertex 57.2508 -17.4983 7.5
      vertex 56.9276 -17.4052 7.5
    endloop
  endfacet
  facet normal 0 0 1
    outer loop
      vertex 57.8561 -17.7898 7.5
      vertex 56.7384 -19.1751 7.5
      vertex 57.1439 -19.4461 7.5
    endloop
  endfacet
  facet normal 0 0 1
    outer loop
      vertex 56.26 -19.08 7.5
      vertex 56.9276 -17.4052 7.5
      vertex 56.5959 -17.3489 7.5
    endloop
  endfacet
  facet normal 0 0 1
    outer loop
      vertex 56.26 -19.08 7.5
      vertex 56.5959 -17.3489 7.5
      vertex 56.26 -17.33 7.5
    endloop
  endfacet
  facet normal 0 0 1
    outer loop
      vertex 56.9276 -17.4052 7.5
      vertex 56.26 -19.08 7.5
      vertex 56.7384 -19.1751 7.5
    endloop
  endfacet
  facet normal -0 0 1
    outer loop
      vertex 55.9241 -17.3489 7.5
      vertex 56.26 -19.08 7.5
      vertex 56.26 -17.33 7.5
    endloop
  endfacet
  facet normal -0 0 1
    outer loop
      vertex 55.5924 -17.4052 7.5
      vertex 56.26 -19.08 7.5
      vertex 55.9241 -17.3489 7.5
    endloop
  endfacet
  facet normal 0 0 1
    outer loop
      vertex 56.26 -19.08 7.5
      vertex 55.5924 -17.4052 7.5
      vertex 55.7816 -19.1751 7.5
    endloop
  endfacet
  facet normal -0 0 1
    outer loop
      vertex 55.2692 -17.4983 7.5
      vertex 55.7816 -19.1751 7.5
      vertex 55.5924 -17.4052 7.5
    endloop
  endfacet
  facet normal -0 0 1
    outer loop
      vertex 54.9583 -17.6271 7.5
      vertex 55.7816 -19.1751 7.5
      vertex 55.2692 -17.4983 7.5
    endloop
  endfacet
  facet normal -0 0 1
    outer loop
      vertex 54.6639 -17.7898 7.5
      vertex 55.7816 -19.1751 7.5
      vertex 54.9583 -17.6271 7.5
    endloop
  endfacet
  facet normal 0 0 1
    outer loop
      vertex 55.7816 -19.1751 7.5
      vertex 54.6639 -17.7898 7.5
      vertex 55.3761 -19.4461 7.5
    endloop
  endfacet
  facet normal -0 0 1
    outer loop
      vertex 54.3895 -17.9845 7.5
      vertex 55.3761 -19.4461 7.5
      vertex 54.6639 -17.7898 7.5
    endloop
  endfacet
  facet normal 0 0 1
    outer loop
      vertex 58.1305 -22.6755 7.5
      vertex 57.1439 -21.2139 7.5
      vertex 57.8561 -22.8702 7.5
    endloop
  endfacet
  facet normal -0 0 1
    outer loop
      vertex 56.7384 -21.4848 7.5
      vertex 57.8561 -22.8702 7.5
      vertex 57.1439 -21.2139 7.5
    endloop
  endfacet
  facet normal 0 0 1
    outer loop
      vertex 57.8561 -22.8702 7.5
      vertex 56.7384 -21.4848 7.5
      vertex 57.5616 -23.0329 7.5
    endloop
  endfacet
  facet normal 0 0 1
    outer loop
      vertex 57.5616 -23.0329 7.5
      vertex 56.7384 -21.4848 7.5
      vertex 57.2508 -23.1616 7.5
    endloop
  endfacet
  facet normal 0 0 1
    outer loop
      vertex 57.2508 -23.1616 7.5
      vertex 56.7384 -21.4848 7.5
      vertex 56.9276 -23.2548 7.5
    endloop
  endfacet
  facet normal -0 0 1
    outer loop
      vertex 56.26 -21.58 7.5
      vertex 56.9276 -23.2548 7.5
      vertex 56.7384 -21.4848 7.5
    endloop
  endfacet
  facet normal 0 0 1
    outer loop
      vertex 56.9276 -23.2548 7.5
      vertex 56.26 -21.58 7.5
      vertex 56.5959 -23.3111 7.5
    endloop
  endfacet
  facet normal 0 0 1
    outer loop
      vertex 56.26 -21.58 7.5
      vertex 56.26 -23.33 7.5
      vertex 56.5959 -23.3111 7.5
    endloop
  endfacet
  facet normal 0 0 1
    outer loop
      vertex 56.26 -21.58 7.5
      vertex 55.9241 -23.3111 7.5
      vertex 56.26 -23.33 7.5
    endloop
  endfacet
  facet normal 0 0 1
    outer loop
      vertex 55.5924 -23.2548 7.5
      vertex 56.26 -21.58 7.5
      vertex 55.7816 -21.4848 7.5
    endloop
  endfacet
  facet normal 0 0 1
    outer loop
      vertex 56.26 -21.58 7.5
      vertex 55.5924 -23.2548 7.5
      vertex 55.9241 -23.3111 7.5
    endloop
  endfacet
  facet normal 0 0 1
    outer loop
      vertex 54.6639 -22.8702 7.5
      vertex 55.7816 -21.4848 7.5
      vertex 55.3761 -21.2139 7.5
    endloop
  endfacet
  facet normal 0 0 1
    outer loop
      vertex 55.7816 -21.4848 7.5
      vertex 55.2692 -23.1616 7.5
      vertex 55.5924 -23.2548 7.5
    endloop
  endfacet
  facet normal 0 0 1
    outer loop
      vertex 53.7198 -21.9261 7.5
      vertex 55.3761 -21.2139 7.5
      vertex 55.1051 -20.8084 7.5
    endloop
  endfacet
  facet normal 0 0 1
    outer loop
      vertex 53.3352 -20.9976 7.5
      vertex 55.1051 -20.8084 7.5
      vertex 55.01 -20.33 7.5
    endloop
  endfacet
  facet normal 0 0 1
    outer loop
      vertex 55.7816 -21.4848 7.5
      vertex 54.9583 -23.0329 7.5
      vertex 55.2692 -23.1616 7.5
    endloop
  endfacet
  facet normal -0 0 1
    outer loop
      vertex 54.1387 -18.2087 7.5
      vertex 55.3761 -19.4461 7.5
      vertex 54.3895 -17.9845 7.5
    endloop
  endfacet
  facet normal -0 0 1
    outer loop
      vertex 53.9145 -18.4595 7.5
      vertex 55.3761 -19.4461 7.5
      vertex 54.1387 -18.2087 7.5
    endloop
  endfacet
  facet normal 0 0 1
    outer loop
      vertex 55.7816 -21.4848 7.5
      vertex 54.6639 -22.8702 7.5
      vertex 54.9583 -23.0329 7.5
    endloop
  endfacet
  facet normal -0 0 1
    outer loop
      vertex 53.7198 -18.7339 7.5
      vertex 55.3761 -19.4461 7.5
      vertex 53.9145 -18.4595 7.5
    endloop
  endfacet
  facet normal 0 0 1
    outer loop
      vertex 55.3761 -21.2139 7.5
      vertex 54.3895 -22.6755 7.5
      vertex 54.6639 -22.8702 7.5
    endloop
  endfacet
  facet normal 0 0 1
    outer loop
      vertex 55.3761 -19.4461 7.5
      vertex 53.7198 -18.7339 7.5
      vertex 55.1051 -19.8516 7.5
    endloop
  endfacet
  facet normal 0 0 1
    outer loop
      vertex 55.3761 -21.2139 7.5
      vertex 54.1387 -22.4513 7.5
      vertex 54.3895 -22.6755 7.5
    endloop
  endfacet
  facet normal -0 0 1
    outer loop
      vertex 53.5571 -19.0283 7.5
      vertex 55.1051 -19.8516 7.5
      vertex 53.7198 -18.7339 7.5
    endloop
  endfacet
  facet normal 0 0 1
    outer loop
      vertex 55.3761 -21.2139 7.5
      vertex 53.9145 -22.2005 7.5
      vertex 54.1387 -22.4513 7.5
    endloop
  endfacet
  facet normal -0 0 1
    outer loop
      vertex 53.4283 -19.3392 7.5
      vertex 55.1051 -19.8516 7.5
      vertex 53.5571 -19.0283 7.5
    endloop
  endfacet
  facet normal 0 0 1
    outer loop
      vertex 55.3761 -21.2139 7.5
      vertex 53.7198 -21.9261 7.5
      vertex 53.9145 -22.2005 7.5
    endloop
  endfacet
  facet normal -0 0 1
    outer loop
      vertex 53.3352 -19.6624 7.5
      vertex 55.1051 -19.8516 7.5
      vertex 53.4283 -19.3392 7.5
    endloop
  endfacet
  facet normal 0 0 1
    outer loop
      vertex 55.1051 -20.8084 7.5
      vertex 53.5571 -21.6317 7.5
      vertex 53.7198 -21.9261 7.5
    endloop
  endfacet
  facet normal 0 0 1
    outer loop
      vertex 55.1051 -19.8516 7.5
      vertex 53.3352 -19.6624 7.5
      vertex 55.01 -20.33 7.5
    endloop
  endfacet
  facet normal 0 0 1
    outer loop
      vertex 55.1051 -20.8084 7.5
      vertex 53.4283 -21.3208 7.5
      vertex 53.5571 -21.6317 7.5
    endloop
  endfacet
  facet normal -0 0 1
    outer loop
      vertex 53.2789 -19.9941 7.5
      vertex 55.01 -20.33 7.5
      vertex 53.3352 -19.6624 7.5
    endloop
  endfacet
  facet normal 0 0 1
    outer loop
      vertex 55.1051 -20.8084 7.5
      vertex 53.3352 -20.9976 7.5
      vertex 53.4283 -21.3208 7.5
    endloop
  endfacet
  facet normal 0 0 1
    outer loop
      vertex 53.26 -20.33 7.5
      vertex 55.01 -20.33 7.5
      vertex 53.2789 -19.9941 7.5
    endloop
  endfacet
  facet normal 0 0 1
    outer loop
      vertex 55.01 -20.33 7.5
      vertex 53.2789 -20.6659 7.5
      vertex 53.3352 -20.9976 7.5
    endloop
  endfacet
  facet normal 0 0 1
    outer loop
      vertex 55.01 -20.33 7.5
      vertex 53.26 -20.33 7.5
      vertex 53.2789 -20.6659 7.5
    endloop
  endfacet
  facet normal 0.9859 0.167338 0
    outer loop
      vertex 10.9811 -18.7241 7.5
      vertex 10.9248 -18.3924 2.5
      vertex 10.9248 -18.3924 7.5
    endloop
  endfacet
  facet normal 0.9859 0.167338 0
    outer loop
      vertex 10.9248 -18.3924 2.5
      vertex 10.9811 -18.7241 7.5
      vertex 10.9811 -18.7241 2.5
    endloop
  endfacet
  facet normal 0.998421 0.0561779 0
    outer loop
      vertex 11 -19.06 7.5
      vertex 10.9811 -18.7241 2.5
      vertex 10.9811 -18.7241 7.5
    endloop
  endfacet
  facet normal 0.998421 0.0561779 0
    outer loop
      vertex 10.9811 -18.7241 2.5
      vertex 11 -19.06 7.5
      vertex 11 -19.06 2.5
    endloop
  endfacet
  facet normal 0.960848 0.277076 0
    outer loop
      vertex 10.9248 -18.3924 7.5
      vertex 10.8316 -18.0692 2.5
      vertex 10.8316 -18.0692 7.5
    endloop
  endfacet
  facet normal 0.960848 0.277076 0
    outer loop
      vertex 10.8316 -18.0692 2.5
      vertex 10.9248 -18.3924 7.5
      vertex 10.9248 -18.3924 2.5
    endloop
  endfacet
  facet normal -0.960903 -0.276884 0
    outer loop
      vertex 5.16835 -20.0508 2.5
      vertex 5.07522 -19.7276 7.5
      vertex 5.07522 -19.7276 2.5
    endloop
  endfacet
  facet normal -0.960903 -0.276884 0
    outer loop
      vertex 5.07522 -19.7276 7.5
      vertex 5.16835 -20.0508 2.5
      vertex 5.16835 -20.0508 7.5
    endloop
  endfacet
  facet normal -0.98587 -0.167512 0
    outer loop
      vertex 5.07522 -19.7276 2.5
      vertex 5.01886 -19.3959 7.5
      vertex 5.01886 -19.3959 2.5
    endloop
  endfacet
  facet normal -0.98587 -0.167512 0
    outer loop
      vertex 5.01886 -19.3959 7.5
      vertex 5.07522 -19.7276 2.5
      vertex 5.07522 -19.7276 7.5
    endloop
  endfacet
  facet normal 0.382578 -0.923923 0
    outer loop
      vertex 8.99084 -21.8916 2.5
      vertex 9.30165 -21.7629 7.5
      vertex 8.99084 -21.8916 7.5
    endloop
  endfacet
  facet normal 0.382578 -0.923923 0
    outer loop
      vertex 9.30165 -21.7629 7.5
      vertex 8.99084 -21.8916 2.5
      vertex 9.30165 -21.7629 2.5
    endloop
  endfacet
  facet normal 0.277013 -0.960866 0
    outer loop
      vertex 8.66756 -21.9848 2.5
      vertex 8.99084 -21.8916 7.5
      vertex 8.66756 -21.9848 7.5
    endloop
  endfacet
  facet normal 0.277013 -0.960866 0
    outer loop
      vertex 8.99084 -21.8916 7.5
      vertex 8.66756 -21.9848 2.5
      vertex 8.99084 -21.8916 2.5
    endloop
  endfacet
  facet normal -0.167353 0.985897 0
    outer loop
      vertex 7.66411 -16.0789 2.5
      vertex 7.33244 -16.1352 7.5
      vertex 7.66411 -16.0789 7.5
    endloop
  endfacet
  facet normal -0.167353 0.985897 0
    outer loop
      vertex 7.33244 -16.1352 7.5
      vertex 7.66411 -16.0789 2.5
      vertex 7.33244 -16.1352 2.5
    endloop
  endfacet
  facet normal 0.483635 -0.87527 0
    outer loop
      vertex 9.30165 -21.7629 2.5
      vertex 9.5961 -21.6002 7.5
      vertex 9.30165 -21.7629 7.5
    endloop
  endfacet
  facet normal 0.483635 -0.87527 0
    outer loop
      vertex 9.5961 -21.6002 7.5
      vertex 9.30165 -21.7629 2.5
      vertex 9.5961 -21.6002 2.5
    endloop
  endfacet
  facet normal -0.276738 0.960945 0
    outer loop
      vertex 7.33244 -16.1352 2.5
      vertex 7.00916 -16.2283 7.5
      vertex 7.33244 -16.1352 7.5
    endloop
  endfacet
  facet normal -0.276738 0.960945 0
    outer loop
      vertex 7.00916 -16.2283 7.5
      vertex 7.33244 -16.1352 2.5
      vertex 7.00916 -16.2283 2.5
    endloop
  endfacet
  facet normal 0.745537 -0.666465 0
    outer loop
      vertex 10.1213 -21.1813 7.5
      vertex 10.3455 -20.9305 2.5
      vertex 10.3455 -20.9305 7.5
    endloop
  endfacet
  facet normal 0.745537 -0.666465 0
    outer loop
      vertex 10.3455 -20.9305 2.5
      vertex 10.1213 -21.1813 7.5
      vertex 10.1213 -21.1813 2.5
    endloop
  endfacet
  facet normal -0.666391 0.745603 0
    outer loop
      vertex 6.12953 -16.7145 2.5
      vertex 5.87868 -16.9387 7.5
      vertex 6.12953 -16.7145 7.5
    endloop
  endfacet
  facet normal -0.666391 0.745603 0
    outer loop
      vertex 5.87868 -16.9387 7.5
      vertex 6.12953 -16.7145 2.5
      vertex 5.87868 -16.9387 2.5
    endloop
  endfacet
  facet normal -0.0561796 0.998421 0
    outer loop
      vertex 8 -16.06 2.5
      vertex 7.66411 -16.0789 7.5
      vertex 8 -16.06 7.5
    endloop
  endfacet
  facet normal -0.0561796 0.998421 0
    outer loop
      vertex 7.66411 -16.0789 7.5
      vertex 8 -16.06 2.5
      vertex 7.66411 -16.0789 2.5
    endloop
  endfacet
  facet normal -0.0561796 -0.998421 0
    outer loop
      vertex 7.66411 -22.0411 2.5
      vertex 8 -22.06 7.5
      vertex 7.66411 -22.0411 7.5
    endloop
  endfacet
  facet normal -0.0561796 -0.998421 -0
    outer loop
      vertex 8 -22.06 7.5
      vertex 7.66411 -22.0411 2.5
      vertex 8 -22.06 2.5
    endloop
  endfacet
  facet normal 0.578719 0.815527 -0
    outer loop
      vertex 9.87047 -16.7145 2.5
      vertex 9.5961 -16.5198 7.5
      vertex 9.87047 -16.7145 7.5
    endloop
  endfacet
  facet normal 0.578719 0.815527 0
    outer loop
      vertex 9.5961 -16.5198 7.5
      vertex 9.87047 -16.7145 2.5
      vertex 9.5961 -16.5198 2.5
    endloop
  endfacet
  facet normal 0.167353 -0.985897 0
    outer loop
      vertex 8.33589 -22.0411 2.5
      vertex 8.66756 -21.9848 7.5
      vertex 8.33589 -22.0411 7.5
    endloop
  endfacet
  facet normal 0.167353 -0.985897 0
    outer loop
      vertex 8.66756 -21.9848 7.5
      vertex 8.33589 -22.0411 2.5
      vertex 8.66756 -21.9848 2.5
    endloop
  endfacet
  facet normal -0.483635 -0.87527 0
    outer loop
      vertex 6.4039 -21.6002 2.5
      vertex 6.69835 -21.7629 7.5
      vertex 6.4039 -21.6002 7.5
    endloop
  endfacet
  facet normal -0.483635 -0.87527 -0
    outer loop
      vertex 6.69835 -21.7629 7.5
      vertex 6.4039 -21.6002 2.5
      vertex 6.69835 -21.7629 2.5
    endloop
  endfacet
  facet normal 0.875235 -0.483698 0
    outer loop
      vertex 10.5402 -20.6561 7.5
      vertex 10.7029 -20.3617 2.5
      vertex 10.7029 -20.3617 7.5
    endloop
  endfacet
  facet normal 0.875235 -0.483698 0
    outer loop
      vertex 10.7029 -20.3617 2.5
      vertex 10.5402 -20.6561 7.5
      vertex 10.5402 -20.6561 2.5
    endloop
  endfacet
  facet normal -0.815599 0.578618 0
    outer loop
      vertex 5.45983 -17.4639 2.5
      vertex 5.6545 -17.1895 7.5
      vertex 5.6545 -17.1895 2.5
    endloop
  endfacet
  facet normal -0.815599 0.578618 0
    outer loop
      vertex 5.6545 -17.1895 7.5
      vertex 5.45983 -17.4639 2.5
      vertex 5.45983 -17.4639 7.5
    endloop
  endfacet
  facet normal 0.9859 -0.167338 0
    outer loop
      vertex 10.9248 -19.7276 7.5
      vertex 10.9811 -19.3959 2.5
      vertex 10.9811 -19.3959 7.5
    endloop
  endfacet
  facet normal 0.9859 -0.167338 0
    outer loop
      vertex 10.9811 -19.3959 2.5
      vertex 10.9248 -19.7276 7.5
      vertex 10.9248 -19.7276 2.5
    endloop
  endfacet
  facet normal 0 0 1
    outer loop
      vertex 9.25 -19.06 7.5
      vertex 11 -19.06 7.5
      vertex 10.9811 -18.7241 7.5
    endloop
  endfacet
  facet normal 0 0 1
    outer loop
      vertex 9.25 -19.06 7.5
      vertex 10.9811 -18.7241 7.5
      vertex 10.9248 -18.3924 7.5
    endloop
  endfacet
  facet normal 0 0 1
    outer loop
      vertex 11 -19.06 7.5
      vertex 9.25 -19.06 7.5
      vertex 10.9811 -19.3959 7.5
    endloop
  endfacet
  facet normal 0 0 1
    outer loop
      vertex 9.15485 -18.5816 7.5
      vertex 10.9248 -18.3924 7.5
      vertex 10.8316 -18.0692 7.5
    endloop
  endfacet
  facet normal 0 0 1
    outer loop
      vertex 10.9811 -19.3959 7.5
      vertex 9.25 -19.06 7.5
      vertex 10.9248 -19.7276 7.5
    endloop
  endfacet
  facet normal 0 0 1
    outer loop
      vertex 9.15485 -18.5816 7.5
      vertex 10.8316 -18.0692 7.5
      vertex 10.7029 -17.7583 7.5
    endloop
  endfacet
  facet normal -0 0 1
    outer loop
      vertex 9.15485 -19.5384 7.5
      vertex 10.9248 -19.7276 7.5
      vertex 9.25 -19.06 7.5
    endloop
  endfacet
  facet normal 0 0 1
    outer loop
      vertex 9.15485 -18.5816 7.5
      vertex 10.7029 -17.7583 7.5
      vertex 10.5402 -17.4639 7.5
    endloop
  endfacet
  facet normal 0 0 1
    outer loop
      vertex 10.9248 -19.7276 7.5
      vertex 9.15485 -19.5384 7.5
      vertex 10.8316 -20.0508 7.5
    endloop
  endfacet
  facet normal 0 0 1
    outer loop
      vertex 8.88388 -18.1761 7.5
      vertex 10.5402 -17.4639 7.5
      vertex 10.3455 -17.1895 7.5
    endloop
  endfacet
  facet normal 0 0 1
    outer loop
      vertex 10.8316 -20.0508 7.5
      vertex 9.15485 -19.5384 7.5
      vertex 10.7029 -20.3617 7.5
    endloop
  endfacet
  facet normal 0 0 1
    outer loop
      vertex 8.88388 -18.1761 7.5
      vertex 10.3455 -17.1895 7.5
      vertex 10.1213 -16.9387 7.5
    endloop
  endfacet
  facet normal 0 0 1
    outer loop
      vertex 10.7029 -20.3617 7.5
      vertex 9.15485 -19.5384 7.5
      vertex 10.5402 -20.6561 7.5
    endloop
  endfacet
  facet normal 0 0 1
    outer loop
      vertex 8.88388 -18.1761 7.5
      vertex 10.1213 -16.9387 7.5
      vertex 9.87047 -16.7145 7.5
    endloop
  endfacet
  facet normal -0 0 1
    outer loop
      vertex 8.88388 -19.9439 7.5
      vertex 10.5402 -20.6561 7.5
      vertex 9.15485 -19.5384 7.5
    endloop
  endfacet
  facet normal 0 0 1
    outer loop
      vertex 8.88388 -18.1761 7.5
      vertex 9.87047 -16.7145 7.5
      vertex 9.5961 -16.5198 7.5
    endloop
  endfacet
  facet normal 0 0 1
    outer loop
      vertex 10.5402 -20.6561 7.5
      vertex 8.88388 -19.9439 7.5
      vertex 10.3455 -20.9305 7.5
    endloop
  endfacet
  facet normal 0 0 1
    outer loop
      vertex 8.47835 -17.9052 7.5
      vertex 9.5961 -16.5198 7.5
      vertex 9.30165 -16.3571 7.5
    endloop
  endfacet
  facet normal 0 0 1
    outer loop
      vertex 10.3455 -20.9305 7.5
      vertex 8.88388 -19.9439 7.5
      vertex 10.1213 -21.1813 7.5
    endloop
  endfacet
  facet normal 0 0 1
    outer loop
      vertex 10.1213 -21.1813 7.5
      vertex 8.88388 -19.9439 7.5
      vertex 9.87047 -21.4055 7.5
    endloop
  endfacet
  facet normal 0 0 1
    outer loop
      vertex 10.9248 -18.3924 7.5
      vertex 9.15485 -18.5816 7.5
      vertex 9.25 -19.06 7.5
    endloop
  endfacet
  facet normal 0 0 1
    outer loop
      vertex 8.47835 -17.9052 7.5
      vertex 9.30165 -16.3571 7.5
      vertex 8.99084 -16.2283 7.5
    endloop
  endfacet
  facet normal 0 0 1
    outer loop
      vertex 10.5402 -17.4639 7.5
      vertex 8.88388 -18.1761 7.5
      vertex 9.15485 -18.5816 7.5
    endloop
  endfacet
  facet normal 0 0 1
    outer loop
      vertex 8.47835 -17.9052 7.5
      vertex 8.99084 -16.2283 7.5
      vertex 8.66756 -16.1352 7.5
    endloop
  endfacet
  facet normal 0 0 1
    outer loop
      vertex 9.5961 -16.5198 7.5
      vertex 8.47835 -17.9052 7.5
      vertex 8.88388 -18.1761 7.5
    endloop
  endfacet
  facet normal 0 0 1
    outer loop
      vertex 8 -17.81 7.5
      vertex 8.66756 -16.1352 7.5
      vertex 8.33589 -16.0789 7.5
    endloop
  endfacet
  facet normal 0 0 1
    outer loop
      vertex 8 -17.81 7.5
      vertex 8.33589 -16.0789 7.5
      vertex 8 -16.06 7.5
    endloop
  endfacet
  facet normal 0 0 1
    outer loop
      vertex 8.66756 -16.1352 7.5
      vertex 8 -17.81 7.5
      vertex 8.47835 -17.9052 7.5
    endloop
  endfacet
  facet normal -0 0 1
    outer loop
      vertex 7.66411 -16.0789 7.5
      vertex 8 -17.81 7.5
      vertex 8 -16.06 7.5
    endloop
  endfacet
  facet normal -0 0 1
    outer loop
      vertex 7.33244 -16.1352 7.5
      vertex 8 -17.81 7.5
      vertex 7.66411 -16.0789 7.5
    endloop
  endfacet
  facet normal 0 0 1
    outer loop
      vertex 8 -17.81 7.5
      vertex 7.33244 -16.1352 7.5
      vertex 7.52165 -17.9052 7.5
    endloop
  endfacet
  facet normal -0 0 1
    outer loop
      vertex 7.00916 -16.2283 7.5
      vertex 7.52165 -17.9052 7.5
      vertex 7.33244 -16.1352 7.5
    endloop
  endfacet
  facet normal -0 0 1
    outer loop
      vertex 6.69835 -16.3571 7.5
      vertex 7.52165 -17.9052 7.5
      vertex 7.00916 -16.2283 7.5
    endloop
  endfacet
  facet normal -0 0 1
    outer loop
      vertex 6.4039 -16.5198 7.5
      vertex 7.52165 -17.9052 7.5
      vertex 6.69835 -16.3571 7.5
    endloop
  endfacet
  facet normal 0 0 1
    outer loop
      vertex 7.52165 -17.9052 7.5
      vertex 6.4039 -16.5198 7.5
      vertex 7.11612 -18.1761 7.5
    endloop
  endfacet
  facet normal -0 0 1
    outer loop
      vertex 6.12953 -16.7145 7.5
      vertex 7.11612 -18.1761 7.5
      vertex 6.4039 -16.5198 7.5
    endloop
  endfacet
  facet normal 0 0 1
    outer loop
      vertex 9.87047 -21.4055 7.5
      vertex 8.88388 -19.9439 7.5
      vertex 9.5961 -21.6002 7.5
    endloop
  endfacet
  facet normal -0 0 1
    outer loop
      vertex 8.47835 -20.2148 7.5
      vertex 9.5961 -21.6002 7.5
      vertex 8.88388 -19.9439 7.5
    endloop
  endfacet
  facet normal 0 0 1
    outer loop
      vertex 9.5961 -21.6002 7.5
      vertex 8.47835 -20.2148 7.5
      vertex 9.30165 -21.7629 7.5
    endloop
  endfacet
  facet normal 0 0 1
    outer loop
      vertex 9.30165 -21.7629 7.5
      vertex 8.47835 -20.2148 7.5
      vertex 8.99084 -21.8916 7.5
    endloop
  endfacet
  facet normal 0 0 1
    outer loop
      vertex 8.99084 -21.8916 7.5
      vertex 8.47835 -20.2148 7.5
      vertex 8.66756 -21.9848 7.5
    endloop
  endfacet
  facet normal -0 0 1
    outer loop
      vertex 8 -20.31 7.5
      vertex 8.66756 -21.9848 7.5
      vertex 8.47835 -20.2148 7.5
    endloop
  endfacet
  facet normal 0 0 1
    outer loop
      vertex 8.66756 -21.9848 7.5
      vertex 8 -20.31 7.5
      vertex 8.33589 -22.0411 7.5
    endloop
  endfacet
  facet normal 0 0 1
    outer loop
      vertex 8 -20.31 7.5
      vertex 8 -22.06 7.5
      vertex 8.33589 -22.0411 7.5
    endloop
  endfacet
  facet normal 0 0 1
    outer loop
      vertex 8 -20.31 7.5
      vertex 7.66411 -22.0411 7.5
      vertex 8 -22.06 7.5
    endloop
  endfacet
  facet normal 0 0 1
    outer loop
      vertex 7.33244 -21.9848 7.5
      vertex 8 -20.31 7.5
      vertex 7.52165 -20.2148 7.5
    endloop
  endfacet
  facet normal 0 0 1
    outer loop
      vertex 8 -20.31 7.5
      vertex 7.33244 -21.9848 7.5
      vertex 7.66411 -22.0411 7.5
    endloop
  endfacet
  facet normal 0 0 1
    outer loop
      vertex 6.4039 -21.6002 7.5
      vertex 7.52165 -20.2148 7.5
      vertex 7.11612 -19.9439 7.5
    endloop
  endfacet
  facet normal 0 0 1
    outer loop
      vertex 7.52165 -20.2148 7.5
      vertex 7.00916 -21.8916 7.5
      vertex 7.33244 -21.9848 7.5
    endloop
  endfacet
  facet normal 0 0 1
    outer loop
      vertex 5.45983 -20.6561 7.5
      vertex 7.11612 -19.9439 7.5
      vertex 6.84515 -19.5384 7.5
    endloop
  endfacet
  facet normal 0 0 1
    outer loop
      vertex 5.07522 -19.7276 7.5
      vertex 6.84515 -19.5384 7.5
      vertex 6.75 -19.06 7.5
    endloop
  endfacet
  facet normal 0 0 1
    outer loop
      vertex 7.52165 -20.2148 7.5
      vertex 6.69835 -21.7629 7.5
      vertex 7.00916 -21.8916 7.5
    endloop
  endfacet
  facet normal -0 0 1
    outer loop
      vertex 5.87868 -16.9387 7.5
      vertex 7.11612 -18.1761 7.5
      vertex 6.12953 -16.7145 7.5
    endloop
  endfacet
  facet normal -0 0 1
    outer loop
      vertex 5.6545 -17.1895 7.5
      vertex 7.11612 -18.1761 7.5
      vertex 5.87868 -16.9387 7.5
    endloop
  endfacet
  facet normal 0 0 1
    outer loop
      vertex 7.52165 -20.2148 7.5
      vertex 6.4039 -21.6002 7.5
      vertex 6.69835 -21.7629 7.5
    endloop
  endfacet
  facet normal -0 0 1
    outer loop
      vertex 5.45983 -17.4639 7.5
      vertex 7.11612 -18.1761 7.5
      vertex 5.6545 -17.1895 7.5
    endloop
  endfacet
  facet normal 0 0 1
    outer loop
      vertex 7.11612 -19.9439 7.5
      vertex 6.12953 -21.4055 7.5
      vertex 6.4039 -21.6002 7.5
    endloop
  endfacet
  facet normal 0 0 1
    outer loop
      vertex 7.11612 -18.1761 7.5
      vertex 5.45983 -17.4639 7.5
      vertex 6.84515 -18.5816 7.5
    endloop
  endfacet
  facet normal 0 0 1
    outer loop
      vertex 7.11612 -19.9439 7.5
      vertex 5.87868 -21.1813 7.5
      vertex 6.12953 -21.4055 7.5
    endloop
  endfacet
  facet normal -0 0 1
    outer loop
      vertex 5.29709 -17.7583 7.5
      vertex 6.84515 -18.5816 7.5
      vertex 5.45983 -17.4639 7.5
    endloop
  endfacet
  facet normal 0 0 1
    outer loop
      vertex 7.11612 -19.9439 7.5
      vertex 5.6545 -20.9305 7.5
      vertex 5.87868 -21.1813 7.5
    endloop
  endfacet
  facet normal -0 0 1
    outer loop
      vertex 5.16835 -18.0692 7.5
      vertex 6.84515 -18.5816 7.5
      vertex 5.29709 -17.7583 7.5
    endloop
  endfacet
  facet normal 0 0 1
    outer loop
      vertex 7.11612 -19.9439 7.5
      vertex 5.45983 -20.6561 7.5
      vertex 5.6545 -20.9305 7.5
    endloop
  endfacet
  facet normal -0 0 1
    outer loop
      vertex 5.07522 -18.3924 7.5
      vertex 6.84515 -18.5816 7.5
      vertex 5.16835 -18.0692 7.5
    endloop
  endfacet
  facet normal 0 0 1
    outer loop
      vertex 6.84515 -19.5384 7.5
      vertex 5.29709 -20.3617 7.5
      vertex 5.45983 -20.6561 7.5
    endloop
  endfacet
  facet normal 0 0 1
    outer loop
      vertex 6.84515 -18.5816 7.5
      vertex 5.07522 -18.3924 7.5
      vertex 6.75 -19.06 7.5
    endloop
  endfacet
  facet normal 0 0 1
    outer loop
      vertex 6.84515 -19.5384 7.5
      vertex 5.16835 -20.0508 7.5
      vertex 5.29709 -20.3617 7.5
    endloop
  endfacet
  facet normal -0 0 1
    outer loop
      vertex 5.01886 -18.7241 7.5
      vertex 6.75 -19.06 7.5
      vertex 5.07522 -18.3924 7.5
    endloop
  endfacet
  facet normal 0 0 1
    outer loop
      vertex 6.84515 -19.5384 7.5
      vertex 5.07522 -19.7276 7.5
      vertex 5.16835 -20.0508 7.5
    endloop
  endfacet
  facet normal 0 0 1
    outer loop
      vertex 5 -19.06 7.5
      vertex 6.75 -19.06 7.5
      vertex 5.01886 -18.7241 7.5
    endloop
  endfacet
  facet normal 0 0 1
    outer loop
      vertex 6.75 -19.06 7.5
      vertex 5.01886 -19.3959 7.5
      vertex 5.07522 -19.7276 7.5
    endloop
  endfacet
  facet normal 0 0 1
    outer loop
      vertex 6.75 -19.06 7.5
      vertex 5 -19.06 7.5
      vertex 5.01886 -19.3959 7.5
    endloop
  endfacet
  facet normal -0.578719 0.815527 0
    outer loop
      vertex 6.4039 -16.5198 2.5
      vertex 6.12953 -16.7145 7.5
      vertex 6.4039 -16.5198 7.5
    endloop
  endfacet
  facet normal -0.578719 0.815527 0
    outer loop
      vertex 6.12953 -16.7145 7.5
      vertex 6.4039 -16.5198 2.5
      vertex 6.12953 -16.7145 2.5
    endloop
  endfacet
  facet normal 0.815557 -0.578677 0
    outer loop
      vertex 10.3455 -20.9305 7.5
      vertex 10.5402 -20.6561 2.5
      vertex 10.5402 -20.6561 7.5
    endloop
  endfacet
  facet normal 0.815557 -0.578677 0
    outer loop
      vertex 10.5402 -20.6561 2.5
      vertex 10.3455 -20.9305 7.5
      vertex 10.3455 -20.9305 2.5
    endloop
  endfacet
  facet normal -0.483635 0.87527 0
    outer loop
      vertex 6.69835 -16.3571 2.5
      vertex 6.4039 -16.5198 7.5
      vertex 6.69835 -16.3571 7.5
    endloop
  endfacet
  facet normal -0.483635 0.87527 0
    outer loop
      vertex 6.4039 -16.5198 7.5
      vertex 6.69835 -16.3571 2.5
      vertex 6.4039 -16.5198 2.5
    endloop
  endfacet
  facet normal 0.923963 0.382483 0
    outer loop
      vertex 10.8316 -18.0692 7.5
      vertex 10.7029 -17.7583 2.5
      vertex 10.7029 -17.7583 7.5
    endloop
  endfacet
  facet normal 0.923963 0.382483 0
    outer loop
      vertex 10.7029 -17.7583 2.5
      vertex 10.8316 -18.0692 7.5
      vertex 10.8316 -18.0692 2.5
    endloop
  endfacet
  facet normal 0.815557 0.578677 0
    outer loop
      vertex 10.5402 -17.4639 7.5
      vertex 10.3455 -17.1895 2.5
      vertex 10.3455 -17.1895 7.5
    endloop
  endfacet
  facet normal 0.815557 0.578677 0
    outer loop
      vertex 10.3455 -17.1895 2.5
      vertex 10.5402 -17.4639 7.5
      vertex 10.5402 -17.4639 2.5
    endloop
  endfacet
  facet normal -0.875185 -0.483789 0
    outer loop
      vertex 5.45983 -20.6561 2.5
      vertex 5.29709 -20.3617 7.5
      vertex 5.29709 -20.3617 2.5
    endloop
  endfacet
  facet normal -0.875185 -0.483789 0
    outer loop
      vertex 5.29709 -20.3617 7.5
      vertex 5.45983 -20.6561 2.5
      vertex 5.45983 -20.6561 7.5
    endloop
  endfacet
  facet normal 0.66642 0.745576 -0
    outer loop
      vertex 10.1213 -16.9387 2.5
      vertex 9.87047 -16.7145 7.5
      vertex 10.1213 -16.9387 7.5
    endloop
  endfacet
  facet normal 0.66642 0.745576 0
    outer loop
      vertex 9.87047 -16.7145 7.5
      vertex 10.1213 -16.9387 2.5
      vertex 9.87047 -16.7145 2.5
    endloop
  endfacet
  facet normal -0.92392 -0.382585 0
    outer loop
      vertex 5.29709 -20.3617 2.5
      vertex 5.16835 -20.0508 7.5
      vertex 5.16835 -20.0508 2.5
    endloop
  endfacet
  facet normal -0.92392 -0.382585 0
    outer loop
      vertex 5.16835 -20.0508 7.5
      vertex 5.29709 -20.3617 2.5
      vertex 5.29709 -20.3617 7.5
    endloop
  endfacet
  facet normal 0.382831 0.923818 -0
    outer loop
      vertex 9.30165 -16.3571 2.5
      vertex 8.99084 -16.2283 7.5
      vertex 9.30165 -16.3571 7.5
    endloop
  endfacet
  facet normal 0.382831 0.923818 0
    outer loop
      vertex 8.99084 -16.2283 7.5
      vertex 9.30165 -16.3571 2.5
      vertex 8.99084 -16.2283 2.5
    endloop
  endfacet
  facet normal 0.167353 0.985897 -0
    outer loop
      vertex 8.66756 -16.1352 2.5
      vertex 8.33589 -16.0789 7.5
      vertex 8.66756 -16.1352 7.5
    endloop
  endfacet
  facet normal 0.167353 0.985897 0
    outer loop
      vertex 8.33589 -16.0789 7.5
      vertex 8.66756 -16.1352 2.5
      vertex 8.33589 -16.0789 2.5
    endloop
  endfacet
  facet normal 0.875235 0.483698 0
    outer loop
      vertex 10.7029 -17.7583 7.5
      vertex 10.5402 -17.4639 2.5
      vertex 10.5402 -17.4639 7.5
    endloop
  endfacet
  facet normal 0.875235 0.483698 0
    outer loop
      vertex 10.5402 -17.4639 2.5
      vertex 10.7029 -17.7583 7.5
      vertex 10.7029 -17.7583 2.5
    endloop
  endfacet
  facet normal -0.998427 -0.0560594 0
    outer loop
      vertex 5.01886 -19.3959 2.5
      vertex 5 -19.06 7.5
      vertex 5 -19.06 2.5
    endloop
  endfacet
  facet normal -0.998427 -0.0560594 0
    outer loop
      vertex 5 -19.06 7.5
      vertex 5.01886 -19.3959 2.5
      vertex 5.01886 -19.3959 7.5
    endloop
  endfacet
  facet normal -0.815599 -0.578618 0
    outer loop
      vertex 5.6545 -20.9305 2.5
      vertex 5.45983 -20.6561 7.5
      vertex 5.45983 -20.6561 2.5
    endloop
  endfacet
  facet normal -0.815599 -0.578618 0
    outer loop
      vertex 5.45983 -20.6561 7.5
      vertex 5.6545 -20.9305 2.5
      vertex 5.6545 -20.9305 7.5
    endloop
  endfacet
  facet normal 0.923963 -0.382483 0
    outer loop
      vertex 10.7029 -20.3617 7.5
      vertex 10.8316 -20.0508 2.5
      vertex 10.8316 -20.0508 7.5
    endloop
  endfacet
  facet normal 0.923963 -0.382483 0
    outer loop
      vertex 10.8316 -20.0508 2.5
      vertex 10.7029 -20.3617 7.5
      vertex 10.7029 -20.3617 2.5
    endloop
  endfacet
  facet normal 0.998421 -0.0561779 0
    outer loop
      vertex 10.9811 -19.3959 7.5
      vertex 11 -19.06 2.5
      vertex 11 -19.06 7.5
    endloop
  endfacet
  facet normal 0.998421 -0.0561779 0
    outer loop
      vertex 11 -19.06 2.5
      vertex 10.9811 -19.3959 7.5
      vertex 10.9811 -19.3959 2.5
    endloop
  endfacet
  facet normal 0.0561796 0.998421 -0
    outer loop
      vertex 8.33589 -16.0789 2.5
      vertex 8 -16.06 7.5
      vertex 8.33589 -16.0789 7.5
    endloop
  endfacet
  facet normal 0.0561796 0.998421 0
    outer loop
      vertex 8 -16.06 7.5
      vertex 8.33589 -16.0789 2.5
      vertex 8 -16.06 2.5
    endloop
  endfacet
  facet normal -0.382831 0.923818 0
    outer loop
      vertex 7.00916 -16.2283 2.5
      vertex 6.69835 -16.3571 7.5
      vertex 7.00916 -16.2283 7.5
    endloop
  endfacet
  facet normal -0.382831 0.923818 0
    outer loop
      vertex 6.69835 -16.3571 7.5
      vertex 7.00916 -16.2283 2.5
      vertex 6.69835 -16.3571 2.5
    endloop
  endfacet
  facet normal -0.578719 -0.815527 0
    outer loop
      vertex 6.12953 -21.4055 2.5
      vertex 6.4039 -21.6002 7.5
      vertex 6.12953 -21.4055 7.5
    endloop
  endfacet
  facet normal -0.578719 -0.815527 -0
    outer loop
      vertex 6.4039 -21.6002 7.5
      vertex 6.12953 -21.4055 2.5
      vertex 6.4039 -21.6002 2.5
    endloop
  endfacet
  facet normal 0.0561796 -0.998421 0
    outer loop
      vertex 8 -22.06 2.5
      vertex 8.33589 -22.0411 7.5
      vertex 8 -22.06 7.5
    endloop
  endfacet
  facet normal 0.0561796 -0.998421 0
    outer loop
      vertex 8.33589 -22.0411 7.5
      vertex 8 -22.06 2.5
      vertex 8.33589 -22.0411 2.5
    endloop
  endfacet
  facet normal 0.483635 0.87527 -0
    outer loop
      vertex 9.5961 -16.5198 2.5
      vertex 9.30165 -16.3571 7.5
      vertex 9.5961 -16.5198 7.5
    endloop
  endfacet
  facet normal 0.483635 0.87527 0
    outer loop
      vertex 9.30165 -16.3571 7.5
      vertex 9.5961 -16.5198 2.5
      vertex 9.30165 -16.3571 2.5
    endloop
  endfacet
  facet normal 0.745537 0.666465 0
    outer loop
      vertex 10.3455 -17.1895 7.5
      vertex 10.1213 -16.9387 2.5
      vertex 10.1213 -16.9387 7.5
    endloop
  endfacet
  facet normal 0.745537 0.666465 0
    outer loop
      vertex 10.1213 -16.9387 2.5
      vertex 10.3455 -17.1895 7.5
      vertex 10.3455 -17.1895 2.5
    endloop
  endfacet
  facet normal 0.66642 -0.745576 0
    outer loop
      vertex 9.87047 -21.4055 2.5
      vertex 10.1213 -21.1813 7.5
      vertex 9.87047 -21.4055 7.5
    endloop
  endfacet
  facet normal 0.66642 -0.745576 0
    outer loop
      vertex 10.1213 -21.1813 7.5
      vertex 9.87047 -21.4055 2.5
      vertex 10.1213 -21.1813 2.5
    endloop
  endfacet
  facet normal 0.276738 0.960945 -0
    outer loop
      vertex 8.99084 -16.2283 2.5
      vertex 8.66756 -16.1352 7.5
      vertex 8.99084 -16.2283 7.5
    endloop
  endfacet
  facet normal 0.276738 0.960945 0
    outer loop
      vertex 8.66756 -16.1352 7.5
      vertex 8.99084 -16.2283 2.5
      vertex 8.66756 -16.1352 2.5
    endloop
  endfacet
  facet normal -0.960903 0.276884 0
    outer loop
      vertex 5.07522 -18.3924 2.5
      vertex 5.16835 -18.0692 7.5
      vertex 5.16835 -18.0692 2.5
    endloop
  endfacet
  facet normal -0.960903 0.276884 0
    outer loop
      vertex 5.16835 -18.0692 7.5
      vertex 5.07522 -18.3924 2.5
      vertex 5.07522 -18.3924 7.5
    endloop
  endfacet
  facet normal -0.382578 -0.923923 0
    outer loop
      vertex 6.69835 -21.7629 2.5
      vertex 7.00916 -21.8916 7.5
      vertex 6.69835 -21.7629 7.5
    endloop
  endfacet
  facet normal -0.382578 -0.923923 -0
    outer loop
      vertex 7.00916 -21.8916 7.5
      vertex 6.69835 -21.7629 2.5
      vertex 7.00916 -21.8916 2.5
    endloop
  endfacet
  facet normal 0.960848 -0.277076 0
    outer loop
      vertex 10.8316 -20.0508 7.5
      vertex 10.9248 -19.7276 2.5
      vertex 10.9248 -19.7276 7.5
    endloop
  endfacet
  facet normal 0.960848 -0.277076 0
    outer loop
      vertex 10.9248 -19.7276 2.5
      vertex 10.8316 -20.0508 7.5
      vertex 10.8316 -20.0508 2.5
    endloop
  endfacet
  facet normal -0.745566 0.666432 0
    outer loop
      vertex 5.6545 -17.1895 2.5
      vertex 5.87868 -16.9387 7.5
      vertex 5.87868 -16.9387 2.5
    endloop
  endfacet
  facet normal -0.745566 0.666432 0
    outer loop
      vertex 5.87868 -16.9387 7.5
      vertex 5.6545 -17.1895 2.5
      vertex 5.6545 -17.1895 7.5
    endloop
  endfacet
  facet normal -0.98587 0.167512 0
    outer loop
      vertex 5.01886 -18.7241 2.5
      vertex 5.07522 -18.3924 7.5
      vertex 5.07522 -18.3924 2.5
    endloop
  endfacet
  facet normal -0.98587 0.167512 0
    outer loop
      vertex 5.07522 -18.3924 7.5
      vertex 5.01886 -18.7241 2.5
      vertex 5.01886 -18.7241 7.5
    endloop
  endfacet
  facet normal 0.578719 -0.815527 0
    outer loop
      vertex 9.5961 -21.6002 2.5
      vertex 9.87047 -21.4055 7.5
      vertex 9.5961 -21.6002 7.5
    endloop
  endfacet
  facet normal 0.578719 -0.815527 0
    outer loop
      vertex 9.87047 -21.4055 7.5
      vertex 9.5961 -21.6002 2.5
      vertex 9.87047 -21.4055 2.5
    endloop
  endfacet
  facet normal -0.745566 -0.666432 0
    outer loop
      vertex 5.87868 -21.1813 2.5
      vertex 5.6545 -20.9305 7.5
      vertex 5.6545 -20.9305 2.5
    endloop
  endfacet
  facet normal -0.745566 -0.666432 0
    outer loop
      vertex 5.6545 -20.9305 7.5
      vertex 5.87868 -21.1813 2.5
      vertex 5.87868 -21.1813 7.5
    endloop
  endfacet
  facet normal -0.277013 -0.960866 0
    outer loop
      vertex 7.00916 -21.8916 2.5
      vertex 7.33244 -21.9848 7.5
      vertex 7.00916 -21.8916 7.5
    endloop
  endfacet
  facet normal -0.277013 -0.960866 -0
    outer loop
      vertex 7.33244 -21.9848 7.5
      vertex 7.00916 -21.8916 2.5
      vertex 7.33244 -21.9848 2.5
    endloop
  endfacet
  facet normal -0.875185 0.483789 0
    outer loop
      vertex 5.29709 -17.7583 2.5
      vertex 5.45983 -17.4639 7.5
      vertex 5.45983 -17.4639 2.5
    endloop
  endfacet
  facet normal -0.875185 0.483789 0
    outer loop
      vertex 5.45983 -17.4639 7.5
      vertex 5.29709 -17.7583 2.5
      vertex 5.29709 -17.7583 7.5
    endloop
  endfacet
  facet normal -0.998427 0.0560594 0
    outer loop
      vertex 5 -19.06 2.5
      vertex 5.01886 -18.7241 7.5
      vertex 5.01886 -18.7241 2.5
    endloop
  endfacet
  facet normal -0.998427 0.0560594 0
    outer loop
      vertex 5.01886 -18.7241 7.5
      vertex 5 -19.06 2.5
      vertex 5 -19.06 7.5
    endloop
  endfacet
  facet normal -0.92392 0.382585 0
    outer loop
      vertex 5.16835 -18.0692 2.5
      vertex 5.29709 -17.7583 7.5
      vertex 5.29709 -17.7583 2.5
    endloop
  endfacet
  facet normal -0.92392 0.382585 0
    outer loop
      vertex 5.29709 -17.7583 7.5
      vertex 5.16835 -18.0692 2.5
      vertex 5.16835 -18.0692 7.5
    endloop
  endfacet
  facet normal -0.666391 -0.745603 0
    outer loop
      vertex 5.87868 -21.1813 2.5
      vertex 6.12953 -21.4055 7.5
      vertex 5.87868 -21.1813 7.5
    endloop
  endfacet
  facet normal -0.666391 -0.745603 -0
    outer loop
      vertex 6.12953 -21.4055 7.5
      vertex 5.87868 -21.1813 2.5
      vertex 6.12953 -21.4055 2.5
    endloop
  endfacet
  facet normal -0.167353 -0.985897 0
    outer loop
      vertex 7.33244 -21.9848 2.5
      vertex 7.66411 -22.0411 7.5
      vertex 7.33244 -21.9848 7.5
    endloop
  endfacet
  facet normal -0.167353 -0.985897 -0
    outer loop
      vertex 7.66411 -22.0411 7.5
      vertex 7.33244 -21.9848 2.5
      vertex 7.66411 -22.0411 2.5
    endloop
  endfacet
  facet normal 0.9859 0.167338 0
    outer loop
      vertex 54.1611 32.0759 7.5
      vertex 54.1048 32.4076 2.5
      vertex 54.1048 32.4076 7.5
    endloop
  endfacet
  facet normal 0.9859 0.167338 0
    outer loop
      vertex 54.1048 32.4076 2.5
      vertex 54.1611 32.0759 7.5
      vertex 54.1611 32.0759 2.5
    endloop
  endfacet
  facet normal 0.998421 0.0561779 0
    outer loop
      vertex 54.18 31.74 7.5
      vertex 54.1611 32.0759 2.5
      vertex 54.1611 32.0759 7.5
    endloop
  endfacet
  facet normal 0.998421 0.0561779 0
    outer loop
      vertex 54.1611 32.0759 2.5
      vertex 54.18 31.74 7.5
      vertex 54.18 31.74 2.5
    endloop
  endfacet
  facet normal 0.960927 0.276802 0
    outer loop
      vertex 54.1048 32.4076 7.5
      vertex 54.0117 32.7308 2.5
      vertex 54.0117 32.7308 7.5
    endloop
  endfacet
  facet normal 0.960927 0.276802 0
    outer loop
      vertex 54.0117 32.7308 2.5
      vertex 54.1048 32.4076 7.5
      vertex 54.1048 32.4076 2.5
    endloop
  endfacet
  facet normal 0.923857 -0.382737 0
    outer loop
      vertex 53.8829 30.4383 7.5
      vertex 54.0117 30.7492 2.5
      vertex 54.0117 30.7492 7.5
    endloop
  endfacet
  facet normal 0.923857 -0.382737 0
    outer loop
      vertex 54.0117 30.7492 2.5
      vertex 53.8829 30.4383 7.5
      vertex 53.8829 30.4383 2.5
    endloop
  endfacet
  facet normal -0.578677 0.815557 0
    outer loop
      vertex 49.5839 34.2802 2.5
      vertex 49.3095 34.0855 7.5
      vertex 49.5839 34.2802 7.5
    endloop
  endfacet
  facet normal -0.578677 0.815557 0
    outer loop
      vertex 49.3095 34.0855 7.5
      vertex 49.5839 34.2802 2.5
      vertex 49.3095 34.0855 2.5
    endloop
  endfacet
  facet normal 0.745537 -0.666465 0
    outer loop
      vertex 53.3013 29.6187 7.5
      vertex 53.5255 29.8695 2.5
      vertex 53.5255 29.8695 7.5
    endloop
  endfacet
  facet normal 0.745537 -0.666465 0
    outer loop
      vertex 53.5255 29.8695 2.5
      vertex 53.3013 29.6187 7.5
      vertex 53.3013 29.6187 2.5
    endloop
  endfacet
  facet normal 0.382483 0.923963 -0
    outer loop
      vertex 52.4817 34.4429 2.5
      vertex 52.1708 34.5716 7.5
      vertex 52.4817 34.4429 7.5
    endloop
  endfacet
  facet normal 0.382483 0.923963 0
    outer loop
      vertex 52.1708 34.5716 7.5
      vertex 52.4817 34.4429 2.5
      vertex 52.1708 34.5716 2.5
    endloop
  endfacet
  facet normal -0.483698 -0.875235 0
    outer loop
      vertex 49.5839 29.1998 2.5
      vertex 49.8783 29.0371 7.5
      vertex 49.5839 29.1998 7.5
    endloop
  endfacet
  facet normal -0.483698 -0.875235 -0
    outer loop
      vertex 49.8783 29.0371 7.5
      vertex 49.5839 29.1998 2.5
      vertex 49.8783 29.0371 2.5
    endloop
  endfacet
  facet normal -0.382483 0.923963 0
    outer loop
      vertex 50.1892 34.5716 2.5
      vertex 49.8783 34.4429 7.5
      vertex 50.1892 34.5716 7.5
    endloop
  endfacet
  facet normal -0.382483 0.923963 0
    outer loop
      vertex 49.8783 34.4429 7.5
      vertex 50.1892 34.5716 2.5
      vertex 49.8783 34.4429 2.5
    endloop
  endfacet
  facet normal 0.483698 -0.875235 0
    outer loop
      vertex 52.4817 29.0371 2.5
      vertex 52.7761 29.1998 7.5
      vertex 52.4817 29.0371 7.5
    endloop
  endfacet
  facet normal 0.483698 -0.875235 0
    outer loop
      vertex 52.7761 29.1998 7.5
      vertex 52.4817 29.0371 2.5
      vertex 52.7761 29.1998 2.5
    endloop
  endfacet
  facet normal 0.998421 -0.0561779 0
    outer loop
      vertex 54.1611 31.4041 7.5
      vertex 54.18 31.74 2.5
      vertex 54.18 31.74 7.5
    endloop
  endfacet
  facet normal 0.998421 -0.0561779 0
    outer loop
      vertex 54.18 31.74 2.5
      vertex 54.1611 31.4041 7.5
      vertex 54.1611 31.4041 2.5
    endloop
  endfacet
  facet normal 0.578677 -0.815557 0
    outer loop
      vertex 52.7761 29.1998 2.5
      vertex 53.0505 29.3945 7.5
      vertex 52.7761 29.1998 7.5
    endloop
  endfacet
  facet normal 0.578677 -0.815557 0
    outer loop
      vertex 53.0505 29.3945 7.5
      vertex 52.7761 29.1998 2.5
      vertex 53.0505 29.3945 2.5
    endloop
  endfacet
  facet normal 0.923814 0.382842 0
    outer loop
      vertex 54.0117 32.7308 7.5
      vertex 53.8829 33.0416 2.5
      vertex 53.8829 33.0416 7.5
    endloop
  endfacet
  facet normal 0.923814 0.382842 0
    outer loop
      vertex 53.8829 33.0416 2.5
      vertex 54.0117 32.7308 7.5
      vertex 54.0117 32.7308 2.5
    endloop
  endfacet
  facet normal 0.9859 -0.167338 0
    outer loop
      vertex 54.1048 31.0724 7.5
      vertex 54.1611 31.4041 2.5
      vertex 54.1611 31.4041 7.5
    endloop
  endfacet
  facet normal 0.9859 -0.167338 0
    outer loop
      vertex 54.1611 31.4041 2.5
      vertex 54.1048 31.0724 7.5
      vertex 54.1048 31.0724 2.5
    endloop
  endfacet
  facet normal 0.875304 0.483572 0
    outer loop
      vertex 53.8829 33.0416 7.5
      vertex 53.7202 33.3361 2.5
      vertex 53.7202 33.3361 7.5
    endloop
  endfacet
  facet normal 0.875304 0.483572 0
    outer loop
      vertex 53.7202 33.3361 2.5
      vertex 53.8829 33.0416 7.5
      vertex 53.8829 33.0416 2.5
    endloop
  endfacet
  facet normal 0.815557 0.578677 0
    outer loop
      vertex 53.7202 33.3361 7.5
      vertex 53.5255 33.6105 2.5
      vertex 53.5255 33.6105 7.5
    endloop
  endfacet
  facet normal 0.815557 0.578677 0
    outer loop
      vertex 53.5255 33.6105 2.5
      vertex 53.7202 33.3361 7.5
      vertex 53.7202 33.3361 2.5
    endloop
  endfacet
  facet normal -0.9859 0.167338 0
    outer loop
      vertex 48.1989 32.0759 2.5
      vertex 48.2552 32.4076 7.5
      vertex 48.2552 32.4076 2.5
    endloop
  endfacet
  facet normal -0.9859 0.167338 0
    outer loop
      vertex 48.2552 32.4076 7.5
      vertex 48.1989 32.0759 2.5
      vertex 48.1989 32.0759 7.5
    endloop
  endfacet
  facet normal -0.276802 -0.960927 0
    outer loop
      vertex 50.1892 28.9083 2.5
      vertex 50.5124 28.8152 7.5
      vertex 50.1892 28.9083 7.5
    endloop
  endfacet
  facet normal -0.276802 -0.960927 -0
    outer loop
      vertex 50.5124 28.8152 7.5
      vertex 50.1892 28.9083 2.5
      vertex 50.5124 28.8152 2.5
    endloop
  endfacet
  facet normal 0.277076 0.960848 -0
    outer loop
      vertex 52.1708 34.5716 2.5
      vertex 51.8476 34.6648 7.5
      vertex 52.1708 34.5716 7.5
    endloop
  endfacet
  facet normal 0.277076 0.960848 0
    outer loop
      vertex 51.8476 34.6648 7.5
      vertex 52.1708 34.5716 2.5
      vertex 51.8476 34.6648 2.5
    endloop
  endfacet
  facet normal -0.0561779 -0.998421 0
    outer loop
      vertex 50.8441 28.7589 2.5
      vertex 51.18 28.74 7.5
      vertex 50.8441 28.7589 7.5
    endloop
  endfacet
  facet normal -0.0561779 -0.998421 -0
    outer loop
      vertex 51.18 28.74 7.5
      vertex 50.8441 28.7589 2.5
      vertex 51.18 28.74 2.5
    endloop
  endfacet
  facet normal -0.277076 0.960848 0
    outer loop
      vertex 50.5124 34.6648 2.5
      vertex 50.1892 34.5716 7.5
      vertex 50.5124 34.6648 7.5
    endloop
  endfacet
  facet normal -0.277076 0.960848 0
    outer loop
      vertex 50.1892 34.5716 7.5
      vertex 50.5124 34.6648 2.5
      vertex 50.1892 34.5716 2.5
    endloop
  endfacet
  facet normal -0.666465 0.745537 0
    outer loop
      vertex 49.3095 34.0855 2.5
      vertex 49.0587 33.8613 7.5
      vertex 49.3095 34.0855 7.5
    endloop
  endfacet
  facet normal -0.666465 0.745537 0
    outer loop
      vertex 49.0587 33.8613 7.5
      vertex 49.3095 34.0855 2.5
      vertex 49.0587 33.8613 2.5
    endloop
  endfacet
  facet normal -0.923919 0.382588 0
    outer loop
      vertex 48.3484 32.7308 2.5
      vertex 48.4771 33.0416 7.5
      vertex 48.4771 33.0416 2.5
    endloop
  endfacet
  facet normal -0.923919 0.382588 0
    outer loop
      vertex 48.4771 33.0416 7.5
      vertex 48.3484 32.7308 2.5
      vertex 48.3484 32.7308 7.5
    endloop
  endfacet
  facet normal -0.960848 0.277076 0
    outer loop
      vertex 48.2552 32.4076 2.5
      vertex 48.3484 32.7308 7.5
      vertex 48.3484 32.7308 2.5
    endloop
  endfacet
  facet normal -0.960848 0.277076 0
    outer loop
      vertex 48.3484 32.7308 7.5
      vertex 48.2552 32.4076 2.5
      vertex 48.2552 32.4076 7.5
    endloop
  endfacet
  facet normal 0.960927 -0.276802 0
    outer loop
      vertex 54.0117 30.7492 7.5
      vertex 54.1048 31.0724 2.5
      vertex 54.1048 31.0724 7.5
    endloop
  endfacet
  facet normal 0.960927 -0.276802 0
    outer loop
      vertex 54.1048 31.0724 2.5
      vertex 54.0117 30.7492 7.5
      vertex 54.0117 30.7492 2.5
    endloop
  endfacet
  facet normal 0.167338 -0.9859 0
    outer loop
      vertex 51.5159 28.7589 2.5
      vertex 51.8476 28.8152 7.5
      vertex 51.5159 28.7589 7.5
    endloop
  endfacet
  facet normal 0.167338 -0.9859 0
    outer loop
      vertex 51.8476 28.8152 7.5
      vertex 51.5159 28.7589 2.5
      vertex 51.8476 28.8152 2.5
    endloop
  endfacet
  facet normal -0.0561779 0.998421 0
    outer loop
      vertex 51.18 34.74 2.5
      vertex 50.8441 34.7211 7.5
      vertex 51.18 34.74 7.5
    endloop
  endfacet
  facet normal -0.0561779 0.998421 0
    outer loop
      vertex 50.8441 34.7211 7.5
      vertex 51.18 34.74 2.5
      vertex 50.8441 34.7211 2.5
    endloop
  endfacet
  facet normal -0.167338 -0.9859 0
    outer loop
      vertex 50.5124 28.8152 2.5
      vertex 50.8441 28.7589 7.5
      vertex 50.5124 28.8152 7.5
    endloop
  endfacet
  facet normal -0.167338 -0.9859 -0
    outer loop
      vertex 50.8441 28.7589 7.5
      vertex 50.5124 28.8152 2.5
      vertex 50.8441 28.7589 2.5
    endloop
  endfacet
  facet normal 0.666465 0.745537 -0
    outer loop
      vertex 53.3013 33.8613 2.5
      vertex 53.0505 34.0855 7.5
      vertex 53.3013 33.8613 7.5
    endloop
  endfacet
  facet normal 0.666465 0.745537 0
    outer loop
      vertex 53.0505 34.0855 7.5
      vertex 53.3013 33.8613 2.5
      vertex 53.0505 34.0855 2.5
    endloop
  endfacet
  facet normal -0.923963 -0.382483 0
    outer loop
      vertex 48.4771 30.4383 2.5
      vertex 48.3484 30.7492 7.5
      vertex 48.3484 30.7492 2.5
    endloop
  endfacet
  facet normal -0.923963 -0.382483 0
    outer loop
      vertex 48.3484 30.7492 7.5
      vertex 48.4771 30.4383 2.5
      vertex 48.4771 30.4383 7.5
    endloop
  endfacet
  facet normal -0.998421 -0.0561779 0
    outer loop
      vertex 48.1989 31.4041 2.5
      vertex 48.18 31.74 7.5
      vertex 48.18 31.74 2.5
    endloop
  endfacet
  facet normal -0.998421 -0.0561779 0
    outer loop
      vertex 48.18 31.74 7.5
      vertex 48.1989 31.4041 2.5
      vertex 48.1989 31.4041 7.5
    endloop
  endfacet
  facet normal 0.578677 0.815557 -0
    outer loop
      vertex 53.0505 34.0855 2.5
      vertex 52.7761 34.2802 7.5
      vertex 53.0505 34.0855 7.5
    endloop
  endfacet
  facet normal 0.578677 0.815557 0
    outer loop
      vertex 52.7761 34.2802 7.5
      vertex 53.0505 34.0855 2.5
      vertex 52.7761 34.2802 2.5
    endloop
  endfacet
  facet normal -0.483698 0.875235 0
    outer loop
      vertex 49.8783 34.4429 2.5
      vertex 49.5839 34.2802 7.5
      vertex 49.8783 34.4429 7.5
    endloop
  endfacet
  facet normal -0.483698 0.875235 0
    outer loop
      vertex 49.5839 34.2802 7.5
      vertex 49.8783 34.4429 2.5
      vertex 49.5839 34.2802 2.5
    endloop
  endfacet
  facet normal -0.9859 -0.167338 0
    outer loop
      vertex 48.2552 31.0724 2.5
      vertex 48.1989 31.4041 7.5
      vertex 48.1989 31.4041 2.5
    endloop
  endfacet
  facet normal -0.9859 -0.167338 0
    outer loop
      vertex 48.1989 31.4041 7.5
      vertex 48.2552 31.0724 2.5
      vertex 48.2552 31.0724 7.5
    endloop
  endfacet
  facet normal -0.167338 0.9859 0
    outer loop
      vertex 50.8441 34.7211 2.5
      vertex 50.5124 34.6648 7.5
      vertex 50.8441 34.7211 7.5
    endloop
  endfacet
  facet normal -0.167338 0.9859 0
    outer loop
      vertex 50.5124 34.6648 7.5
      vertex 50.8441 34.7211 2.5
      vertex 50.5124 34.6648 2.5
    endloop
  endfacet
  facet normal -0.815557 0.578677 0
    outer loop
      vertex 48.6398 33.3361 2.5
      vertex 48.8345 33.6105 7.5
      vertex 48.8345 33.6105 2.5
    endloop
  endfacet
  facet normal -0.815557 0.578677 0
    outer loop
      vertex 48.8345 33.6105 7.5
      vertex 48.6398 33.3361 2.5
      vertex 48.6398 33.3361 7.5
    endloop
  endfacet
  facet normal -0.745537 -0.666465 0
    outer loop
      vertex 49.0587 29.6187 2.5
      vertex 48.8345 29.8695 7.5
      vertex 48.8345 29.8695 2.5
    endloop
  endfacet
  facet normal -0.745537 -0.666465 0
    outer loop
      vertex 48.8345 29.8695 7.5
      vertex 49.0587 29.6187 2.5
      vertex 49.0587 29.6187 7.5
    endloop
  endfacet
  facet normal -0.578677 -0.815557 0
    outer loop
      vertex 49.3095 29.3945 2.5
      vertex 49.5839 29.1998 7.5
      vertex 49.3095 29.3945 7.5
    endloop
  endfacet
  facet normal -0.578677 -0.815557 -0
    outer loop
      vertex 49.5839 29.1998 7.5
      vertex 49.3095 29.3945 2.5
      vertex 49.5839 29.1998 2.5
    endloop
  endfacet
  facet normal 0.483698 0.875235 -0
    outer loop
      vertex 52.7761 34.2802 2.5
      vertex 52.4817 34.4429 7.5
      vertex 52.7761 34.2802 7.5
    endloop
  endfacet
  facet normal 0.483698 0.875235 0
    outer loop
      vertex 52.4817 34.4429 7.5
      vertex 52.7761 34.2802 2.5
      vertex 52.4817 34.4429 2.5
    endloop
  endfacet
  facet normal 0.745537 0.666465 0
    outer loop
      vertex 53.5255 33.6105 7.5
      vertex 53.3013 33.8613 2.5
      vertex 53.3013 33.8613 7.5
    endloop
  endfacet
  facet normal 0.745537 0.666465 0
    outer loop
      vertex 53.3013 33.8613 2.5
      vertex 53.5255 33.6105 7.5
      vertex 53.5255 33.6105 2.5
    endloop
  endfacet
  facet normal -0.745537 0.666465 0
    outer loop
      vertex 48.8345 33.6105 2.5
      vertex 49.0587 33.8613 7.5
      vertex 49.0587 33.8613 2.5
    endloop
  endfacet
  facet normal -0.745537 0.666465 0
    outer loop
      vertex 49.0587 33.8613 7.5
      vertex 48.8345 33.6105 2.5
      vertex 48.8345 33.6105 7.5
    endloop
  endfacet
  facet normal 0.382737 -0.923857 0
    outer loop
      vertex 52.1708 28.9083 2.5
      vertex 52.4817 29.0371 7.5
      vertex 52.1708 28.9083 7.5
    endloop
  endfacet
  facet normal 0.382737 -0.923857 0
    outer loop
      vertex 52.4817 29.0371 7.5
      vertex 52.1708 28.9083 2.5
      vertex 52.4817 29.0371 2.5
    endloop
  endfacet
  facet normal 0.0561779 0.998421 -0
    outer loop
      vertex 51.5159 34.7211 2.5
      vertex 51.18 34.74 7.5
      vertex 51.5159 34.7211 7.5
    endloop
  endfacet
  facet normal 0.0561779 0.998421 0
    outer loop
      vertex 51.18 34.74 7.5
      vertex 51.5159 34.7211 2.5
      vertex 51.18 34.74 2.5
    endloop
  endfacet
  facet normal -0.875235 -0.483698 0
    outer loop
      vertex 48.6398 30.1439 2.5
      vertex 48.4771 30.4383 7.5
      vertex 48.4771 30.4383 2.5
    endloop
  endfacet
  facet normal -0.875235 -0.483698 0
    outer loop
      vertex 48.4771 30.4383 7.5
      vertex 48.6398 30.1439 2.5
      vertex 48.6398 30.1439 7.5
    endloop
  endfacet
  facet normal 0.815557 -0.578677 0
    outer loop
      vertex 53.5255 29.8695 7.5
      vertex 53.7202 30.1439 2.5
      vertex 53.7202 30.1439 7.5
    endloop
  endfacet
  facet normal 0.815557 -0.578677 0
    outer loop
      vertex 53.7202 30.1439 2.5
      vertex 53.5255 29.8695 7.5
      vertex 53.5255 29.8695 2.5
    endloop
  endfacet
  facet normal 0.666465 -0.745537 0
    outer loop
      vertex 53.0505 29.3945 2.5
      vertex 53.3013 29.6187 7.5
      vertex 53.0505 29.3945 7.5
    endloop
  endfacet
  facet normal 0.666465 -0.745537 0
    outer loop
      vertex 53.3013 29.6187 7.5
      vertex 53.0505 29.3945 2.5
      vertex 53.3013 29.6187 2.5
    endloop
  endfacet
  facet normal -0.815557 -0.578677 0
    outer loop
      vertex 48.8345 29.8695 2.5
      vertex 48.6398 30.1439 7.5
      vertex 48.6398 30.1439 2.5
    endloop
  endfacet
  facet normal -0.815557 -0.578677 0
    outer loop
      vertex 48.6398 30.1439 7.5
      vertex 48.8345 29.8695 2.5
      vertex 48.8345 29.8695 7.5
    endloop
  endfacet
  facet normal -0.960848 -0.277076 0
    outer loop
      vertex 48.3484 30.7492 2.5
      vertex 48.2552 31.0724 7.5
      vertex 48.2552 31.0724 2.5
    endloop
  endfacet
  facet normal -0.960848 -0.277076 0
    outer loop
      vertex 48.2552 31.0724 7.5
      vertex 48.3484 30.7492 2.5
      vertex 48.3484 30.7492 7.5
    endloop
  endfacet
  facet normal 0.0561779 -0.998421 0
    outer loop
      vertex 51.18 28.74 2.5
      vertex 51.5159 28.7589 7.5
      vertex 51.18 28.74 7.5
    endloop
  endfacet
  facet normal 0.0561779 -0.998421 0
    outer loop
      vertex 51.5159 28.7589 7.5
      vertex 51.18 28.74 2.5
      vertex 51.5159 28.7589 2.5
    endloop
  endfacet
  facet normal 0 0 1
    outer loop
      vertex 52.43 31.74 7.5
      vertex 54.18 31.74 7.5
      vertex 54.1611 32.0759 7.5
    endloop
  endfacet
  facet normal 0 0 1
    outer loop
      vertex 52.43 31.74 7.5
      vertex 54.1611 32.0759 7.5
      vertex 54.1048 32.4076 7.5
    endloop
  endfacet
  facet normal 0 0 1
    outer loop
      vertex 54.18 31.74 7.5
      vertex 52.43 31.74 7.5
      vertex 54.1611 31.4041 7.5
    endloop
  endfacet
  facet normal 0 0 1
    outer loop
      vertex 52.3349 32.2184 7.5
      vertex 54.1048 32.4076 7.5
      vertex 54.0117 32.7308 7.5
    endloop
  endfacet
  facet normal 0 0 1
    outer loop
      vertex 54.1611 31.4041 7.5
      vertex 52.43 31.74 7.5
      vertex 54.1048 31.0724 7.5
    endloop
  endfacet
  facet normal 0 0 1
    outer loop
      vertex 52.3349 32.2184 7.5
      vertex 54.0117 32.7308 7.5
      vertex 53.8829 33.0416 7.5
    endloop
  endfacet
  facet normal -0 0 1
    outer loop
      vertex 52.3349 31.2616 7.5
      vertex 54.1048 31.0724 7.5
      vertex 52.43 31.74 7.5
    endloop
  endfacet
  facet normal 0 0 1
    outer loop
      vertex 52.3349 32.2184 7.5
      vertex 53.8829 33.0416 7.5
      vertex 53.7202 33.3361 7.5
    endloop
  endfacet
  facet normal 0 0 1
    outer loop
      vertex 54.1048 31.0724 7.5
      vertex 52.3349 31.2616 7.5
      vertex 54.0117 30.7492 7.5
    endloop
  endfacet
  facet normal 0 0 1
    outer loop
      vertex 52.0639 32.6239 7.5
      vertex 53.7202 33.3361 7.5
      vertex 53.5255 33.6105 7.5
    endloop
  endfacet
  facet normal 0 0 1
    outer loop
      vertex 54.0117 30.7492 7.5
      vertex 52.3349 31.2616 7.5
      vertex 53.8829 30.4383 7.5
    endloop
  endfacet
  facet normal 0 0 1
    outer loop
      vertex 52.0639 32.6239 7.5
      vertex 53.5255 33.6105 7.5
      vertex 53.3013 33.8613 7.5
    endloop
  endfacet
  facet normal 0 0 1
    outer loop
      vertex 53.8829 30.4383 7.5
      vertex 52.3349 31.2616 7.5
      vertex 53.7202 30.1439 7.5
    endloop
  endfacet
  facet normal 0 0 1
    outer loop
      vertex 52.0639 32.6239 7.5
      vertex 53.3013 33.8613 7.5
      vertex 53.0505 34.0855 7.5
    endloop
  endfacet
  facet normal -0 0 1
    outer loop
      vertex 52.0639 30.8561 7.5
      vertex 53.7202 30.1439 7.5
      vertex 52.3349 31.2616 7.5
    endloop
  endfacet
  facet normal 0 0 1
    outer loop
      vertex 52.0639 32.6239 7.5
      vertex 53.0505 34.0855 7.5
      vertex 52.7761 34.2802 7.5
    endloop
  endfacet
  facet normal 0 0 1
    outer loop
      vertex 53.7202 30.1439 7.5
      vertex 52.0639 30.8561 7.5
      vertex 53.5255 29.8695 7.5
    endloop
  endfacet
  facet normal 0 0 1
    outer loop
      vertex 51.6584 32.8948 7.5
      vertex 52.7761 34.2802 7.5
      vertex 52.4817 34.4429 7.5
    endloop
  endfacet
  facet normal 0 0 1
    outer loop
      vertex 53.5255 29.8695 7.5
      vertex 52.0639 30.8561 7.5
      vertex 53.3013 29.6187 7.5
    endloop
  endfacet
  facet normal 0 0 1
    outer loop
      vertex 53.3013 29.6187 7.5
      vertex 52.0639 30.8561 7.5
      vertex 53.0505 29.3945 7.5
    endloop
  endfacet
  facet normal 0 0 1
    outer loop
      vertex 54.1048 32.4076 7.5
      vertex 52.3349 32.2184 7.5
      vertex 52.43 31.74 7.5
    endloop
  endfacet
  facet normal 0 0 1
    outer loop
      vertex 51.6584 32.8948 7.5
      vertex 52.4817 34.4429 7.5
      vertex 52.1708 34.5716 7.5
    endloop
  endfacet
  facet normal 0 0 1
    outer loop
      vertex 53.7202 33.3361 7.5
      vertex 52.0639 32.6239 7.5
      vertex 52.3349 32.2184 7.5
    endloop
  endfacet
  facet normal 0 0 1
    outer loop
      vertex 51.6584 32.8948 7.5
      vertex 52.1708 34.5716 7.5
      vertex 51.8476 34.6648 7.5
    endloop
  endfacet
  facet normal 0 0 1
    outer loop
      vertex 52.7761 34.2802 7.5
      vertex 51.6584 32.8948 7.5
      vertex 52.0639 32.6239 7.5
    endloop
  endfacet
  facet normal 0 0 1
    outer loop
      vertex 51.18 32.99 7.5
      vertex 51.8476 34.6648 7.5
      vertex 51.5159 34.7211 7.5
    endloop
  endfacet
  facet normal 0 0 1
    outer loop
      vertex 51.18 32.99 7.5
      vertex 51.5159 34.7211 7.5
      vertex 51.18 34.74 7.5
    endloop
  endfacet
  facet normal 0 0 1
    outer loop
      vertex 51.8476 34.6648 7.5
      vertex 51.18 32.99 7.5
      vertex 51.6584 32.8948 7.5
    endloop
  endfacet
  facet normal -0 0 1
    outer loop
      vertex 50.8441 34.7211 7.5
      vertex 51.18 32.99 7.5
      vertex 51.18 34.74 7.5
    endloop
  endfacet
  facet normal -0 0 1
    outer loop
      vertex 50.5124 34.6648 7.5
      vertex 51.18 32.99 7.5
      vertex 50.8441 34.7211 7.5
    endloop
  endfacet
  facet normal 0 0 1
    outer loop
      vertex 51.18 32.99 7.5
      vertex 50.5124 34.6648 7.5
      vertex 50.7016 32.8948 7.5
    endloop
  endfacet
  facet normal -0 0 1
    outer loop
      vertex 50.1892 34.5716 7.5
      vertex 50.7016 32.8948 7.5
      vertex 50.5124 34.6648 7.5
    endloop
  endfacet
  facet normal -0 0 1
    outer loop
      vertex 49.8783 34.4429 7.5
      vertex 50.7016 32.8948 7.5
      vertex 50.1892 34.5716 7.5
    endloop
  endfacet
  facet normal -0 0 1
    outer loop
      vertex 49.5839 34.2802 7.5
      vertex 50.7016 32.8948 7.5
      vertex 49.8783 34.4429 7.5
    endloop
  endfacet
  facet normal 0 0 1
    outer loop
      vertex 50.7016 32.8948 7.5
      vertex 49.5839 34.2802 7.5
      vertex 50.2961 32.6239 7.5
    endloop
  endfacet
  facet normal -0 0 1
    outer loop
      vertex 49.3095 34.0855 7.5
      vertex 50.2961 32.6239 7.5
      vertex 49.5839 34.2802 7.5
    endloop
  endfacet
  facet normal 0 0 1
    outer loop
      vertex 53.0505 29.3945 7.5
      vertex 52.0639 30.8561 7.5
      vertex 52.7761 29.1998 7.5
    endloop
  endfacet
  facet normal -0 0 1
    outer loop
      vertex 51.6584 30.5851 7.5
      vertex 52.7761 29.1998 7.5
      vertex 52.0639 30.8561 7.5
    endloop
  endfacet
  facet normal 0 0 1
    outer loop
      vertex 52.7761 29.1998 7.5
      vertex 51.6584 30.5851 7.5
      vertex 52.4817 29.0371 7.5
    endloop
  endfacet
  facet normal 0 0 1
    outer loop
      vertex 52.4817 29.0371 7.5
      vertex 51.6584 30.5851 7.5
      vertex 52.1708 28.9083 7.5
    endloop
  endfacet
  facet normal 0 0 1
    outer loop
      vertex 52.1708 28.9083 7.5
      vertex 51.6584 30.5851 7.5
      vertex 51.8476 28.8152 7.5
    endloop
  endfacet
  facet normal -0 0 1
    outer loop
      vertex 51.18 30.49 7.5
      vertex 51.8476 28.8152 7.5
      vertex 51.6584 30.5851 7.5
    endloop
  endfacet
  facet normal 0 0 1
    outer loop
      vertex 51.8476 28.8152 7.5
      vertex 51.18 30.49 7.5
      vertex 51.5159 28.7589 7.5
    endloop
  endfacet
  facet normal 0 0 1
    outer loop
      vertex 51.18 30.49 7.5
      vertex 51.18 28.74 7.5
      vertex 51.5159 28.7589 7.5
    endloop
  endfacet
  facet normal 0 0 1
    outer loop
      vertex 51.18 30.49 7.5
      vertex 50.8441 28.7589 7.5
      vertex 51.18 28.74 7.5
    endloop
  endfacet
  facet normal 0 0 1
    outer loop
      vertex 50.5124 28.8152 7.5
      vertex 51.18 30.49 7.5
      vertex 50.7016 30.5851 7.5
    endloop
  endfacet
  facet normal 0 0 1
    outer loop
      vertex 51.18 30.49 7.5
      vertex 50.5124 28.8152 7.5
      vertex 50.8441 28.7589 7.5
    endloop
  endfacet
  facet normal 0 0 1
    outer loop
      vertex 49.5839 29.1998 7.5
      vertex 50.7016 30.5851 7.5
      vertex 50.2961 30.8561 7.5
    endloop
  endfacet
  facet normal 0 0 1
    outer loop
      vertex 50.7016 30.5851 7.5
      vertex 50.1892 28.9083 7.5
      vertex 50.5124 28.8152 7.5
    endloop
  endfacet
  facet normal 0 0 1
    outer loop
      vertex 48.6398 30.1439 7.5
      vertex 50.2961 30.8561 7.5
      vertex 50.0252 31.2616 7.5
    endloop
  endfacet
  facet normal 0 0 1
    outer loop
      vertex 48.2552 31.0724 7.5
      vertex 50.0252 31.2616 7.5
      vertex 49.93 31.74 7.5
    endloop
  endfacet
  facet normal 0 0 1
    outer loop
      vertex 50.7016 30.5851 7.5
      vertex 49.8783 29.0371 7.5
      vertex 50.1892 28.9083 7.5
    endloop
  endfacet
  facet normal -0 0 1
    outer loop
      vertex 49.0587 33.8613 7.5
      vertex 50.2961 32.6239 7.5
      vertex 49.3095 34.0855 7.5
    endloop
  endfacet
  facet normal -0 0 1
    outer loop
      vertex 48.8345 33.6105 7.5
      vertex 50.2961 32.6239 7.5
      vertex 49.0587 33.8613 7.5
    endloop
  endfacet
  facet normal 0 0 1
    outer loop
      vertex 50.7016 30.5851 7.5
      vertex 49.5839 29.1998 7.5
      vertex 49.8783 29.0371 7.5
    endloop
  endfacet
  facet normal -0 0 1
    outer loop
      vertex 48.6398 33.3361 7.5
      vertex 50.2961 32.6239 7.5
      vertex 48.8345 33.6105 7.5
    endloop
  endfacet
  facet normal 0 0 1
    outer loop
      vertex 50.2961 30.8561 7.5
      vertex 49.3095 29.3945 7.5
      vertex 49.5839 29.1998 7.5
    endloop
  endfacet
  facet normal 0 0 1
    outer loop
      vertex 50.2961 32.6239 7.5
      vertex 48.6398 33.3361 7.5
      vertex 50.0252 32.2184 7.5
    endloop
  endfacet
  facet normal 0 0 1
    outer loop
      vertex 50.2961 30.8561 7.5
      vertex 49.0587 29.6187 7.5
      vertex 49.3095 29.3945 7.5
    endloop
  endfacet
  facet normal -0 0 1
    outer loop
      vertex 48.4771 33.0416 7.5
      vertex 50.0252 32.2184 7.5
      vertex 48.6398 33.3361 7.5
    endloop
  endfacet
  facet normal 0 0 1
    outer loop
      vertex 50.2961 30.8561 7.5
      vertex 48.8345 29.8695 7.5
      vertex 49.0587 29.6187 7.5
    endloop
  endfacet
  facet normal -0 0 1
    outer loop
      vertex 48.3484 32.7308 7.5
      vertex 50.0252 32.2184 7.5
      vertex 48.4771 33.0416 7.5
    endloop
  endfacet
  facet normal 0 0 1
    outer loop
      vertex 50.2961 30.8561 7.5
      vertex 48.6398 30.1439 7.5
      vertex 48.8345 29.8695 7.5
    endloop
  endfacet
  facet normal -0 0 1
    outer loop
      vertex 48.2552 32.4076 7.5
      vertex 50.0252 32.2184 7.5
      vertex 48.3484 32.7308 7.5
    endloop
  endfacet
  facet normal 0 0 1
    outer loop
      vertex 50.0252 31.2616 7.5
      vertex 48.4771 30.4383 7.5
      vertex 48.6398 30.1439 7.5
    endloop
  endfacet
  facet normal 0 0 1
    outer loop
      vertex 50.0252 32.2184 7.5
      vertex 48.2552 32.4076 7.5
      vertex 49.93 31.74 7.5
    endloop
  endfacet
  facet normal 0 0 1
    outer loop
      vertex 50.0252 31.2616 7.5
      vertex 48.3484 30.7492 7.5
      vertex 48.4771 30.4383 7.5
    endloop
  endfacet
  facet normal -0 0 1
    outer loop
      vertex 48.1989 32.0759 7.5
      vertex 49.93 31.74 7.5
      vertex 48.2552 32.4076 7.5
    endloop
  endfacet
  facet normal 0 0 1
    outer loop
      vertex 50.0252 31.2616 7.5
      vertex 48.2552 31.0724 7.5
      vertex 48.3484 30.7492 7.5
    endloop
  endfacet
  facet normal 0 0 1
    outer loop
      vertex 48.18 31.74 7.5
      vertex 49.93 31.74 7.5
      vertex 48.1989 32.0759 7.5
    endloop
  endfacet
  facet normal 0 0 1
    outer loop
      vertex 49.93 31.74 7.5
      vertex 48.1989 31.4041 7.5
      vertex 48.2552 31.0724 7.5
    endloop
  endfacet
  facet normal 0 0 1
    outer loop
      vertex 49.93 31.74 7.5
      vertex 48.18 31.74 7.5
      vertex 48.1989 31.4041 7.5
    endloop
  endfacet
  facet normal -0.666465 -0.745537 0
    outer loop
      vertex 49.0587 29.6187 2.5
      vertex 49.3095 29.3945 7.5
      vertex 49.0587 29.6187 7.5
    endloop
  endfacet
  facet normal -0.666465 -0.745537 -0
    outer loop
      vertex 49.3095 29.3945 7.5
      vertex 49.0587 29.6187 2.5
      vertex 49.3095 29.3945 2.5
    endloop
  endfacet
  facet normal 0.276802 -0.960927 0
    outer loop
      vertex 51.8476 28.8152 2.5
      vertex 52.1708 28.9083 7.5
      vertex 51.8476 28.8152 7.5
    endloop
  endfacet
  facet normal 0.276802 -0.960927 0
    outer loop
      vertex 52.1708 28.9083 7.5
      vertex 51.8476 28.8152 2.5
      vertex 52.1708 28.9083 2.5
    endloop
  endfacet
  facet normal 0.875235 -0.483698 0
    outer loop
      vertex 53.7202 30.1439 7.5
      vertex 53.8829 30.4383 2.5
      vertex 53.8829 30.4383 7.5
    endloop
  endfacet
  facet normal 0.875235 -0.483698 0
    outer loop
      vertex 53.8829 30.4383 2.5
      vertex 53.7202 30.1439 7.5
      vertex 53.7202 30.1439 2.5
    endloop
  endfacet
  facet normal 0.167338 0.9859 -0
    outer loop
      vertex 51.8476 34.6648 2.5
      vertex 51.5159 34.7211 7.5
      vertex 51.8476 34.6648 7.5
    endloop
  endfacet
  facet normal 0.167338 0.9859 0
    outer loop
      vertex 51.5159 34.7211 7.5
      vertex 51.8476 34.6648 2.5
      vertex 51.5159 34.7211 2.5
    endloop
  endfacet
  facet normal -0.998421 0.0561779 0
    outer loop
      vertex 48.18 31.74 2.5
      vertex 48.1989 32.0759 7.5
      vertex 48.1989 32.0759 2.5
    endloop
  endfacet
  facet normal -0.998421 0.0561779 0
    outer loop
      vertex 48.1989 32.0759 7.5
      vertex 48.18 31.74 2.5
      vertex 48.18 31.74 7.5
    endloop
  endfacet
  facet normal -0.382737 -0.923857 0
    outer loop
      vertex 49.8783 29.0371 2.5
      vertex 50.1892 28.9083 7.5
      vertex 49.8783 29.0371 7.5
    endloop
  endfacet
  facet normal -0.382737 -0.923857 -0
    outer loop
      vertex 50.1892 28.9083 7.5
      vertex 49.8783 29.0371 2.5
      vertex 50.1892 28.9083 2.5
    endloop
  endfacet
  facet normal -0.875304 0.483572 0
    outer loop
      vertex 48.4771 33.0416 2.5
      vertex 48.6398 33.3361 7.5
      vertex 48.6398 33.3361 2.5
    endloop
  endfacet
  facet normal -0.875304 0.483572 0
    outer loop
      vertex 48.6398 33.3361 7.5
      vertex 48.4771 33.0416 2.5
      vertex 48.4771 33.0416 7.5
    endloop
  endfacet
  facet normal -0.9859 0.167338 0
    outer loop
      vertex 20.2589 32.0759 2.5
      vertex 20.3152 32.4076 7.5
      vertex 20.3152 32.4076 2.5
    endloop
  endfacet
  facet normal -0.9859 0.167338 0
    outer loop
      vertex 20.3152 32.4076 7.5
      vertex 20.2589 32.0759 2.5
      vertex 20.2589 32.0759 7.5
    endloop
  endfacet
  facet normal 0.9859 0.167338 0
    outer loop
      vertex 26.2211 32.0759 7.5
      vertex 26.1648 32.4076 2.5
      vertex 26.1648 32.4076 7.5
    endloop
  endfacet
  facet normal 0.9859 0.167338 0
    outer loop
      vertex 26.1648 32.4076 2.5
      vertex 26.2211 32.0759 7.5
      vertex 26.2211 32.0759 2.5
    endloop
  endfacet
  facet normal 0.998421 0.0561779 0
    outer loop
      vertex 26.24 31.74 7.5
      vertex 26.2211 32.0759 2.5
      vertex 26.2211 32.0759 7.5
    endloop
  endfacet
  facet normal 0.998421 0.0561779 0
    outer loop
      vertex 26.2211 32.0759 2.5
      vertex 26.24 31.74 7.5
      vertex 26.24 31.74 2.5
    endloop
  endfacet
  facet normal 0.960848 0.277076 0
    outer loop
      vertex 26.1648 32.4076 7.5
      vertex 26.0716 32.7308 2.5
      vertex 26.0716 32.7308 7.5
    endloop
  endfacet
  facet normal 0.960848 0.277076 0
    outer loop
      vertex 26.0716 32.7308 2.5
      vertex 26.1648 32.4076 7.5
      vertex 26.1648 32.4076 2.5
    endloop
  endfacet
  facet normal 0.815557 0.578677 0
    outer loop
      vertex 25.7802 33.3361 7.5
      vertex 25.5855 33.6105 2.5
      vertex 25.5855 33.6105 7.5
    endloop
  endfacet
  facet normal 0.815557 0.578677 0
    outer loop
      vertex 25.5855 33.6105 2.5
      vertex 25.7802 33.3361 7.5
      vertex 25.7802 33.3361 2.5
    endloop
  endfacet
  facet normal -0.277076 0.960848 0
    outer loop
      vertex 22.5724 34.6648 2.5
      vertex 22.2492 34.5716 7.5
      vertex 22.5724 34.6648 7.5
    endloop
  endfacet
  facet normal -0.277076 0.960848 0
    outer loop
      vertex 22.2492 34.5716 7.5
      vertex 22.5724 34.6648 2.5
      vertex 22.2492 34.5716 2.5
    endloop
  endfacet
  facet normal 0.167338 0.9859 -0
    outer loop
      vertex 23.9076 34.6648 2.5
      vertex 23.5759 34.7211 7.5
      vertex 23.9076 34.6648 7.5
    endloop
  endfacet
  facet normal 0.167338 0.9859 0
    outer loop
      vertex 23.5759 34.7211 7.5
      vertex 23.9076 34.6648 2.5
      vertex 23.5759 34.7211 2.5
    endloop
  endfacet
  facet normal 0.923919 0.382588 0
    outer loop
      vertex 26.0716 32.7308 7.5
      vertex 25.9429 33.0416 2.5
      vertex 25.9429 33.0416 7.5
    endloop
  endfacet
  facet normal 0.923919 0.382588 0
    outer loop
      vertex 25.9429 33.0416 2.5
      vertex 26.0716 32.7308 7.5
      vertex 26.0716 32.7308 2.5
    endloop
  endfacet
  facet normal 0.666465 -0.745537 0
    outer loop
      vertex 25.1105 29.3945 2.5
      vertex 25.3613 29.6187 7.5
      vertex 25.1105 29.3945 7.5
    endloop
  endfacet
  facet normal 0.666465 -0.745537 0
    outer loop
      vertex 25.3613 29.6187 7.5
      vertex 25.1105 29.3945 2.5
      vertex 25.3613 29.6187 2.5
    endloop
  endfacet
  facet normal -0.382483 0.923963 0
    outer loop
      vertex 22.2492 34.5716 2.5
      vertex 21.9383 34.4429 7.5
      vertex 22.2492 34.5716 7.5
    endloop
  endfacet
  facet normal -0.382483 0.923963 0
    outer loop
      vertex 21.9383 34.4429 7.5
      vertex 22.2492 34.5716 2.5
      vertex 21.9383 34.4429 2.5
    endloop
  endfacet
  facet normal 0.382737 -0.923857 0
    outer loop
      vertex 24.2308 28.9083 2.5
      vertex 24.5417 29.0371 7.5
      vertex 24.2308 28.9083 7.5
    endloop
  endfacet
  facet normal 0.382737 -0.923857 0
    outer loop
      vertex 24.5417 29.0371 7.5
      vertex 24.2308 28.9083 2.5
      vertex 24.5417 29.0371 2.5
    endloop
  endfacet
  facet normal 0.483698 -0.875235 0
    outer loop
      vertex 24.5417 29.0371 2.5
      vertex 24.8361 29.1998 7.5
      vertex 24.5417 29.0371 7.5
    endloop
  endfacet
  facet normal 0.483698 -0.875235 0
    outer loop
      vertex 24.8361 29.1998 7.5
      vertex 24.5417 29.0371 2.5
      vertex 24.8361 29.1998 2.5
    endloop
  endfacet
  facet normal -0.0561779 -0.998421 0
    outer loop
      vertex 22.9041 28.7589 2.5
      vertex 23.24 28.74 7.5
      vertex 22.9041 28.7589 7.5
    endloop
  endfacet
  facet normal -0.0561779 -0.998421 -0
    outer loop
      vertex 23.24 28.74 7.5
      vertex 22.9041 28.7589 2.5
      vertex 23.24 28.74 2.5
    endloop
  endfacet
  facet normal -0.960927 0.276802 0
    outer loop
      vertex 20.3152 32.4076 2.5
      vertex 20.4083 32.7308 7.5
      vertex 20.4083 32.7308 2.5
    endloop
  endfacet
  facet normal -0.960927 0.276802 0
    outer loop
      vertex 20.4083 32.7308 7.5
      vertex 20.3152 32.4076 2.5
      vertex 20.3152 32.4076 7.5
    endloop
  endfacet
  facet normal 0.578677 0.815557 -0
    outer loop
      vertex 25.1105 34.0855 2.5
      vertex 24.8361 34.2802 7.5
      vertex 25.1105 34.0855 7.5
    endloop
  endfacet
  facet normal 0.578677 0.815557 0
    outer loop
      vertex 24.8361 34.2802 7.5
      vertex 25.1105 34.0855 2.5
      vertex 24.8361 34.2802 2.5
    endloop
  endfacet
  facet normal 0.483698 0.875235 -0
    outer loop
      vertex 24.8361 34.2802 2.5
      vertex 24.5417 34.4429 7.5
      vertex 24.8361 34.2802 7.5
    endloop
  endfacet
  facet normal 0.483698 0.875235 0
    outer loop
      vertex 24.5417 34.4429 7.5
      vertex 24.8361 34.2802 2.5
      vertex 24.5417 34.4429 2.5
    endloop
  endfacet
  facet normal 0.167338 -0.9859 0
    outer loop
      vertex 23.5759 28.7589 2.5
      vertex 23.9076 28.8152 7.5
      vertex 23.5759 28.7589 7.5
    endloop
  endfacet
  facet normal 0.167338 -0.9859 0
    outer loop
      vertex 23.9076 28.8152 7.5
      vertex 23.5759 28.7589 2.5
      vertex 23.9076 28.8152 2.5
    endloop
  endfacet
  facet normal 0.0561779 0.998421 -0
    outer loop
      vertex 23.5759 34.7211 2.5
      vertex 23.24 34.74 7.5
      vertex 23.5759 34.7211 7.5
    endloop
  endfacet
  facet normal 0.0561779 0.998421 0
    outer loop
      vertex 23.24 34.74 7.5
      vertex 23.5759 34.7211 2.5
      vertex 23.24 34.74 2.5
    endloop
  endfacet
  facet normal -0.666465 -0.745537 0
    outer loop
      vertex 21.1187 29.6187 2.5
      vertex 21.3695 29.3945 7.5
      vertex 21.1187 29.6187 7.5
    endloop
  endfacet
  facet normal -0.666465 -0.745537 -0
    outer loop
      vertex 21.3695 29.3945 7.5
      vertex 21.1187 29.6187 2.5
      vertex 21.3695 29.3945 2.5
    endloop
  endfacet
  facet normal -0.578677 0.815557 0
    outer loop
      vertex 21.6439 34.2802 2.5
      vertex 21.3695 34.0855 7.5
      vertex 21.6439 34.2802 7.5
    endloop
  endfacet
  facet normal -0.578677 0.815557 0
    outer loop
      vertex 21.3695 34.0855 7.5
      vertex 21.6439 34.2802 2.5
      vertex 21.3695 34.0855 2.5
    endloop
  endfacet
  facet normal -0.0561779 0.998421 0
    outer loop
      vertex 23.24 34.74 2.5
      vertex 22.9041 34.7211 7.5
      vertex 23.24 34.74 7.5
    endloop
  endfacet
  facet normal -0.0561779 0.998421 0
    outer loop
      vertex 22.9041 34.7211 7.5
      vertex 23.24 34.74 2.5
      vertex 22.9041 34.7211 2.5
    endloop
  endfacet
  facet normal 0.276802 -0.960927 0
    outer loop
      vertex 23.9076 28.8152 2.5
      vertex 24.2308 28.9083 7.5
      vertex 23.9076 28.8152 7.5
    endloop
  endfacet
  facet normal 0.276802 -0.960927 0
    outer loop
      vertex 24.2308 28.9083 7.5
      vertex 23.9076 28.8152 2.5
      vertex 24.2308 28.9083 2.5
    endloop
  endfacet
  facet normal -0.745537 0.666465 0
    outer loop
      vertex 20.8945 33.6105 2.5
      vertex 21.1187 33.8613 7.5
      vertex 21.1187 33.8613 2.5
    endloop
  endfacet
  facet normal -0.745537 0.666465 0
    outer loop
      vertex 21.1187 33.8613 7.5
      vertex 20.8945 33.6105 2.5
      vertex 20.8945 33.6105 7.5
    endloop
  endfacet
  facet normal 0.875235 -0.483698 0
    outer loop
      vertex 25.7802 30.1439 7.5
      vertex 25.9429 30.4383 2.5
      vertex 25.9429 30.4383 7.5
    endloop
  endfacet
  facet normal 0.875235 -0.483698 0
    outer loop
      vertex 25.9429 30.4383 2.5
      vertex 25.7802 30.1439 7.5
      vertex 25.7802 30.1439 2.5
    endloop
  endfacet
  facet normal 0 0 1
    outer loop
      vertex 24.49 31.74 7.5
      vertex 26.24 31.74 7.5
      vertex 26.2211 32.0759 7.5
    endloop
  endfacet
  facet normal 0 0 1
    outer loop
      vertex 24.49 31.74 7.5
      vertex 26.2211 32.0759 7.5
      vertex 26.1648 32.4076 7.5
    endloop
  endfacet
  facet normal 0 0 1
    outer loop
      vertex 26.24 31.74 7.5
      vertex 24.49 31.74 7.5
      vertex 26.2211 31.4041 7.5
    endloop
  endfacet
  facet normal 0 0 1
    outer loop
      vertex 24.3948 32.2184 7.5
      vertex 26.1648 32.4076 7.5
      vertex 26.0716 32.7308 7.5
    endloop
  endfacet
  facet normal 0 0 1
    outer loop
      vertex 26.2211 31.4041 7.5
      vertex 24.49 31.74 7.5
      vertex 26.1648 31.0724 7.5
    endloop
  endfacet
  facet normal 0 0 1
    outer loop
      vertex 24.3948 32.2184 7.5
      vertex 26.0716 32.7308 7.5
      vertex 25.9429 33.0416 7.5
    endloop
  endfacet
  facet normal -0 0 1
    outer loop
      vertex 24.3948 31.2616 7.5
      vertex 26.1648 31.0724 7.5
      vertex 24.49 31.74 7.5
    endloop
  endfacet
  facet normal 0 0 1
    outer loop
      vertex 24.3948 32.2184 7.5
      vertex 25.9429 33.0416 7.5
      vertex 25.7802 33.3361 7.5
    endloop
  endfacet
  facet normal 0 0 1
    outer loop
      vertex 26.1648 31.0724 7.5
      vertex 24.3948 31.2616 7.5
      vertex 26.0716 30.7492 7.5
    endloop
  endfacet
  facet normal 0 0 1
    outer loop
      vertex 24.1239 32.6239 7.5
      vertex 25.7802 33.3361 7.5
      vertex 25.5855 33.6105 7.5
    endloop
  endfacet
  facet normal 0 0 1
    outer loop
      vertex 26.0716 30.7492 7.5
      vertex 24.3948 31.2616 7.5
      vertex 25.9429 30.4383 7.5
    endloop
  endfacet
  facet normal 0 0 1
    outer loop
      vertex 24.1239 32.6239 7.5
      vertex 25.5855 33.6105 7.5
      vertex 25.3613 33.8613 7.5
    endloop
  endfacet
  facet normal 0 0 1
    outer loop
      vertex 25.9429 30.4383 7.5
      vertex 24.3948 31.2616 7.5
      vertex 25.7802 30.1439 7.5
    endloop
  endfacet
  facet normal 0 0 1
    outer loop
      vertex 24.1239 32.6239 7.5
      vertex 25.3613 33.8613 7.5
      vertex 25.1105 34.0855 7.5
    endloop
  endfacet
  facet normal -0 0 1
    outer loop
      vertex 24.1239 30.8561 7.5
      vertex 25.7802 30.1439 7.5
      vertex 24.3948 31.2616 7.5
    endloop
  endfacet
  facet normal 0 0 1
    outer loop
      vertex 24.1239 32.6239 7.5
      vertex 25.1105 34.0855 7.5
      vertex 24.8361 34.2802 7.5
    endloop
  endfacet
  facet normal 0 0 1
    outer loop
      vertex 25.7802 30.1439 7.5
      vertex 24.1239 30.8561 7.5
      vertex 25.5855 29.8695 7.5
    endloop
  endfacet
  facet normal 0 0 1
    outer loop
      vertex 23.7184 32.8948 7.5
      vertex 24.8361 34.2802 7.5
      vertex 24.5417 34.4429 7.5
    endloop
  endfacet
  facet normal 0 0 1
    outer loop
      vertex 25.5855 29.8695 7.5
      vertex 24.1239 30.8561 7.5
      vertex 25.3613 29.6187 7.5
    endloop
  endfacet
  facet normal 0 0 1
    outer loop
      vertex 25.3613 29.6187 7.5
      vertex 24.1239 30.8561 7.5
      vertex 25.1105 29.3945 7.5
    endloop
  endfacet
  facet normal 0 0 1
    outer loop
      vertex 26.1648 32.4076 7.5
      vertex 24.3948 32.2184 7.5
      vertex 24.49 31.74 7.5
    endloop
  endfacet
  facet normal 0 0 1
    outer loop
      vertex 23.7184 32.8948 7.5
      vertex 24.5417 34.4429 7.5
      vertex 24.2308 34.5716 7.5
    endloop
  endfacet
  facet normal 0 0 1
    outer loop
      vertex 25.7802 33.3361 7.5
      vertex 24.1239 32.6239 7.5
      vertex 24.3948 32.2184 7.5
    endloop
  endfacet
  facet normal 0 0 1
    outer loop
      vertex 23.7184 32.8948 7.5
      vertex 24.2308 34.5716 7.5
      vertex 23.9076 34.6648 7.5
    endloop
  endfacet
  facet normal 0 0 1
    outer loop
      vertex 24.8361 34.2802 7.5
      vertex 23.7184 32.8948 7.5
      vertex 24.1239 32.6239 7.5
    endloop
  endfacet
  facet normal 0 0 1
    outer loop
      vertex 23.24 32.99 7.5
      vertex 23.9076 34.6648 7.5
      vertex 23.5759 34.7211 7.5
    endloop
  endfacet
  facet normal 0 0 1
    outer loop
      vertex 23.24 32.99 7.5
      vertex 23.5759 34.7211 7.5
      vertex 23.24 34.74 7.5
    endloop
  endfacet
  facet normal 0 0 1
    outer loop
      vertex 23.9076 34.6648 7.5
      vertex 23.24 32.99 7.5
      vertex 23.7184 32.8948 7.5
    endloop
  endfacet
  facet normal -0 0 1
    outer loop
      vertex 22.9041 34.7211 7.5
      vertex 23.24 32.99 7.5
      vertex 23.24 34.74 7.5
    endloop
  endfacet
  facet normal -0 0 1
    outer loop
      vertex 22.5724 34.6648 7.5
      vertex 23.24 32.99 7.5
      vertex 22.9041 34.7211 7.5
    endloop
  endfacet
  facet normal 0 0 1
    outer loop
      vertex 23.24 32.99 7.5
      vertex 22.5724 34.6648 7.5
      vertex 22.7616 32.8948 7.5
    endloop
  endfacet
  facet normal -0 0 1
    outer loop
      vertex 22.2492 34.5716 7.5
      vertex 22.7616 32.8948 7.5
      vertex 22.5724 34.6648 7.5
    endloop
  endfacet
  facet normal -0 0 1
    outer loop
      vertex 21.9383 34.4429 7.5
      vertex 22.7616 32.8948 7.5
      vertex 22.2492 34.5716 7.5
    endloop
  endfacet
  facet normal -0 0 1
    outer loop
      vertex 21.6439 34.2802 7.5
      vertex 22.7616 32.8948 7.5
      vertex 21.9383 34.4429 7.5
    endloop
  endfacet
  facet normal 0 0 1
    outer loop
      vertex 22.7616 32.8948 7.5
      vertex 21.6439 34.2802 7.5
      vertex 22.3561 32.6239 7.5
    endloop
  endfacet
  facet normal -0 0 1
    outer loop
      vertex 21.3695 34.0855 7.5
      vertex 22.3561 32.6239 7.5
      vertex 21.6439 34.2802 7.5
    endloop
  endfacet
  facet normal 0 0 1
    outer loop
      vertex 25.1105 29.3945 7.5
      vertex 24.1239 30.8561 7.5
      vertex 24.8361 29.1998 7.5
    endloop
  endfacet
  facet normal -0 0 1
    outer loop
      vertex 23.7184 30.5851 7.5
      vertex 24.8361 29.1998 7.5
      vertex 24.1239 30.8561 7.5
    endloop
  endfacet
  facet normal 0 0 1
    outer loop
      vertex 24.8361 29.1998 7.5
      vertex 23.7184 30.5851 7.5
      vertex 24.5417 29.0371 7.5
    endloop
  endfacet
  facet normal 0 0 1
    outer loop
      vertex 24.5417 29.0371 7.5
      vertex 23.7184 30.5851 7.5
      vertex 24.2308 28.9083 7.5
    endloop
  endfacet
  facet normal 0 0 1
    outer loop
      vertex 24.2308 28.9083 7.5
      vertex 23.7184 30.5851 7.5
      vertex 23.9076 28.8152 7.5
    endloop
  endfacet
  facet normal -0 0 1
    outer loop
      vertex 23.24 30.49 7.5
      vertex 23.9076 28.8152 7.5
      vertex 23.7184 30.5851 7.5
    endloop
  endfacet
  facet normal 0 0 1
    outer loop
      vertex 23.9076 28.8152 7.5
      vertex 23.24 30.49 7.5
      vertex 23.5759 28.7589 7.5
    endloop
  endfacet
  facet normal 0 0 1
    outer loop
      vertex 23.24 30.49 7.5
      vertex 23.24 28.74 7.5
      vertex 23.5759 28.7589 7.5
    endloop
  endfacet
  facet normal 0 0 1
    outer loop
      vertex 23.24 30.49 7.5
      vertex 22.9041 28.7589 7.5
      vertex 23.24 28.74 7.5
    endloop
  endfacet
  facet normal 0 0 1
    outer loop
      vertex 22.5724 28.8152 7.5
      vertex 23.24 30.49 7.5
      vertex 22.7616 30.5851 7.5
    endloop
  endfacet
  facet normal 0 0 1
    outer loop
      vertex 23.24 30.49 7.5
      vertex 22.5724 28.8152 7.5
      vertex 22.9041 28.7589 7.5
    endloop
  endfacet
  facet normal 0 0 1
    outer loop
      vertex 21.6439 29.1998 7.5
      vertex 22.7616 30.5851 7.5
      vertex 22.3561 30.8561 7.5
    endloop
  endfacet
  facet normal 0 0 1
    outer loop
      vertex 22.7616 30.5851 7.5
      vertex 22.2492 28.9083 7.5
      vertex 22.5724 28.8152 7.5
    endloop
  endfacet
  facet normal 0 0 1
    outer loop
      vertex 20.6998 30.1439 7.5
      vertex 22.3561 30.8561 7.5
      vertex 22.0851 31.2616 7.5
    endloop
  endfacet
  facet normal 0 0 1
    outer loop
      vertex 20.3152 31.0724 7.5
      vertex 22.0851 31.2616 7.5
      vertex 21.99 31.74 7.5
    endloop
  endfacet
  facet normal 0 0 1
    outer loop
      vertex 22.7616 30.5851 7.5
      vertex 21.9383 29.0371 7.5
      vertex 22.2492 28.9083 7.5
    endloop
  endfacet
  facet normal -0 0 1
    outer loop
      vertex 21.1187 33.8613 7.5
      vertex 22.3561 32.6239 7.5
      vertex 21.3695 34.0855 7.5
    endloop
  endfacet
  facet normal -0 0 1
    outer loop
      vertex 20.8945 33.6105 7.5
      vertex 22.3561 32.6239 7.5
      vertex 21.1187 33.8613 7.5
    endloop
  endfacet
  facet normal 0 0 1
    outer loop
      vertex 22.7616 30.5851 7.5
      vertex 21.6439 29.1998 7.5
      vertex 21.9383 29.0371 7.5
    endloop
  endfacet
  facet normal -0 0 1
    outer loop
      vertex 20.6998 33.3361 7.5
      vertex 22.3561 32.6239 7.5
      vertex 20.8945 33.6105 7.5
    endloop
  endfacet
  facet normal 0 0 1
    outer loop
      vertex 22.3561 30.8561 7.5
      vertex 21.3695 29.3945 7.5
      vertex 21.6439 29.1998 7.5
    endloop
  endfacet
  facet normal 0 0 1
    outer loop
      vertex 22.3561 32.6239 7.5
      vertex 20.6998 33.3361 7.5
      vertex 22.0851 32.2184 7.5
    endloop
  endfacet
  facet normal 0 0 1
    outer loop
      vertex 22.3561 30.8561 7.5
      vertex 21.1187 29.6187 7.5
      vertex 21.3695 29.3945 7.5
    endloop
  endfacet
  facet normal -0 0 1
    outer loop
      vertex 20.5371 33.0416 7.5
      vertex 22.0851 32.2184 7.5
      vertex 20.6998 33.3361 7.5
    endloop
  endfacet
  facet normal 0 0 1
    outer loop
      vertex 22.3561 30.8561 7.5
      vertex 20.8945 29.8695 7.5
      vertex 21.1187 29.6187 7.5
    endloop
  endfacet
  facet normal -0 0 1
    outer loop
      vertex 20.4083 32.7308 7.5
      vertex 22.0851 32.2184 7.5
      vertex 20.5371 33.0416 7.5
    endloop
  endfacet
  facet normal 0 0 1
    outer loop
      vertex 22.3561 30.8561 7.5
      vertex 20.6998 30.1439 7.5
      vertex 20.8945 29.8695 7.5
    endloop
  endfacet
  facet normal -0 0 1
    outer loop
      vertex 20.3152 32.4076 7.5
      vertex 22.0851 32.2184 7.5
      vertex 20.4083 32.7308 7.5
    endloop
  endfacet
  facet normal 0 0 1
    outer loop
      vertex 22.0851 31.2616 7.5
      vertex 20.5371 30.4383 7.5
      vertex 20.6998 30.1439 7.5
    endloop
  endfacet
  facet normal 0 0 1
    outer loop
      vertex 22.0851 32.2184 7.5
      vertex 20.3152 32.4076 7.5
      vertex 21.99 31.74 7.5
    endloop
  endfacet
  facet normal 0 0 1
    outer loop
      vertex 22.0851 31.2616 7.5
      vertex 20.4083 30.7492 7.5
      vertex 20.5371 30.4383 7.5
    endloop
  endfacet
  facet normal -0 0 1
    outer loop
      vertex 20.2589 32.0759 7.5
      vertex 21.99 31.74 7.5
      vertex 20.3152 32.4076 7.5
    endloop
  endfacet
  facet normal 0 0 1
    outer loop
      vertex 22.0851 31.2616 7.5
      vertex 20.3152 31.0724 7.5
      vertex 20.4083 30.7492 7.5
    endloop
  endfacet
  facet normal 0 0 1
    outer loop
      vertex 20.24 31.74 7.5
      vertex 21.99 31.74 7.5
      vertex 20.2589 32.0759 7.5
    endloop
  endfacet
  facet normal 0 0 1
    outer loop
      vertex 21.99 31.74 7.5
      vertex 20.2589 31.4041 7.5
      vertex 20.3152 31.0724 7.5
    endloop
  endfacet
  facet normal 0 0 1
    outer loop
      vertex 21.99 31.74 7.5
      vertex 20.24 31.74 7.5
      vertex 20.2589 31.4041 7.5
    endloop
  endfacet
  facet normal -0.960927 -0.276802 0
    outer loop
      vertex 20.4083 30.7492 2.5
      vertex 20.3152 31.0724 7.5
      vertex 20.3152 31.0724 2.5
    endloop
  endfacet
  facet normal -0.960927 -0.276802 0
    outer loop
      vertex 20.3152 31.0724 7.5
      vertex 20.4083 30.7492 2.5
      vertex 20.4083 30.7492 7.5
    endloop
  endfacet
  facet normal 0.578677 -0.815557 0
    outer loop
      vertex 24.8361 29.1998 2.5
      vertex 25.1105 29.3945 7.5
      vertex 24.8361 29.1998 7.5
    endloop
  endfacet
  facet normal 0.578677 -0.815557 0
    outer loop
      vertex 25.1105 29.3945 7.5
      vertex 24.8361 29.1998 2.5
      vertex 25.1105 29.3945 2.5
    endloop
  endfacet
  facet normal 0.0561779 -0.998421 0
    outer loop
      vertex 23.24 28.74 2.5
      vertex 23.5759 28.7589 7.5
      vertex 23.24 28.74 7.5
    endloop
  endfacet
  facet normal 0.0561779 -0.998421 0
    outer loop
      vertex 23.5759 28.7589 7.5
      vertex 23.24 28.74 2.5
      vertex 23.5759 28.7589 2.5
    endloop
  endfacet
  facet normal -0.578677 -0.815557 0
    outer loop
      vertex 21.3695 29.3945 2.5
      vertex 21.6439 29.1998 7.5
      vertex 21.3695 29.3945 7.5
    endloop
  endfacet
  facet normal -0.578677 -0.815557 -0
    outer loop
      vertex 21.6439 29.1998 7.5
      vertex 21.3695 29.3945 2.5
      vertex 21.6439 29.1998 2.5
    endloop
  endfacet
  facet normal 0.998421 -0.0561779 0
    outer loop
      vertex 26.2211 31.4041 7.5
      vertex 26.24 31.74 2.5
      vertex 26.24 31.74 7.5
    endloop
  endfacet
  facet normal 0.998421 -0.0561779 0
    outer loop
      vertex 26.24 31.74 2.5
      vertex 26.2211 31.4041 7.5
      vertex 26.2211 31.4041 2.5
    endloop
  endfacet
  facet normal 0.745537 -0.666465 0
    outer loop
      vertex 25.3613 29.6187 7.5
      vertex 25.5855 29.8695 2.5
      vertex 25.5855 29.8695 7.5
    endloop
  endfacet
  facet normal 0.745537 -0.666465 0
    outer loop
      vertex 25.5855 29.8695 2.5
      vertex 25.3613 29.6187 7.5
      vertex 25.3613 29.6187 2.5
    endloop
  endfacet
  facet normal 0.382483 0.923963 -0
    outer loop
      vertex 24.5417 34.4429 2.5
      vertex 24.2308 34.5716 7.5
      vertex 24.5417 34.4429 7.5
    endloop
  endfacet
  facet normal 0.382483 0.923963 0
    outer loop
      vertex 24.2308 34.5716 7.5
      vertex 24.5417 34.4429 2.5
      vertex 24.2308 34.5716 2.5
    endloop
  endfacet
  facet normal -0.923857 -0.382737 0
    outer loop
      vertex 20.5371 30.4383 2.5
      vertex 20.4083 30.7492 7.5
      vertex 20.4083 30.7492 2.5
    endloop
  endfacet
  facet normal -0.923857 -0.382737 0
    outer loop
      vertex 20.4083 30.7492 7.5
      vertex 20.5371 30.4383 2.5
      vertex 20.5371 30.4383 7.5
    endloop
  endfacet
  facet normal 0.666465 0.745537 -0
    outer loop
      vertex 25.3613 33.8613 2.5
      vertex 25.1105 34.0855 7.5
      vertex 25.3613 33.8613 7.5
    endloop
  endfacet
  facet normal 0.666465 0.745537 0
    outer loop
      vertex 25.1105 34.0855 7.5
      vertex 25.3613 33.8613 2.5
      vertex 25.1105 34.0855 2.5
    endloop
  endfacet
  facet normal -0.167338 0.9859 0
    outer loop
      vertex 22.9041 34.7211 2.5
      vertex 22.5724 34.6648 7.5
      vertex 22.9041 34.7211 7.5
    endloop
  endfacet
  facet normal -0.167338 0.9859 0
    outer loop
      vertex 22.5724 34.6648 7.5
      vertex 22.9041 34.7211 2.5
      vertex 22.5724 34.6648 2.5
    endloop
  endfacet
  facet normal -0.483698 0.875235 0
    outer loop
      vertex 21.9383 34.4429 2.5
      vertex 21.6439 34.2802 7.5
      vertex 21.9383 34.4429 7.5
    endloop
  endfacet
  facet normal -0.483698 0.875235 0
    outer loop
      vertex 21.6439 34.2802 7.5
      vertex 21.9383 34.4429 2.5
      vertex 21.6439 34.2802 2.5
    endloop
  endfacet
  facet normal -0.875304 0.483572 0
    outer loop
      vertex 20.5371 33.0416 2.5
      vertex 20.6998 33.3361 7.5
      vertex 20.6998 33.3361 2.5
    endloop
  endfacet
  facet normal -0.875304 0.483572 0
    outer loop
      vertex 20.6998 33.3361 7.5
      vertex 20.5371 33.0416 2.5
      vertex 20.5371 33.0416 7.5
    endloop
  endfacet
  facet normal 0.875304 0.483572 0
    outer loop
      vertex 25.9429 33.0416 7.5
      vertex 25.7802 33.3361 2.5
      vertex 25.7802 33.3361 7.5
    endloop
  endfacet
  facet normal 0.875304 0.483572 0
    outer loop
      vertex 25.7802 33.3361 2.5
      vertex 25.9429 33.0416 7.5
      vertex 25.9429 33.0416 2.5
    endloop
  endfacet
  facet normal -0.9859 -0.167338 0
    outer loop
      vertex 20.3152 31.0724 2.5
      vertex 20.2589 31.4041 7.5
      vertex 20.2589 31.4041 2.5
    endloop
  endfacet
  facet normal -0.9859 -0.167338 0
    outer loop
      vertex 20.2589 31.4041 7.5
      vertex 20.3152 31.0724 2.5
      vertex 20.3152 31.0724 7.5
    endloop
  endfacet
  facet normal -0.923814 0.382842 0
    outer loop
      vertex 20.4083 32.7308 2.5
      vertex 20.5371 33.0416 7.5
      vertex 20.5371 33.0416 2.5
    endloop
  endfacet
  facet normal -0.923814 0.382842 0
    outer loop
      vertex 20.5371 33.0416 7.5
      vertex 20.4083 32.7308 2.5
      vertex 20.4083 32.7308 7.5
    endloop
  endfacet
  facet normal 0.815557 -0.578677 0
    outer loop
      vertex 25.5855 29.8695 7.5
      vertex 25.7802 30.1439 2.5
      vertex 25.7802 30.1439 7.5
    endloop
  endfacet
  facet normal 0.815557 -0.578677 0
    outer loop
      vertex 25.7802 30.1439 2.5
      vertex 25.5855 29.8695 7.5
      vertex 25.5855 29.8695 2.5
    endloop
  endfacet
  facet normal 0.923963 -0.382483 0
    outer loop
      vertex 25.9429 30.4383 7.5
      vertex 26.0716 30.7492 2.5
      vertex 26.0716 30.7492 7.5
    endloop
  endfacet
  facet normal 0.923963 -0.382483 0
    outer loop
      vertex 26.0716 30.7492 2.5
      vertex 25.9429 30.4383 7.5
      vertex 25.9429 30.4383 2.5
    endloop
  endfacet
  facet normal 0.277076 0.960848 -0
    outer loop
      vertex 24.2308 34.5716 2.5
      vertex 23.9076 34.6648 7.5
      vertex 24.2308 34.5716 7.5
    endloop
  endfacet
  facet normal 0.277076 0.960848 0
    outer loop
      vertex 23.9076 34.6648 7.5
      vertex 24.2308 34.5716 2.5
      vertex 23.9076 34.6648 2.5
    endloop
  endfacet
  facet normal 0.960848 -0.277076 0
    outer loop
      vertex 26.0716 30.7492 7.5
      vertex 26.1648 31.0724 2.5
      vertex 26.1648 31.0724 7.5
    endloop
  endfacet
  facet normal 0.960848 -0.277076 0
    outer loop
      vertex 26.1648 31.0724 2.5
      vertex 26.0716 30.7492 7.5
      vertex 26.0716 30.7492 2.5
    endloop
  endfacet
  facet normal 0.9859 -0.167338 0
    outer loop
      vertex 26.1648 31.0724 7.5
      vertex 26.2211 31.4041 2.5
      vertex 26.2211 31.4041 7.5
    endloop
  endfacet
  facet normal 0.9859 -0.167338 0
    outer loop
      vertex 26.2211 31.4041 2.5
      vertex 26.1648 31.0724 7.5
      vertex 26.1648 31.0724 2.5
    endloop
  endfacet
  facet normal -0.167338 -0.9859 0
    outer loop
      vertex 22.5724 28.8152 2.5
      vertex 22.9041 28.7589 7.5
      vertex 22.5724 28.8152 7.5
    endloop
  endfacet
  facet normal -0.167338 -0.9859 -0
    outer loop
      vertex 22.9041 28.7589 7.5
      vertex 22.5724 28.8152 2.5
      vertex 22.9041 28.7589 2.5
    endloop
  endfacet
  facet normal -0.815557 -0.578677 0
    outer loop
      vertex 20.8945 29.8695 2.5
      vertex 20.6998 30.1439 7.5
      vertex 20.6998 30.1439 2.5
    endloop
  endfacet
  facet normal -0.815557 -0.578677 0
    outer loop
      vertex 20.6998 30.1439 7.5
      vertex 20.8945 29.8695 2.5
      vertex 20.8945 29.8695 7.5
    endloop
  endfacet
  facet normal -0.666465 0.745537 0
    outer loop
      vertex 21.3695 34.0855 2.5
      vertex 21.1187 33.8613 7.5
      vertex 21.3695 34.0855 7.5
    endloop
  endfacet
  facet normal -0.666465 0.745537 0
    outer loop
      vertex 21.1187 33.8613 7.5
      vertex 21.3695 34.0855 2.5
      vertex 21.1187 33.8613 2.5
    endloop
  endfacet
  facet normal 0.745537 0.666465 0
    outer loop
      vertex 25.5855 33.6105 7.5
      vertex 25.3613 33.8613 2.5
      vertex 25.3613 33.8613 7.5
    endloop
  endfacet
  facet normal 0.745537 0.666465 0
    outer loop
      vertex 25.3613 33.8613 2.5
      vertex 25.5855 33.6105 7.5
      vertex 25.5855 33.6105 2.5
    endloop
  endfacet
  facet normal -0.875235 -0.483698 0
    outer loop
      vertex 20.6998 30.1439 2.5
      vertex 20.5371 30.4383 7.5
      vertex 20.5371 30.4383 2.5
    endloop
  endfacet
  facet normal -0.875235 -0.483698 0
    outer loop
      vertex 20.5371 30.4383 7.5
      vertex 20.6998 30.1439 2.5
      vertex 20.6998 30.1439 7.5
    endloop
  endfacet
  facet normal -0.815557 0.578677 0
    outer loop
      vertex 20.6998 33.3361 2.5
      vertex 20.8945 33.6105 7.5
      vertex 20.8945 33.6105 2.5
    endloop
  endfacet
  facet normal -0.815557 0.578677 0
    outer loop
      vertex 20.8945 33.6105 7.5
      vertex 20.6998 33.3361 2.5
      vertex 20.6998 33.3361 7.5
    endloop
  endfacet
  facet normal -0.483698 -0.875235 0
    outer loop
      vertex 21.6439 29.1998 2.5
      vertex 21.9383 29.0371 7.5
      vertex 21.6439 29.1998 7.5
    endloop
  endfacet
  facet normal -0.483698 -0.875235 -0
    outer loop
      vertex 21.9383 29.0371 7.5
      vertex 21.6439 29.1998 2.5
      vertex 21.9383 29.0371 2.5
    endloop
  endfacet
  facet normal -0.382737 -0.923857 0
    outer loop
      vertex 21.9383 29.0371 2.5
      vertex 22.2492 28.9083 7.5
      vertex 21.9383 29.0371 7.5
    endloop
  endfacet
  facet normal -0.382737 -0.923857 -0
    outer loop
      vertex 22.2492 28.9083 7.5
      vertex 21.9383 29.0371 2.5
      vertex 22.2492 28.9083 2.5
    endloop
  endfacet
  facet normal -0.745537 -0.666465 0
    outer loop
      vertex 21.1187 29.6187 2.5
      vertex 20.8945 29.8695 7.5
      vertex 20.8945 29.8695 2.5
    endloop
  endfacet
  facet normal -0.745537 -0.666465 0
    outer loop
      vertex 20.8945 29.8695 7.5
      vertex 21.1187 29.6187 2.5
      vertex 21.1187 29.6187 7.5
    endloop
  endfacet
  facet normal -0.998421 0.0561779 0
    outer loop
      vertex 20.24 31.74 2.5
      vertex 20.2589 32.0759 7.5
      vertex 20.2589 32.0759 2.5
    endloop
  endfacet
  facet normal -0.998421 0.0561779 0
    outer loop
      vertex 20.2589 32.0759 7.5
      vertex 20.24 31.74 2.5
      vertex 20.24 31.74 7.5
    endloop
  endfacet
  facet normal -0.998421 -0.0561779 0
    outer loop
      vertex 20.2589 31.4041 2.5
      vertex 20.24 31.74 7.5
      vertex 20.24 31.74 2.5
    endloop
  endfacet
  facet normal -0.998421 -0.0561779 0
    outer loop
      vertex 20.24 31.74 7.5
      vertex 20.2589 31.4041 2.5
      vertex 20.2589 31.4041 7.5
    endloop
  endfacet
  facet normal -0.276802 -0.960927 0
    outer loop
      vertex 22.2492 28.9083 2.5
      vertex 22.5724 28.8152 7.5
      vertex 22.2492 28.9083 7.5
    endloop
  endfacet
  facet normal -0.276802 -0.960927 -0
    outer loop
      vertex 22.5724 28.8152 7.5
      vertex 22.2492 28.9083 2.5
      vertex 22.5724 28.8152 2.5
    endloop
  endfacet
  facet normal 0.998431 0.0560034 0
    outer loop
      vertex 63 31 2.5
      vertex 62.9686 31.5598 0
      vertex 62.9686 31.5598 2.5
    endloop
  endfacet
  facet normal 0.998431 0.0560034 0
    outer loop
      vertex 62.9686 31.5598 0
      vertex 63 31 2.5
      vertex 63 31 0
    endloop
  endfacet
  facet normal 0.276793 -0.960929 0
    outer loop
      vertex 59.1126 -35.8746 0
      vertex 59.6514 -35.7194 2.5
      vertex 59.1126 -35.8746 2.5
    endloop
  endfacet
  facet normal 0.276793 -0.960929 0
    outer loop
      vertex 59.6514 -35.7194 2.5
      vertex 59.1126 -35.8746 0
      vertex 59.6514 -35.7194 0
    endloop
  endfacet
  facet normal 0 -1 0
    outer loop
      vertex 4 -36 0
      vertex 58 -36 2.5
      vertex 4 -36 2.5
    endloop
  endfacet
  facet normal 0 -1 -0
    outer loop
      vertex 58 -36 2.5
      vertex 4 -36 0
      vertex 58 -36 0
    endloop
  endfacet
  facet normal 1 -0 0
    outer loop
      vertex 63 -31 2.5
      vertex 63 31 0
      vertex 63 31 2.5
    endloop
  endfacet
  facet normal 1 0 0
    outer loop
      vertex 63 31 0
      vertex 63 -31 2.5
      vertex 63 -31 0
    endloop
  endfacet
  facet normal 0.815561 -0.57867 0
    outer loop
      vertex 61.9092 -34.1174 2.5
      vertex 62.2336 -33.6602 0
      vertex 62.2336 -33.6602 2.5
    endloop
  endfacet
  facet normal 0.815561 -0.57867 0
    outer loop
      vertex 62.2336 -33.6602 0
      vertex 61.9092 -34.1174 2.5
      vertex 61.9092 -34.1174 0
    endloop
  endfacet
  facet normal 0.745586 0.666409 0
    outer loop
      vertex 61.9092 34.1174 2.5
      vertex 61.5355 34.5355 0
      vertex 61.5355 34.5355 2.5
    endloop
  endfacet
  facet normal 0.745586 0.666409 0
    outer loop
      vertex 61.5355 34.5355 0
      vertex 61.9092 34.1174 2.5
      vertex 61.9092 34.1174 0
    endloop
  endfacet
  facet normal 0.960929 0.276793 0
    outer loop
      vertex 62.8746 32.1126 2.5
      vertex 62.7194 32.6514 0
      vertex 62.7194 32.6514 2.5
    endloop
  endfacet
  facet normal 0.960929 0.276793 0
    outer loop
      vertex 62.7194 32.6514 0
      vertex 62.8746 32.1126 2.5
      vertex 62.8746 32.1126 0
    endloop
  endfacet
  facet normal -0.960919 0.276831 0
    outer loop
      vertex -0.87464 32.1126 0
      vertex -0.719417 32.6514 2.5
      vertex -0.719417 32.6514 0
    endloop
  endfacet
  facet normal -0.960919 0.276831 0
    outer loop
      vertex -0.719417 32.6514 2.5
      vertex -0.87464 32.1126 0
      vertex -0.87464 32.1126 2.5
    endloop
  endfacet
  facet normal 0 1 -0
    outer loop
      vertex 58 36 0
      vertex 4 36 2.5
      vertex 58 36 2.5
    endloop
  endfacet
  facet normal 0 1 0
    outer loop
      vertex 4 36 2.5
      vertex 58 36 0
      vertex 4 36 0
    endloop
  endfacet
  facet normal -0.998427 -0.0560745 0
    outer loop
      vertex -0.96856 -31.5598 0
      vertex -1 -31 2.5
      vertex -1 -31 0
    endloop
  endfacet
  facet normal -0.998427 -0.0560745 0
    outer loop
      vertex -1 -31 2.5
      vertex -0.96856 -31.5598 0
      vertex -0.96856 -31.5598 2.5
    endloop
  endfacet
  facet normal 0.745586 -0.666409 0
    outer loop
      vertex 61.5355 -34.5355 2.5
      vertex 61.9092 -34.1174 0
      vertex 61.9092 -34.1174 2.5
    endloop
  endfacet
  facet normal 0.745586 -0.666409 0
    outer loop
      vertex 61.9092 -34.1174 0
      vertex 61.5355 -34.5355 2.5
      vertex 61.5355 -34.5355 0
    endloop
  endfacet
  facet normal -0.985872 -0.167498 0
    outer loop
      vertex -0.87464 -32.1126 0
      vertex -0.96856 -31.5598 2.5
      vertex -0.96856 -31.5598 0
    endloop
  endfacet
  facet normal -0.985872 -0.167498 0
    outer loop
      vertex -0.96856 -31.5598 2.5
      vertex -0.87464 -32.1126 0
      vertex -0.87464 -32.1126 2.5
    endloop
  endfacet
  facet normal 0.960929 -0.276793 0
    outer loop
      vertex 62.7194 -32.6514 2.5
      vertex 62.8746 -32.1126 0
      vertex 62.8746 -32.1126 2.5
    endloop
  endfacet
  facet normal 0.960929 -0.276793 0
    outer loop
      vertex 62.8746 -32.1126 0
      vertex 62.7194 -32.6514 2.5
      vertex 62.7194 -32.6514 0
    endloop
  endfacet
  facet normal -0.16764 -0.985848 0
    outer loop
      vertex 2.88739 -35.8746 0
      vertex 3.44018 -35.9686 2.5
      vertex 2.88739 -35.8746 2.5
    endloop
  endfacet
  facet normal -0.16764 -0.985848 -0
    outer loop
      vertex 3.44018 -35.9686 2.5
      vertex 2.88739 -35.8746 0
      vertex 3.44018 -35.9686 0
    endloop
  endfacet
  facet normal -0.815508 -0.578745 0
    outer loop
      vertex 0.0908422 -34.1174 0
      vertex -0.233621 -33.6602 2.5
      vertex -0.233621 -33.6602 0
    endloop
  endfacet
  facet normal -0.815508 -0.578745 0
    outer loop
      vertex -0.233621 -33.6602 2.5
      vertex 0.0908422 -34.1174 0
      vertex 0.0908422 -34.1174 2.5
    endloop
  endfacet
  facet normal 0.38274 -0.923856 0
    outer loop
      vertex 59.6514 -35.7194 0
      vertex 60.1694 -35.5048 2.5
      vertex 59.6514 -35.7194 2.5
    endloop
  endfacet
  facet normal 0.38274 -0.923856 0
    outer loop
      vertex 60.1694 -35.5048 2.5
      vertex 59.6514 -35.7194 0
      vertex 60.1694 -35.5048 0
    endloop
  endfacet
  facet normal -0.985872 0.167498 0
    outer loop
      vertex -0.96856 31.5598 0
      vertex -0.87464 32.1126 2.5
      vertex -0.87464 32.1126 0
    endloop
  endfacet
  facet normal -0.985872 0.167498 0
    outer loop
      vertex -0.87464 32.1126 2.5
      vertex -0.96856 31.5598 0
      vertex -0.96856 31.5598 2.5
    endloop
  endfacet
  facet normal 0.875265 0.483643 0
    outer loop
      vertex 62.5048 33.1694 2.5
      vertex 62.2336 33.6602 0
      vertex 62.2336 33.6602 2.5
    endloop
  endfacet
  facet normal 0.875265 0.483643 0
    outer loop
      vertex 62.2336 33.6602 0
      vertex 62.5048 33.1694 2.5
      vertex 62.5048 33.1694 0
    endloop
  endfacet
  facet normal -1 0 0
    outer loop
      vertex -1 -31 0
      vertex -1 31 2.5
      vertex -1 31 0
    endloop
  endfacet
  facet normal -1 -0 0
    outer loop
      vertex -1 31 2.5
      vertex -1 -31 0
      vertex -1 -31 2.5
    endloop
  endfacet
  facet normal 0.985849 0.167637 0
    outer loop
      vertex 62.9686 31.5598 2.5
      vertex 62.8746 32.1126 0
      vertex 62.8746 32.1126 2.5
    endloop
  endfacet
  facet normal 0.985849 0.167637 0
    outer loop
      vertex 62.8746 32.1126 0
      vertex 62.9686 31.5598 2.5
      vertex 62.9686 31.5598 0
    endloop
  endfacet
  facet normal -0.875248 -0.483674 0
    outer loop
      vertex -0.233621 -33.6602 0
      vertex -0.504844 -33.1694 2.5
      vertex -0.504844 -33.1694 0
    endloop
  endfacet
  facet normal -0.875248 -0.483674 0
    outer loop
      vertex -0.504844 -33.1694 2.5
      vertex -0.233621 -33.6602 0
      vertex -0.233621 -33.6602 2.5
    endloop
  endfacet
  facet normal 0.998431 -0.0560034 0
    outer loop
      vertex 62.9686 -31.5598 2.5
      vertex 63 -31 0
      vertex 63 -31 2.5
    endloop
  endfacet
  facet normal 0.998431 -0.0560034 0
    outer loop
      vertex 63 -31 0
      vertex 62.9686 -31.5598 2.5
      vertex 62.9686 -31.5598 0
    endloop
  endfacet
  facet normal -0.998427 0.0560745 0
    outer loop
      vertex -1 31 0
      vertex -0.96856 31.5598 2.5
      vertex -0.96856 31.5598 0
    endloop
  endfacet
  facet normal -0.998427 0.0560745 0
    outer loop
      vertex -0.96856 31.5598 2.5
      vertex -1 31 0
      vertex -1 31 2.5
    endloop
  endfacet
  facet normal 0.666409 -0.745586 0
    outer loop
      vertex 61.1174 -34.9092 0
      vertex 61.5355 -34.5355 2.5
      vertex 61.1174 -34.9092 2.5
    endloop
  endfacet
  facet normal 0.666409 -0.745586 0
    outer loop
      vertex 61.5355 -34.5355 2.5
      vertex 61.1174 -34.9092 0
      vertex 61.5355 -34.5355 0
    endloop
  endfacet
  facet normal 0.57867 0.815561 -0
    outer loop
      vertex 61.1174 34.9092 0
      vertex 60.6602 35.2336 2.5
      vertex 61.1174 34.9092 2.5
    endloop
  endfacet
  facet normal 0.57867 0.815561 0
    outer loop
      vertex 60.6602 35.2336 2.5
      vertex 61.1174 34.9092 0
      vertex 60.6602 35.2336 0
    endloop
  endfacet
  facet normal 0.0560034 0.998431 -0
    outer loop
      vertex 58.5598 35.9686 0
      vertex 58 36 2.5
      vertex 58.5598 35.9686 2.5
    endloop
  endfacet
  facet normal 0.0560034 0.998431 0
    outer loop
      vertex 58 36 2.5
      vertex 58.5598 35.9686 0
      vertex 58 36 0
    endloop
  endfacet
  facet normal 0.815561 0.57867 0
    outer loop
      vertex 62.2336 33.6602 2.5
      vertex 61.9092 34.1174 0
      vertex 61.9092 34.1174 2.5
    endloop
  endfacet
  facet normal 0.815561 0.57867 0
    outer loop
      vertex 61.9092 34.1174 0
      vertex 62.2336 33.6602 2.5
      vertex 62.2336 33.6602 0
    endloop
  endfacet
  facet normal -0.578595 -0.815615 0
    outer loop
      vertex 0.88255 -34.9092 0
      vertex 1.33984 -35.2336 2.5
      vertex 0.88255 -34.9092 2.5
    endloop
  endfacet
  facet normal -0.578595 -0.815615 -0
    outer loop
      vertex 1.33984 -35.2336 2.5
      vertex 0.88255 -34.9092 0
      vertex 1.33984 -35.2336 0
    endloop
  endfacet
  facet normal -0.16764 0.985848 0
    outer loop
      vertex 3.44018 35.9686 0
      vertex 2.88739 35.8746 2.5
      vertex 3.44018 35.9686 2.5
    endloop
  endfacet
  facet normal -0.16764 0.985848 0
    outer loop
      vertex 2.88739 35.8746 2.5
      vertex 3.44018 35.9686 0
      vertex 2.88739 35.8746 0
    endloop
  endfacet
  facet normal 0.666409 0.745586 -0
    outer loop
      vertex 61.5355 34.5355 0
      vertex 61.1174 34.9092 2.5
      vertex 61.5355 34.5355 2.5
    endloop
  endfacet
  facet normal 0.666409 0.745586 0
    outer loop
      vertex 61.1174 34.9092 2.5
      vertex 61.5355 34.5355 0
      vertex 61.1174 34.9092 0
    endloop
  endfacet
  facet normal -0.0560014 0.998431 0
    outer loop
      vertex 4 36 0
      vertex 3.44018 35.9686 2.5
      vertex 4 36 2.5
    endloop
  endfacet
  facet normal -0.0560014 0.998431 0
    outer loop
      vertex 3.44018 35.9686 2.5
      vertex 4 36 0
      vertex 3.44018 35.9686 0
    endloop
  endfacet
  facet normal -0.745655 0.666332 0
    outer loop
      vertex 0.0908422 34.1174 0
      vertex 0.464465 34.5355 2.5
      vertex 0.464465 34.5355 0
    endloop
  endfacet
  facet normal -0.745655 0.666332 0
    outer loop
      vertex 0.464465 34.5355 2.5
      vertex 0.0908422 34.1174 0
      vertex 0.0908422 34.1174 2.5
    endloop
  endfacet
  facet normal 0.985849 -0.167637 0
    outer loop
      vertex 62.8746 -32.1126 2.5
      vertex 62.9686 -31.5598 0
      vertex 62.9686 -31.5598 2.5
    endloop
  endfacet
  facet normal 0.985849 -0.167637 0
    outer loop
      vertex 62.9686 -31.5598 0
      vertex 62.8746 -32.1126 2.5
      vertex 62.8746 -32.1126 0
    endloop
  endfacet
  facet normal -0.875248 0.483674 0
    outer loop
      vertex -0.504844 33.1694 0
      vertex -0.233621 33.6602 2.5
      vertex -0.233621 33.6602 0
    endloop
  endfacet
  facet normal -0.875248 0.483674 0
    outer loop
      vertex -0.233621 33.6602 2.5
      vertex -0.504844 33.1694 0
      vertex -0.504844 33.1694 2.5
    endloop
  endfacet
  facet normal -0.745655 -0.666332 0
    outer loop
      vertex 0.464465 -34.5355 0
      vertex 0.0908422 -34.1174 2.5
      vertex 0.0908422 -34.1174 0
    endloop
  endfacet
  facet normal -0.745655 -0.666332 0
    outer loop
      vertex 0.0908422 -34.1174 2.5
      vertex 0.464465 -34.5355 0
      vertex 0.464465 -34.5355 2.5
    endloop
  endfacet
  facet normal -0.960919 -0.276831 0
    outer loop
      vertex -0.719417 -32.6514 0
      vertex -0.87464 -32.1126 2.5
      vertex -0.87464 -32.1126 0
    endloop
  endfacet
  facet normal -0.960919 -0.276831 0
    outer loop
      vertex -0.87464 -32.1126 2.5
      vertex -0.719417 -32.6514 0
      vertex -0.719417 -32.6514 2.5
    endloop
  endfacet
  facet normal -0.276798 0.960928 0
    outer loop
      vertex 2.88739 35.8746 0
      vertex 2.3486 35.7194 2.5
      vertex 2.88739 35.8746 2.5
    endloop
  endfacet
  facet normal -0.276798 0.960928 0
    outer loop
      vertex 2.3486 35.7194 2.5
      vertex 2.88739 35.8746 0
      vertex 2.3486 35.7194 0
    endloop
  endfacet
  facet normal 0.483643 0.875265 -0
    outer loop
      vertex 60.6602 35.2336 0
      vertex 60.1694 35.5048 2.5
      vertex 60.6602 35.2336 2.5
    endloop
  endfacet
  facet normal 0.483643 0.875265 0
    outer loop
      vertex 60.1694 35.5048 2.5
      vertex 60.6602 35.2336 0
      vertex 60.1694 35.5048 0
    endloop
  endfacet
  facet normal -0.815508 0.578745 0
    outer loop
      vertex -0.233621 33.6602 0
      vertex 0.0908422 34.1174 2.5
      vertex 0.0908422 34.1174 0
    endloop
  endfacet
  facet normal -0.815508 0.578745 0
    outer loop
      vertex 0.0908422 34.1174 2.5
      vertex -0.233621 33.6602 0
      vertex -0.233621 33.6602 2.5
    endloop
  endfacet
  facet normal -0.382728 0.923861 0
    outer loop
      vertex 2.3486 35.7194 0
      vertex 1.83058 35.5048 2.5
      vertex 2.3486 35.7194 2.5
    endloop
  endfacet
  facet normal -0.382728 0.923861 0
    outer loop
      vertex 1.83058 35.5048 2.5
      vertex 2.3486 35.7194 0
      vertex 1.83058 35.5048 0
    endloop
  endfacet
  facet normal 0.167637 -0.985849 0
    outer loop
      vertex 58.5598 -35.9686 0
      vertex 59.1126 -35.8746 2.5
      vertex 58.5598 -35.9686 2.5
    endloop
  endfacet
  facet normal 0.167637 -0.985849 0
    outer loop
      vertex 59.1126 -35.8746 2.5
      vertex 58.5598 -35.9686 0
      vertex 59.1126 -35.8746 0
    endloop
  endfacet
  facet normal 0.875265 -0.483643 0
    outer loop
      vertex 62.2336 -33.6602 2.5
      vertex 62.5048 -33.1694 0
      vertex 62.5048 -33.1694 2.5
    endloop
  endfacet
  facet normal 0.875265 -0.483643 0
    outer loop
      vertex 62.5048 -33.1694 0
      vertex 62.2336 -33.6602 2.5
      vertex 62.2336 -33.6602 0
    endloop
  endfacet
  facet normal -0.0560014 -0.998431 0
    outer loop
      vertex 3.44018 -35.9686 0
      vertex 4 -36 2.5
      vertex 3.44018 -35.9686 2.5
    endloop
  endfacet
  facet normal -0.0560014 -0.998431 -0
    outer loop
      vertex 4 -36 2.5
      vertex 3.44018 -35.9686 0
      vertex 4 -36 0
    endloop
  endfacet
  facet normal 0.923856 0.38274 0
    outer loop
      vertex 62.7194 32.6514 2.5
      vertex 62.5048 33.1694 0
      vertex 62.5048 33.1694 2.5
    endloop
  endfacet
  facet normal 0.923856 0.38274 0
    outer loop
      vertex 62.5048 33.1694 0
      vertex 62.7194 32.6514 2.5
      vertex 62.7194 32.6514 0
    endloop
  endfacet
  facet normal -0.578595 0.815615 0
    outer loop
      vertex 1.33984 35.2336 0
      vertex 0.88255 34.9092 2.5
      vertex 1.33984 35.2336 2.5
    endloop
  endfacet
  facet normal -0.578595 0.815615 0
    outer loop
      vertex 0.88255 34.9092 2.5
      vertex 1.33984 35.2336 0
      vertex 0.88255 34.9092 0
    endloop
  endfacet
  facet normal 0.167637 0.985849 -0
    outer loop
      vertex 59.1126 35.8746 0
      vertex 58.5598 35.9686 2.5
      vertex 59.1126 35.8746 2.5
    endloop
  endfacet
  facet normal 0.167637 0.985849 0
    outer loop
      vertex 58.5598 35.9686 2.5
      vertex 59.1126 35.8746 0
      vertex 58.5598 35.9686 0
    endloop
  endfacet
  facet normal 0.38274 0.923856 -0
    outer loop
      vertex 60.1694 35.5048 0
      vertex 59.6514 35.7194 2.5
      vertex 60.1694 35.5048 2.5
    endloop
  endfacet
  facet normal 0.38274 0.923856 0
    outer loop
      vertex 59.6514 35.7194 2.5
      vertex 60.1694 35.5048 0
      vertex 59.6514 35.7194 0
    endloop
  endfacet
  facet normal 0.923856 -0.38274 0
    outer loop
      vertex 62.5048 -33.1694 2.5
      vertex 62.7194 -32.6514 0
      vertex 62.7194 -32.6514 2.5
    endloop
  endfacet
  facet normal 0.923856 -0.38274 0
    outer loop
      vertex 62.7194 -32.6514 0
      vertex 62.5048 -33.1694 2.5
      vertex 62.5048 -33.1694 0
    endloop
  endfacet
  facet normal -0.923873 0.382699 0
    outer loop
      vertex -0.719417 32.6514 0
      vertex -0.504844 33.1694 2.5
      vertex -0.504844 33.1694 0
    endloop
  endfacet
  facet normal -0.923873 0.382699 0
    outer loop
      vertex -0.504844 33.1694 2.5
      vertex -0.719417 32.6514 0
      vertex -0.719417 32.6514 2.5
    endloop
  endfacet
  facet normal -0.382728 -0.923861 0
    outer loop
      vertex 1.83058 -35.5048 0
      vertex 2.3486 -35.7194 2.5
      vertex 1.83058 -35.5048 2.5
    endloop
  endfacet
  facet normal -0.382728 -0.923861 -0
    outer loop
      vertex 2.3486 -35.7194 2.5
      vertex 1.83058 -35.5048 0
      vertex 2.3486 -35.7194 0
    endloop
  endfacet
  facet normal 0.276793 0.960929 -0
    outer loop
      vertex 59.6514 35.7194 0
      vertex 59.1126 35.8746 2.5
      vertex 59.6514 35.7194 2.5
    endloop
  endfacet
  facet normal 0.276793 0.960929 0
    outer loop
      vertex 59.1126 35.8746 2.5
      vertex 59.6514 35.7194 0
      vertex 59.1126 35.8746 0
    endloop
  endfacet
  facet normal 0.57867 -0.815561 0
    outer loop
      vertex 60.6602 -35.2336 0
      vertex 61.1174 -34.9092 2.5
      vertex 60.6602 -35.2336 2.5
    endloop
  endfacet
  facet normal 0.57867 -0.815561 0
    outer loop
      vertex 61.1174 -34.9092 2.5
      vertex 60.6602 -35.2336 0
      vertex 61.1174 -34.9092 0
    endloop
  endfacet
  facet normal 0.483643 -0.875265 0
    outer loop
      vertex 60.1694 -35.5048 0
      vertex 60.6602 -35.2336 2.5
      vertex 60.1694 -35.5048 2.5
    endloop
  endfacet
  facet normal 0.483643 -0.875265 0
    outer loop
      vertex 60.6602 -35.2336 2.5
      vertex 60.1694 -35.5048 0
      vertex 60.6602 -35.2336 0
    endloop
  endfacet
  facet normal -0.666422 -0.745574 0
    outer loop
      vertex 0.464465 -34.5355 0
      vertex 0.88255 -34.9092 2.5
      vertex 0.464465 -34.5355 2.5
    endloop
  endfacet
  facet normal -0.666422 -0.745574 -0
    outer loop
      vertex 0.88255 -34.9092 2.5
      vertex 0.464465 -34.5355 0
      vertex 0.88255 -34.9092 0
    endloop
  endfacet
  facet normal -0.666422 0.745574 0
    outer loop
      vertex 0.88255 34.9092 0
      vertex 0.464465 34.5355 2.5
      vertex 0.88255 34.9092 2.5
    endloop
  endfacet
  facet normal -0.666422 0.745574 0
    outer loop
      vertex 0.464465 34.5355 2.5
      vertex 0.88255 34.9092 0
      vertex 0.464465 34.5355 0
    endloop
  endfacet
  facet normal 0 0 -1
    outer loop
      vertex 6.03488 25.4698 0
      vertex 4.06924 31.9901 0
      vertex 4.15 32.5 0
    endloop
  endfacet
  facet normal 0 0 -1
    outer loop
      vertex 4.7 26.15 0
      vertex 3.83488 31.5302 0
      vertex 4.06924 31.9901 0
    endloop
  endfacet
  facet normal 0 0 -1
    outer loop
      vertex 2.5 30.85 0
      vertex 4.19012 26.0692 0
      vertex 3.73015 25.8349 0
    endloop
  endfacet
  facet normal 0 0 -1
    outer loop
      vertex 4.7 26.15 0
      vertex 3.46984 31.1651 0
      vertex 3.83488 31.5302 0
    endloop
  endfacet
  facet normal 0 0 -1
    outer loop
      vertex 1.99012 30.9308 0
      vertex 3.73015 25.8349 0
      vertex 3.36512 25.4698 0
    endloop
  endfacet
  facet normal 0 0 -1
    outer loop
      vertex -1 31 0
      vertex 3.36512 25.4698 0
      vertex 3.13076 25.0099 0
    endloop
  endfacet
  facet normal 0 0 -1
    outer loop
      vertex -1 31 0
      vertex 3.13076 25.0099 0
      vertex 3.05 24.5 0
    endloop
  endfacet
  facet normal 0 0 -1
    outer loop
      vertex 4.7 26.15 0
      vertex 3.00988 30.9308 0
      vertex 3.46984 31.1651 0
    endloop
  endfacet
  facet normal -0 0 -1
    outer loop
      vertex 3.36512 -25.4698 0
      vertex -1 -31 0
      vertex 3.13076 -25.0099 0
    endloop
  endfacet
  facet normal -0 0 -1
    outer loop
      vertex 3.05 -24.5 0
      vertex -1 -31 0
      vertex 3.05 24.5 0
    endloop
  endfacet
  facet normal 0 0 -1
    outer loop
      vertex 4.19012 26.0692 0
      vertex 2.5 30.85 0
      vertex 3.00988 30.9308 0
    endloop
  endfacet
  facet normal -0 0 -1
    outer loop
      vertex 3.13076 -25.0099 0
      vertex -1 -31 0
      vertex 3.05 -24.5 0
    endloop
  endfacet
  facet normal 0 0 -1
    outer loop
      vertex -1 31 0
      vertex 3.05 24.5 0
      vertex -1 -31 0
    endloop
  endfacet
  facet normal 0 0 -1
    outer loop
      vertex -1 -31 0
      vertex 1.99012 -30.9308 0
      vertex 1.53015 -31.1651 0
    endloop
  endfacet
  facet normal 0 0 -1
    outer loop
      vertex 3.36512 25.4698 0
      vertex -1 31 0
      vertex 1.99012 30.9308 0
    endloop
  endfacet
  facet normal 0 0 -1
    outer loop
      vertex -1 -31 0
      vertex 1.53015 -31.1651 0
      vertex 1.16512 -31.5302 0
    endloop
  endfacet
  facet normal 0 0 -1
    outer loop
      vertex 3.73015 25.8349 0
      vertex 1.99012 30.9308 0
      vertex 2.5 30.85 0
    endloop
  endfacet
  facet normal 0 0 -1
    outer loop
      vertex -0.96856 -31.5598 0
      vertex 1.16512 -31.5302 0
      vertex 0.930757 -31.9901 0
    endloop
  endfacet
  facet normal 0 0 -1
    outer loop
      vertex 1.99012 30.9308 0
      vertex -1 31 0
      vertex 1.53015 31.1651 0
    endloop
  endfacet
  facet normal 0 0 -1
    outer loop
      vertex -0.87464 -32.1126 0
      vertex 0.930757 -31.9901 0
      vertex 0.849999 -32.5 0
    endloop
  endfacet
  facet normal -0 0 -1
    outer loop
      vertex 1.53015 31.1651 0
      vertex -1 31 0
      vertex 1.16512 31.5302 0
    endloop
  endfacet
  facet normal 0 0 -1
    outer loop
      vertex 4.19012 -22.9308 0
      vertex 15.9456 -1.95248 0
      vertex 4.7 -22.85 0
    endloop
  endfacet
  facet normal 0 0 -1
    outer loop
      vertex 15.5 0 0
      vertex 6.26924 23.9901 0
      vertex 6.35 24.5 0
    endloop
  endfacet
  facet normal -0 0 -1
    outer loop
      vertex 15.9456 -1.95248 0
      vertex 4.19012 -22.9308 0
      vertex 15.7525 -1.48626 0
    endloop
  endfacet
  facet normal 0 0 -1
    outer loop
      vertex 15.5 0 0
      vertex 6.03488 23.5302 0
      vertex 6.26924 23.9901 0
    endloop
  endfacet
  facet normal -0 0 -1
    outer loop
      vertex 15.7525 -1.48626 0
      vertex 4.19012 -22.9308 0
      vertex 15.6128 -1.00134 0
    endloop
  endfacet
  facet normal 0 0 -1
    outer loop
      vertex 15.5 0 0
      vertex 5.66985 23.1651 0
      vertex 6.03488 23.5302 0
    endloop
  endfacet
  facet normal -0 0 -1
    outer loop
      vertex 15.6128 -1.00134 0
      vertex 4.19012 -22.9308 0
      vertex 15.5283 -0.503839 0
    endloop
  endfacet
  facet normal 0 0 -1
    outer loop
      vertex 15.5 0 0
      vertex 5.20988 22.9308 0
      vertex 5.66985 23.1651 0
    endloop
  endfacet
  facet normal 0 0 -1
    outer loop
      vertex 3.73015 -23.1651 0
      vertex 15.5283 -0.503839 0
      vertex 4.19012 -22.9308 0
    endloop
  endfacet
  facet normal 0 0 -1
    outer loop
      vertex 15.5 0 0
      vertex 4.7 22.85 0
      vertex 5.20988 22.9308 0
    endloop
  endfacet
  facet normal -0 0 -1
    outer loop
      vertex 15.5283 -0.503839 0
      vertex 3.73015 -23.1651 0
      vertex 15.5 0 0
    endloop
  endfacet
  facet normal 0 0 -1
    outer loop
      vertex 15.5 0 0
      vertex 4.19012 22.9308 0
      vertex 4.7 22.85 0
    endloop
  endfacet
  facet normal 0 0 -1
    outer loop
      vertex 3.73015 23.1651 0
      vertex 15.5 0 0
      vertex 3.73015 -23.1651 0
    endloop
  endfacet
  facet normal 0 0 -1
    outer loop
      vertex 15.5 0 0
      vertex 3.73015 23.1651 0
      vertex 4.19012 22.9308 0
    endloop
  endfacet
  facet normal 0 0 -1
    outer loop
      vertex 3.36512 -23.5302 0
      vertex 3.73015 23.1651 0
      vertex 3.73015 -23.1651 0
    endloop
  endfacet
  facet normal 0 0 -1
    outer loop
      vertex 3.36512 -23.5302 0
      vertex 3.36512 23.5302 0
      vertex 3.73015 23.1651 0
    endloop
  endfacet
  facet normal 0 0 -1
    outer loop
      vertex 3.13076 -23.9901 0
      vertex 3.36512 23.5302 0
      vertex 3.36512 -23.5302 0
    endloop
  endfacet
  facet normal 0 0 -1
    outer loop
      vertex 3.13076 -23.9901 0
      vertex 3.13076 23.9901 0
      vertex 3.36512 23.5302 0
    endloop
  endfacet
  facet normal 0 0 -1
    outer loop
      vertex 3.05 -24.5 0
      vertex 3.13076 23.9901 0
      vertex 3.13076 -23.9901 0
    endloop
  endfacet
  facet normal -0 0 -1
    outer loop
      vertex 3.13076 23.9901 0
      vertex 3.05 -24.5 0
      vertex 3.05 24.5 0
    endloop
  endfacet
  facet normal 0 0 -1
    outer loop
      vertex 3.46984 -31.1651 0
      vertex 5.20988 -26.0692 0
      vertex 3.83488 -31.5302 0
    endloop
  endfacet
  facet normal 0 0 -1
    outer loop
      vertex 5.20988 -26.0692 0
      vertex 3.46984 -31.1651 0
      vertex 4.7 -26.15 0
    endloop
  endfacet
  facet normal 0 0 -1
    outer loop
      vertex 3.00988 -30.9308 0
      vertex 4.7 -26.15 0
      vertex 3.46984 -31.1651 0
    endloop
  endfacet
  facet normal -0 0 -1
    outer loop
      vertex 4.7 -26.15 0
      vertex 3.00988 -30.9308 0
      vertex 4.19012 -26.0692 0
    endloop
  endfacet
  facet normal 0 0 -1
    outer loop
      vertex 2.5 -30.85 0
      vertex 4.19012 -26.0692 0
      vertex 3.00988 -30.9308 0
    endloop
  endfacet
  facet normal -0 0 -1
    outer loop
      vertex 4.19012 -26.0692 0
      vertex 2.5 -30.85 0
      vertex 3.73015 -25.8349 0
    endloop
  endfacet
  facet normal 0 0 -1
    outer loop
      vertex 1.99012 -30.9308 0
      vertex 3.73015 -25.8349 0
      vertex 2.5 -30.85 0
    endloop
  endfacet
  facet normal 0 0 -1
    outer loop
      vertex -1 -31 0
      vertex 3.36512 -25.4698 0
      vertex 1.99012 -30.9308 0
    endloop
  endfacet
  facet normal -0 0 -1
    outer loop
      vertex 3.73015 -25.8349 0
      vertex 1.99012 -30.9308 0
      vertex 3.36512 -25.4698 0
    endloop
  endfacet
  facet normal 0 0 -1
    outer loop
      vertex 44 4.5 0
      vertex 26.5692 23.9901 0
      vertex 26.65 24.5 0
    endloop
  endfacet
  facet normal 0 0 -1
    outer loop
      vertex 44 4.5 0
      vertex 26.3349 23.5302 0
      vertex 26.5692 23.9901 0
    endloop
  endfacet
  facet normal 0 0 -1
    outer loop
      vertex 44 4.5 0
      vertex 25.9698 23.1651 0
      vertex 26.3349 23.5302 0
    endloop
  endfacet
  facet normal 0 0 -1
    outer loop
      vertex 44 4.5 0
      vertex 25.5099 22.9308 0
      vertex 25.9698 23.1651 0
    endloop
  endfacet
  facet normal 0 0 -1
    outer loop
      vertex 20 4.5 0
      vertex 25.5099 22.9308 0
      vertex 44 4.5 0
    endloop
  endfacet
  facet normal 0 0 -1
    outer loop
      vertex 25.5099 22.9308 0
      vertex 20 4.5 0
      vertex 25 22.85 0
    endloop
  endfacet
  facet normal -0 0 -1
    outer loop
      vertex 25 22.85 0
      vertex 20 4.5 0
      vertex 24.4901 22.9308 0
    endloop
  endfacet
  facet normal -0 0 -1
    outer loop
      vertex 24.0302 23.1651 0
      vertex 18.9987 4.38718 0
      vertex 23.6651 23.5302 0
    endloop
  endfacet
  facet normal 0 0 -1
    outer loop
      vertex 18.9987 4.38718 0
      vertex 24.0302 23.1651 0
      vertex 19.4962 4.4717 0
    endloop
  endfacet
  facet normal 0 0 -1
    outer loop
      vertex 19.4962 4.4717 0
      vertex 24.0302 23.1651 0
      vertex 20 4.5 0
    endloop
  endfacet
  facet normal -0 0 -1
    outer loop
      vertex 24.4901 22.9308 0
      vertex 20 4.5 0
      vertex 24.0302 23.1651 0
    endloop
  endfacet
  facet normal 0 0 -1
    outer loop
      vertex 60.4698 -31.1651 0
      vertex 63 -31 0
      vertex 60.8349 -31.5302 0
    endloop
  endfacet
  facet normal 0 0 -1
    outer loop
      vertex 63 31 0
      vertex 61.0692 31.9901 0
      vertex 61.15 32.5 0
    endloop
  endfacet
  facet normal 0 0 -1
    outer loop
      vertex 63 -31 0
      vertex 48.5 0 0
      vertex 63 31 0
    endloop
  endfacet
  facet normal 0 0 -1
    outer loop
      vertex 63 31 0
      vertex 60.8349 31.5302 0
      vertex 61.0692 31.9901 0
    endloop
  endfacet
  facet normal 0 0 -1
    outer loop
      vertex 60.0099 -30.9308 0
      vertex 63 -31 0
      vertex 60.4698 -31.1651 0
    endloop
  endfacet
  facet normal 0 0 -1
    outer loop
      vertex 48.4717 0.503839 0
      vertex 63 31 0
      vertex 48.5 0 0
    endloop
  endfacet
  facet normal 0 0 -1
    outer loop
      vertex 59.5 -30.85 0
      vertex 63 -31 0
      vertex 60.0099 -30.9308 0
    endloop
  endfacet
  facet normal 0 0 -1
    outer loop
      vertex 63 31 0
      vertex 60.4698 31.1651 0
      vertex 60.8349 31.5302 0
    endloop
  endfacet
  facet normal 0 0 -1
    outer loop
      vertex 47.5182 -2.8057 0
      vertex 63 -31 0
      vertex 59.5 -30.85 0
    endloop
  endfacet
  facet normal 0 0 -1
    outer loop
      vertex 48.3872 1.00134 0
      vertex 63 31 0
      vertex 48.4717 0.503839 0
    endloop
  endfacet
  facet normal 0 0 -1
    outer loop
      vertex 46.8057 -3.51824 0
      vertex 59.5 -30.85 0
      vertex 58.9901 -30.9308 0
    endloop
  endfacet
  facet normal 0 0 -1
    outer loop
      vertex 48.2475 1.48626 0
      vertex 63 31 0
      vertex 48.3872 1.00134 0
    endloop
  endfacet
  facet normal 0 0 -1
    outer loop
      vertex 45.9525 -4.05436 0
      vertex 58.9901 -30.9308 0
      vertex 58.5302 -31.1651 0
    endloop
  endfacet
  facet normal 0 0 -1
    outer loop
      vertex 48.0544 1.95248 0
      vertex 63 31 0
      vertex 48.2475 1.48626 0
    endloop
  endfacet
  facet normal 0 0 -1
    outer loop
      vertex 44.5038 -4.4717 0
      vertex 58.5302 -31.1651 0
      vertex 58.1651 -31.5302 0
    endloop
  endfacet
  facet normal -0 0 -1
    outer loop
      vertex 63 31 0
      vertex 60.0099 30.9308 0
      vertex 60.4698 31.1651 0
    endloop
  endfacet
  facet normal 0 0 -1
    outer loop
      vertex 26.65 -24.5 0
      vertex 58.1651 -31.5302 0
      vertex 57.9308 -31.9901 0
    endloop
  endfacet
  facet normal 0 0 -1
    outer loop
      vertex 47.8103 2.39414 0
      vertex 63 31 0
      vertex 48.0544 1.95248 0
    endloop
  endfacet
  facet normal 0 0 -1
    outer loop
      vertex 26.5692 -25.0099 0
      vertex 57.9308 -31.9901 0
      vertex 57.85 -32.5 0
    endloop
  endfacet
  facet normal 0 0 -1
    outer loop
      vertex 47.5182 2.8057 0
      vertex 63 31 0
      vertex 47.8103 2.39414 0
    endloop
  endfacet
  facet normal 0 0 -1
    outer loop
      vertex 62.8746 -32.1126 0
      vertex 61.0692 -31.9901 0
      vertex 62.9686 -31.5598 0
    endloop
  endfacet
  facet normal 0 0 -1
    outer loop
      vertex 60.8349 -31.5302 0
      vertex 62.9686 -31.5598 0
      vertex 61.0692 -31.9901 0
    endloop
  endfacet
  facet normal 0 0 -1
    outer loop
      vertex 61.0692 -31.9901 0
      vertex 62.8746 -32.1126 0
      vertex 61.15 -32.5 0
    endloop
  endfacet
  facet normal 0 0 -1
    outer loop
      vertex 62.9686 -31.5598 0
      vertex 60.8349 -31.5302 0
      vertex 63 -31 0
    endloop
  endfacet
  facet normal 0 0 -1
    outer loop
      vertex 61.15 -32.5 0
      vertex 62.8746 -32.1126 0
      vertex 62.7194 -32.6514 0
    endloop
  endfacet
  facet normal 0 0 -1
    outer loop
      vertex 63 31 0
      vertex 61.15 32.5 0
      vertex 62.9686 31.5598 0
    endloop
  endfacet
  facet normal 0 0 -1
    outer loop
      vertex 61.15 -32.5 0
      vertex 62.7194 -32.6514 0
      vertex 62.5048 -33.1694 0
    endloop
  endfacet
  facet normal 0 0 -1
    outer loop
      vertex 62.9686 31.5598 0
      vertex 61.15 32.5 0
      vertex 62.8746 32.1126 0
    endloop
  endfacet
  facet normal 0 0 -1
    outer loop
      vertex 61.0692 -33.0099 0
      vertex 62.5048 -33.1694 0
      vertex 62.2336 -33.6602 0
    endloop
  endfacet
  facet normal 0 0 -1
    outer loop
      vertex 62.8746 32.1126 0
      vertex 61.15 32.5 0
      vertex 62.7194 32.6514 0
    endloop
  endfacet
  facet normal 0 0 -1
    outer loop
      vertex 61.0692 -33.0099 0
      vertex 62.2336 -33.6602 0
      vertex 61.9092 -34.1174 0
    endloop
  endfacet
  facet normal -0 0 -1
    outer loop
      vertex 62.7194 32.6514 0
      vertex 61.15 32.5 0
      vertex 62.5048 33.1694 0
    endloop
  endfacet
  facet normal 0 0 -1
    outer loop
      vertex 60.8349 -33.4698 0
      vertex 61.9092 -34.1174 0
      vertex 61.5355 -34.5355 0
    endloop
  endfacet
  facet normal 0 0 -1
    outer loop
      vertex 61.0692 33.0099 0
      vertex 62.5048 33.1694 0
      vertex 61.15 32.5 0
    endloop
  endfacet
  facet normal -0 0 -1
    outer loop
      vertex 62.5048 33.1694 0
      vertex 61.0692 33.0099 0
      vertex 62.2336 33.6602 0
    endloop
  endfacet
  facet normal 0 0 -1
    outer loop
      vertex 60.4698 -33.8349 0
      vertex 61.5355 -34.5355 0
      vertex 61.1174 -34.9092 0
    endloop
  endfacet
  facet normal 0 0 -1
    outer loop
      vertex 62.5048 -33.1694 0
      vertex 61.0692 -33.0099 0
      vertex 61.15 -32.5 0
    endloop
  endfacet
  facet normal 0 0 -1
    outer loop
      vertex 61.9092 -34.1174 0
      vertex 60.8349 -33.4698 0
      vertex 61.0692 -33.0099 0
    endloop
  endfacet
  facet normal 0 0 -1
    outer loop
      vertex 60.0099 -34.0692 0
      vertex 61.1174 -34.9092 0
      vertex 60.6602 -35.2336 0
    endloop
  endfacet
  facet normal 0 0 -1
    outer loop
      vertex 61.5355 -34.5355 0
      vertex 60.4698 -33.8349 0
      vertex 60.8349 -33.4698 0
    endloop
  endfacet
  facet normal 0 0 -1
    outer loop
      vertex 60.0099 -34.0692 0
      vertex 60.6602 -35.2336 0
      vertex 60.1694 -35.5048 0
    endloop
  endfacet
  facet normal 0 0 -1
    outer loop
      vertex 61.1174 -34.9092 0
      vertex 60.0099 -34.0692 0
      vertex 60.4698 -33.8349 0
    endloop
  endfacet
  facet normal 0 0 -1
    outer loop
      vertex 59.5 -34.15 0
      vertex 60.1694 -35.5048 0
      vertex 59.6514 -35.7194 0
    endloop
  endfacet
  facet normal 0 0 -1
    outer loop
      vertex 60.1694 -35.5048 0
      vertex 59.5 -34.15 0
      vertex 60.0099 -34.0692 0
    endloop
  endfacet
  facet normal 0 0 -1
    outer loop
      vertex 59.1126 -35.8746 0
      vertex 59.5 -34.15 0
      vertex 59.6514 -35.7194 0
    endloop
  endfacet
  facet normal 0 0 -1
    outer loop
      vertex 59.1126 -35.8746 0
      vertex 58.9901 -34.0692 0
      vertex 59.5 -34.15 0
    endloop
  endfacet
  facet normal 0 0 -1
    outer loop
      vertex 58.5598 -35.9686 0
      vertex 58.9901 -34.0692 0
      vertex 59.1126 -35.8746 0
    endloop
  endfacet
  facet normal 0 0 -1
    outer loop
      vertex 58.5598 -35.9686 0
      vertex 58.5302 -33.8349 0
      vertex 58.9901 -34.0692 0
    endloop
  endfacet
  facet normal 0 0 -1
    outer loop
      vertex 58 -36 0
      vertex 58.5302 -33.8349 0
      vertex 58.5598 -35.9686 0
    endloop
  endfacet
  facet normal -0 0 -1
    outer loop
      vertex 58.5302 -33.8349 0
      vertex 58 -36 0
      vertex 58.1651 -33.4698 0
    endloop
  endfacet
  facet normal 0 0 -1
    outer loop
      vertex 58 -36 0
      vertex 57.9308 -33.0099 0
      vertex 58.1651 -33.4698 0
    endloop
  endfacet
  facet normal 0 0 -1
    outer loop
      vertex 58 -36 0
      vertex 57.85 -32.5 0
      vertex 57.9308 -33.0099 0
    endloop
  endfacet
  facet normal 0 0 -1
    outer loop
      vertex 63 31 0
      vertex 59.5 30.85 0
      vertex 60.0099 30.9308 0
    endloop
  endfacet
  facet normal 0 0 -1
    outer loop
      vertex 26.3349 -25.4698 0
      vertex 57.85 -32.5 0
      vertex 58 -36 0
    endloop
  endfacet
  facet normal 0 0 -1
    outer loop
      vertex 63 -31 0
      vertex 48.4717 -0.503839 0
      vertex 48.5 0 0
    endloop
  endfacet
  facet normal 0 0 -1
    outer loop
      vertex 63 -31 0
      vertex 48.3872 -1.00134 0
      vertex 48.4717 -0.503839 0
    endloop
  endfacet
  facet normal 0 0 -1
    outer loop
      vertex 63 -31 0
      vertex 48.2475 -1.48626 0
      vertex 48.3872 -1.00134 0
    endloop
  endfacet
  facet normal 0 0 -1
    outer loop
      vertex 63 -31 0
      vertex 48.0544 -1.95248 0
      vertex 48.2475 -1.48626 0
    endloop
  endfacet
  facet normal 0 0 -1
    outer loop
      vertex 63 -31 0
      vertex 47.8103 -2.39414 0
      vertex 48.0544 -1.95248 0
    endloop
  endfacet
  facet normal 0 0 -1
    outer loop
      vertex 63 -31 0
      vertex 47.5182 -2.8057 0
      vertex 47.8103 -2.39414 0
    endloop
  endfacet
  facet normal 0 0 -1
    outer loop
      vertex 59.5 -30.85 0
      vertex 47.182 -3.18198 0
      vertex 47.5182 -2.8057 0
    endloop
  endfacet
  facet normal 0 0 -1
    outer loop
      vertex 59.5 -30.85 0
      vertex 46.8057 -3.51824 0
      vertex 47.182 -3.18198 0
    endloop
  endfacet
  facet normal 0 0 -1
    outer loop
      vertex 58.9901 -30.9308 0
      vertex 46.3941 -3.81026 0
      vertex 46.8057 -3.51824 0
    endloop
  endfacet
  facet normal 0 0 -1
    outer loop
      vertex 58.9901 -30.9308 0
      vertex 45.9525 -4.05436 0
      vertex 46.3941 -3.81026 0
    endloop
  endfacet
  facet normal 0 0 -1
    outer loop
      vertex 58.5302 -31.1651 0
      vertex 45.4863 -4.24747 0
      vertex 45.9525 -4.05436 0
    endloop
  endfacet
  facet normal 0 0 -1
    outer loop
      vertex 58.5302 -31.1651 0
      vertex 45.0013 -4.38718 0
      vertex 45.4863 -4.24747 0
    endloop
  endfacet
  facet normal 0 0 -1
    outer loop
      vertex 58.5302 -31.1651 0
      vertex 44.5038 -4.4717 0
      vertex 45.0013 -4.38718 0
    endloop
  endfacet
  facet normal 0 0 -1
    outer loop
      vertex 58.1651 -31.5302 0
      vertex 44 -4.5 0
      vertex 44.5038 -4.4717 0
    endloop
  endfacet
  facet normal 0 0 -1
    outer loop
      vertex 58.1651 -31.5302 0
      vertex 26.65 -24.5 0
      vertex 44 -4.5 0
    endloop
  endfacet
  facet normal 0 0 -1
    outer loop
      vertex 57.9308 -31.9901 0
      vertex 26.5692 -25.0099 0
      vertex 26.65 -24.5 0
    endloop
  endfacet
  facet normal 0 0 -1
    outer loop
      vertex 57.85 -32.5 0
      vertex 26.3349 -25.4698 0
      vertex 26.5692 -25.0099 0
    endloop
  endfacet
  facet normal 0 0 -1
    outer loop
      vertex 58 -36 0
      vertex 25.9698 -25.8349 0
      vertex 26.3349 -25.4698 0
    endloop
  endfacet
  facet normal 0 0 -1
    outer loop
      vertex 58 -36 0
      vertex 25.5099 -26.0692 0
      vertex 25.9698 -25.8349 0
    endloop
  endfacet
  facet normal 0 0 -1
    outer loop
      vertex 58 -36 0
      vertex 25 -26.15 0
      vertex 25.5099 -26.0692 0
    endloop
  endfacet
  facet normal 0 0 -1
    outer loop
      vertex 4 -36 0
      vertex 25 -26.15 0
      vertex 58 -36 0
    endloop
  endfacet
  facet normal 0 0 -1
    outer loop
      vertex 6.35 -24.5 0
      vertex 23.35 -24.5 0
      vertex 23.4308 -25.0099 0
    endloop
  endfacet
  facet normal 0 0 -1
    outer loop
      vertex 23.35 -24.5 0
      vertex 19.4962 -4.4717 0
      vertex 20 -4.5 0
    endloop
  endfacet
  facet normal 0 0 -1
    outer loop
      vertex 23.35 -24.5 0
      vertex 18.9987 -4.38718 0
      vertex 19.4962 -4.4717 0
    endloop
  endfacet
  facet normal 0 0 -1
    outer loop
      vertex 23.35 -24.5 0
      vertex 18.5137 -4.24747 0
      vertex 18.9987 -4.38718 0
    endloop
  endfacet
  facet normal 0 0 -1
    outer loop
      vertex 6.26924 -23.9901 0
      vertex 23.35 -24.5 0
      vertex 6.35 -24.5 0
    endloop
  endfacet
  facet normal 0 0 -1
    outer loop
      vertex 6.03488 -23.5302 0
      vertex 23.35 -24.5 0
      vertex 6.26924 -23.9901 0
    endloop
  endfacet
  facet normal 0 0 -1
    outer loop
      vertex 23.35 -24.5 0
      vertex 6.03488 -23.5302 0
      vertex 18.5137 -4.24747 0
    endloop
  endfacet
  facet normal 0 0 -1
    outer loop
      vertex 5.66985 -23.1651 0
      vertex 18.5137 -4.24747 0
      vertex 6.03488 -23.5302 0
    endloop
  endfacet
  facet normal -0 0 -1
    outer loop
      vertex 18.5137 -4.24747 0
      vertex 5.66985 -23.1651 0
      vertex 18.0475 -4.05436 0
    endloop
  endfacet
  facet normal -0 0 -1
    outer loop
      vertex 18.0475 -4.05436 0
      vertex 5.66985 -23.1651 0
      vertex 17.6059 -3.81026 0
    endloop
  endfacet
  facet normal -0 0 -1
    outer loop
      vertex 17.6059 -3.81026 0
      vertex 5.66985 -23.1651 0
      vertex 17.1943 -3.51824 0
    endloop
  endfacet
  facet normal 0 0 -1
    outer loop
      vertex 5.20988 -22.9308 0
      vertex 17.1943 -3.51824 0
      vertex 5.66985 -23.1651 0
    endloop
  endfacet
  facet normal -0 0 -1
    outer loop
      vertex 16.4818 -2.8057 0
      vertex 4.7 -22.85 0
      vertex 16.1897 -2.39414 0
    endloop
  endfacet
  facet normal 0 0 -1
    outer loop
      vertex 4.7 -22.85 0
      vertex 16.4818 -2.8057 0
      vertex 5.20988 -22.9308 0
    endloop
  endfacet
  facet normal -0 0 -1
    outer loop
      vertex 16.818 -3.18198 0
      vertex 5.20988 -22.9308 0
      vertex 16.4818 -2.8057 0
    endloop
  endfacet
  facet normal -0 0 -1
    outer loop
      vertex 17.1943 -3.51824 0
      vertex 5.20988 -22.9308 0
      vertex 16.818 -3.18198 0
    endloop
  endfacet
  facet normal 0 0 -1
    outer loop
      vertex 6.26924 -25.0099 0
      vertex 23.4308 -25.0099 0
      vertex 23.6651 -25.4698 0
    endloop
  endfacet
  facet normal 0 0 -1
    outer loop
      vertex 4.15 -32.5 0
      vertex 23.6651 -25.4698 0
      vertex 24.0302 -25.8349 0
    endloop
  endfacet
  facet normal 0 0 -1
    outer loop
      vertex 4 -36 0
      vertex 24.0302 -25.8349 0
      vertex 24.4901 -26.0692 0
    endloop
  endfacet
  facet normal -0 0 -1
    outer loop
      vertex 25 -26.15 0
      vertex 4 -36 0
      vertex 24.4901 -26.0692 0
    endloop
  endfacet
  facet normal 0 0 -1
    outer loop
      vertex 23.4308 -25.0099 0
      vertex 6.26924 -25.0099 0
      vertex 6.35 -24.5 0
    endloop
  endfacet
  facet normal 0 0 -1
    outer loop
      vertex 24.0302 -25.8349 0
      vertex 4 -36 0
      vertex 4.06924 -33.0099 0
    endloop
  endfacet
  facet normal -0 0 -1
    outer loop
      vertex 23.6651 -25.4698 0
      vertex 4.15 -32.5 0
      vertex 6.03488 -25.4698 0
    endloop
  endfacet
  facet normal 0 0 -1
    outer loop
      vertex 4.06924 -31.9901 0
      vertex 6.03488 -25.4698 0
      vertex 4.15 -32.5 0
    endloop
  endfacet
  facet normal 0 0 -1
    outer loop
      vertex 6.03488 -25.4698 0
      vertex 4.06924 -31.9901 0
      vertex 5.66985 -25.8349 0
    endloop
  endfacet
  facet normal 0 0 -1
    outer loop
      vertex 3.83488 -31.5302 0
      vertex 5.66985 -25.8349 0
      vertex 4.06924 -31.9901 0
    endloop
  endfacet
  facet normal 0 0 -1
    outer loop
      vertex 5.66985 -25.8349 0
      vertex 3.83488 -31.5302 0
      vertex 5.20988 -26.0692 0
    endloop
  endfacet
  facet normal 0 0 -1
    outer loop
      vertex 23.6651 -25.4698 0
      vertex 6.03488 -25.4698 0
      vertex 6.26924 -25.0099 0
    endloop
  endfacet
  facet normal 0 0 -1
    outer loop
      vertex 24.0302 -25.8349 0
      vertex 4.06924 -33.0099 0
      vertex 4.15 -32.5 0
    endloop
  endfacet
  facet normal 0 0 -1
    outer loop
      vertex 4 -36 0
      vertex 3.83488 -33.4698 0
      vertex 4.06924 -33.0099 0
    endloop
  endfacet
  facet normal 0 0 -1
    outer loop
      vertex 4 -36 0
      vertex 3.46984 -33.8349 0
      vertex 3.83488 -33.4698 0
    endloop
  endfacet
  facet normal 0 0 -1
    outer loop
      vertex 3.44018 -35.9686 0
      vertex 3.46984 -33.8349 0
      vertex 4 -36 0
    endloop
  endfacet
  facet normal 0 0 -1
    outer loop
      vertex 3.44018 -35.9686 0
      vertex 3.00988 -34.0692 0
      vertex 3.46984 -33.8349 0
    endloop
  endfacet
  facet normal 0 0 -1
    outer loop
      vertex 2.88739 -35.8746 0
      vertex 3.00988 -34.0692 0
      vertex 3.44018 -35.9686 0
    endloop
  endfacet
  facet normal 0 0 -1
    outer loop
      vertex 2.88739 -35.8746 0
      vertex 2.5 -34.15 0
      vertex 3.00988 -34.0692 0
    endloop
  endfacet
  facet normal 0 0 -1
    outer loop
      vertex 2.3486 -35.7194 0
      vertex 2.5 -34.15 0
      vertex 2.88739 -35.8746 0
    endloop
  endfacet
  facet normal 0 0 -1
    outer loop
      vertex 1.83058 -35.5048 0
      vertex 2.5 -34.15 0
      vertex 2.3486 -35.7194 0
    endloop
  endfacet
  facet normal -0 0 -1
    outer loop
      vertex 2.5 -34.15 0
      vertex 1.83058 -35.5048 0
      vertex 1.99012 -34.0692 0
    endloop
  endfacet
  facet normal 0 0 -1
    outer loop
      vertex 1.33984 -35.2336 0
      vertex 1.99012 -34.0692 0
      vertex 1.83058 -35.5048 0
    endloop
  endfacet
  facet normal 0 0 -1
    outer loop
      vertex 0.88255 -34.9092 0
      vertex 1.99012 -34.0692 0
      vertex 1.33984 -35.2336 0
    endloop
  endfacet
  facet normal -0 0 -1
    outer loop
      vertex 1.99012 -34.0692 0
      vertex 0.88255 -34.9092 0
      vertex 1.53015 -33.8349 0
    endloop
  endfacet
  facet normal 0 0 -1
    outer loop
      vertex 0.464465 -34.5355 0
      vertex 1.53015 -33.8349 0
      vertex 0.88255 -34.9092 0
    endloop
  endfacet
  facet normal -0 0 -1
    outer loop
      vertex 1.53015 -33.8349 0
      vertex 0.464465 -34.5355 0
      vertex 1.16512 -33.4698 0
    endloop
  endfacet
  facet normal 0 0 -1
    outer loop
      vertex 0.0908422 -34.1174 0
      vertex 1.16512 -33.4698 0
      vertex 0.464465 -34.5355 0
    endloop
  endfacet
  facet normal 0 0 -1
    outer loop
      vertex -0.233621 -33.6602 0
      vertex 0.930757 -33.0099 0
      vertex 0.0908422 -34.1174 0
    endloop
  endfacet
  facet normal -0 0 -1
    outer loop
      vertex 1.16512 -33.4698 0
      vertex 0.0908422 -34.1174 0
      vertex 0.930757 -33.0099 0
    endloop
  endfacet
  facet normal -0 0 -1
    outer loop
      vertex 62.2336 33.6602 0
      vertex 61.0692 33.0099 0
      vertex 61.9092 34.1174 0
    endloop
  endfacet
  facet normal 0 0 -1
    outer loop
      vertex 60.8349 33.4698 0
      vertex 61.9092 34.1174 0
      vertex 61.0692 33.0099 0
    endloop
  endfacet
  facet normal -0 0 -1
    outer loop
      vertex 61.9092 34.1174 0
      vertex 60.8349 33.4698 0
      vertex 61.5355 34.5355 0
    endloop
  endfacet
  facet normal 0 0 -1
    outer loop
      vertex 60.4698 33.8349 0
      vertex 61.5355 34.5355 0
      vertex 60.8349 33.4698 0
    endloop
  endfacet
  facet normal -0 0 -1
    outer loop
      vertex 61.5355 34.5355 0
      vertex 60.4698 33.8349 0
      vertex 61.1174 34.9092 0
    endloop
  endfacet
  facet normal 0 0 -1
    outer loop
      vertex 60.0099 34.0692 0
      vertex 61.1174 34.9092 0
      vertex 60.4698 33.8349 0
    endloop
  endfacet
  facet normal -0 0 -1
    outer loop
      vertex 61.1174 34.9092 0
      vertex 60.0099 34.0692 0
      vertex 60.6602 35.2336 0
    endloop
  endfacet
  facet normal -0 0 -1
    outer loop
      vertex 60.6602 35.2336 0
      vertex 60.0099 34.0692 0
      vertex 60.1694 35.5048 0
    endloop
  endfacet
  facet normal 0 0 -1
    outer loop
      vertex 59.5 34.15 0
      vertex 60.1694 35.5048 0
      vertex 60.0099 34.0692 0
    endloop
  endfacet
  facet normal -0 0 -1
    outer loop
      vertex 60.1694 35.5048 0
      vertex 59.5 34.15 0
      vertex 59.6514 35.7194 0
    endloop
  endfacet
  facet normal 0 0 -1
    outer loop
      vertex 59.5 34.15 0
      vertex 59.1126 35.8746 0
      vertex 59.6514 35.7194 0
    endloop
  endfacet
  facet normal 0 0 -1
    outer loop
      vertex 58.9901 34.0692 0
      vertex 59.1126 35.8746 0
      vertex 59.5 34.15 0
    endloop
  endfacet
  facet normal 0 0 -1
    outer loop
      vertex 58.9901 34.0692 0
      vertex 58.5598 35.9686 0
      vertex 59.1126 35.8746 0
    endloop
  endfacet
  facet normal 0 0 -1
    outer loop
      vertex 58.5302 33.8349 0
      vertex 58.5598 35.9686 0
      vertex 58.9901 34.0692 0
    endloop
  endfacet
  facet normal 0 0 -1
    outer loop
      vertex 58 36 0
      vertex 58.5302 33.8349 0
      vertex 58.1651 33.4698 0
    endloop
  endfacet
  facet normal 0 0 -1
    outer loop
      vertex 58.5302 33.8349 0
      vertex 58 36 0
      vertex 58.5598 35.9686 0
    endloop
  endfacet
  facet normal 0 0 -1
    outer loop
      vertex 57.9308 33.0099 0
      vertex 58 36 0
      vertex 58.1651 33.4698 0
    endloop
  endfacet
  facet normal 0 0 -1
    outer loop
      vertex 57.85 32.5 0
      vertex 58 36 0
      vertex 57.9308 33.0099 0
    endloop
  endfacet
  facet normal 0 0 -1
    outer loop
      vertex 63 31 0
      vertex 47.5182 2.8057 0
      vertex 59.5 30.85 0
    endloop
  endfacet
  facet normal 0 0 -1
    outer loop
      vertex 47.182 3.18198 0
      vertex 59.5 30.85 0
      vertex 47.5182 2.8057 0
    endloop
  endfacet
  facet normal 0 0 -1
    outer loop
      vertex 46.8057 3.51824 0
      vertex 59.5 30.85 0
      vertex 47.182 3.18198 0
    endloop
  endfacet
  facet normal -0 0 -1
    outer loop
      vertex 59.5 30.85 0
      vertex 46.8057 3.51824 0
      vertex 58.9901 30.9308 0
    endloop
  endfacet
  facet normal 0 0 -1
    outer loop
      vertex 46.3941 3.81026 0
      vertex 58.9901 30.9308 0
      vertex 46.8057 3.51824 0
    endloop
  endfacet
  facet normal 0 0 -1
    outer loop
      vertex 45.9525 4.05436 0
      vertex 58.9901 30.9308 0
      vertex 46.3941 3.81026 0
    endloop
  endfacet
  facet normal -0 0 -1
    outer loop
      vertex 58.9901 30.9308 0
      vertex 45.9525 4.05436 0
      vertex 58.5302 31.1651 0
    endloop
  endfacet
  facet normal 0 0 -1
    outer loop
      vertex 45.4863 4.24747 0
      vertex 58.5302 31.1651 0
      vertex 45.9525 4.05436 0
    endloop
  endfacet
  facet normal 0 0 -1
    outer loop
      vertex 45.0013 4.38718 0
      vertex 58.5302 31.1651 0
      vertex 45.4863 4.24747 0
    endloop
  endfacet
  facet normal 0 0 -1
    outer loop
      vertex 44.5038 4.4717 0
      vertex 58.5302 31.1651 0
      vertex 45.0013 4.38718 0
    endloop
  endfacet
  facet normal -0 0 -1
    outer loop
      vertex 58.5302 31.1651 0
      vertex 44.5038 4.4717 0
      vertex 58.1651 31.5302 0
    endloop
  endfacet
  facet normal 0 0 -1
    outer loop
      vertex 44 4.5 0
      vertex 58.1651 31.5302 0
      vertex 44.5038 4.4717 0
    endloop
  endfacet
  facet normal 0 0 -1
    outer loop
      vertex 26.65 24.5 0
      vertex 58.1651 31.5302 0
      vertex 44 4.5 0
    endloop
  endfacet
  facet normal -0 0 -1
    outer loop
      vertex 58.1651 31.5302 0
      vertex 26.65 24.5 0
      vertex 57.9308 31.9901 0
    endloop
  endfacet
  facet normal 0 0 -1
    outer loop
      vertex 26.5692 25.0099 0
      vertex 57.9308 31.9901 0
      vertex 26.65 24.5 0
    endloop
  endfacet
  facet normal -0 0 -1
    outer loop
      vertex 57.9308 31.9901 0
      vertex 26.5692 25.0099 0
      vertex 57.85 32.5 0
    endloop
  endfacet
  facet normal 0 0 -1
    outer loop
      vertex 26.3349 25.4698 0
      vertex 57.85 32.5 0
      vertex 26.5692 25.0099 0
    endloop
  endfacet
  facet normal -0 0 -1
    outer loop
      vertex 57.85 32.5 0
      vertex 26.3349 25.4698 0
      vertex 58 36 0
    endloop
  endfacet
  facet normal 0 0 -1
    outer loop
      vertex 25.9698 25.8349 0
      vertex 58 36 0
      vertex 26.3349 25.4698 0
    endloop
  endfacet
  facet normal 0 0 -1
    outer loop
      vertex 25.5099 26.0692 0
      vertex 58 36 0
      vertex 25.9698 25.8349 0
    endloop
  endfacet
  facet normal 0 0 -1
    outer loop
      vertex 25 26.15 0
      vertex 58 36 0
      vertex 25.5099 26.0692 0
    endloop
  endfacet
  facet normal 0 0 -1
    outer loop
      vertex 4 36 0
      vertex 25 26.15 0
      vertex 24.4901 26.0692 0
    endloop
  endfacet
  facet normal 0 0 -1
    outer loop
      vertex 18.5137 4.24747 0
      vertex 23.6651 23.5302 0
      vertex 18.9987 4.38718 0
    endloop
  endfacet
  facet normal 0 0 -1
    outer loop
      vertex 6.35 24.5 0
      vertex 23.6651 23.5302 0
      vertex 18.5137 4.24747 0
    endloop
  endfacet
  facet normal 0 0 -1
    outer loop
      vertex 23.6651 23.5302 0
      vertex 6.35 24.5 0
      vertex 23.4308 23.9901 0
    endloop
  endfacet
  facet normal 0 0 -1
    outer loop
      vertex 23.4308 23.9901 0
      vertex 6.35 24.5 0
      vertex 23.35 24.5 0
    endloop
  endfacet
  facet normal 0 0 -1
    outer loop
      vertex 6.35 24.5 0
      vertex 18.5137 4.24747 0
      vertex 18.0475 4.05436 0
    endloop
  endfacet
  facet normal 0 0 -1
    outer loop
      vertex 6.35 24.5 0
      vertex 18.0475 4.05436 0
      vertex 17.6059 3.81026 0
    endloop
  endfacet
  facet normal 0 0 -1
    outer loop
      vertex 6.35 24.5 0
      vertex 17.6059 3.81026 0
      vertex 17.1943 3.51824 0
    endloop
  endfacet
  facet normal 0 0 -1
    outer loop
      vertex 6.35 24.5 0
      vertex 17.1943 3.51824 0
      vertex 16.818 3.18198 0
    endloop
  endfacet
  facet normal 0 0 -1
    outer loop
      vertex 6.35 24.5 0
      vertex 16.818 3.18198 0
      vertex 16.4818 2.8057 0
    endloop
  endfacet
  facet normal 0 0 -1
    outer loop
      vertex 6.35 24.5 0
      vertex 16.4818 2.8057 0
      vertex 16.1897 2.39414 0
    endloop
  endfacet
  facet normal 0 0 -1
    outer loop
      vertex 6.35 24.5 0
      vertex 16.1897 2.39414 0
      vertex 15.9456 1.95248 0
    endloop
  endfacet
  facet normal 0 0 -1
    outer loop
      vertex 6.35 24.5 0
      vertex 15.9456 1.95248 0
      vertex 15.7525 1.48626 0
    endloop
  endfacet
  facet normal -0 0 -1
    outer loop
      vertex 16.1897 -2.39414 0
      vertex 4.7 -22.85 0
      vertex 15.9456 -1.95248 0
    endloop
  endfacet
  facet normal 0 0 -1
    outer loop
      vertex 15.5 0 0
      vertex 6.35 24.5 0
      vertex 15.5283 0.503839 0
    endloop
  endfacet
  facet normal 0 0 -1
    outer loop
      vertex 15.5283 0.503839 0
      vertex 6.35 24.5 0
      vertex 15.6128 1.00134 0
    endloop
  endfacet
  facet normal 0 0 -1
    outer loop
      vertex 15.6128 1.00134 0
      vertex 6.35 24.5 0
      vertex 15.7525 1.48626 0
    endloop
  endfacet
  facet normal 0 0 -1
    outer loop
      vertex 23.35 24.5 0
      vertex 6.35 24.5 0
      vertex 23.4308 25.0099 0
    endloop
  endfacet
  facet normal 0 0 -1
    outer loop
      vertex 6.26924 25.0099 0
      vertex 23.4308 25.0099 0
      vertex 6.35 24.5 0
    endloop
  endfacet
  facet normal 0 0 -1
    outer loop
      vertex 23.4308 25.0099 0
      vertex 6.26924 25.0099 0
      vertex 23.6651 25.4698 0
    endloop
  endfacet
  facet normal 0 0 -1
    outer loop
      vertex 6.03488 25.4698 0
      vertex 23.6651 25.4698 0
      vertex 6.26924 25.0099 0
    endloop
  endfacet
  facet normal 0 0 -1
    outer loop
      vertex 4.15 32.5 0
      vertex 23.6651 25.4698 0
      vertex 6.03488 25.4698 0
    endloop
  endfacet
  facet normal 0 0 -1
    outer loop
      vertex 23.6651 25.4698 0
      vertex 4.15 32.5 0
      vertex 24.0302 25.8349 0
    endloop
  endfacet
  facet normal 0 0 -1
    outer loop
      vertex 4.06924 33.0099 0
      vertex 24.0302 25.8349 0
      vertex 4.15 32.5 0
    endloop
  endfacet
  facet normal 0 0 -1
    outer loop
      vertex 4.06924 31.9901 0
      vertex 6.03488 25.4698 0
      vertex 5.66985 25.8349 0
    endloop
  endfacet
  facet normal 0 0 -1
    outer loop
      vertex 4.06924 31.9901 0
      vertex 5.66985 25.8349 0
      vertex 5.20988 26.0692 0
    endloop
  endfacet
  facet normal 0 0 -1
    outer loop
      vertex 4.06924 31.9901 0
      vertex 5.20988 26.0692 0
      vertex 4.7 26.15 0
    endloop
  endfacet
  facet normal 0 0 -1
    outer loop
      vertex 3.00988 30.9308 0
      vertex 4.7 26.15 0
      vertex 4.19012 26.0692 0
    endloop
  endfacet
  facet normal 0 0 -1
    outer loop
      vertex 4 36 0
      vertex 24.0302 25.8349 0
      vertex 4.06924 33.0099 0
    endloop
  endfacet
  facet normal 0 0 -1
    outer loop
      vertex 24.0302 25.8349 0
      vertex 4 36 0
      vertex 24.4901 26.0692 0
    endloop
  endfacet
  facet normal 0 0 -1
    outer loop
      vertex 25 26.15 0
      vertex 4 36 0
      vertex 58 36 0
    endloop
  endfacet
  facet normal 0 0 -1
    outer loop
      vertex 3.83488 33.4698 0
      vertex 4 36 0
      vertex 4.06924 33.0099 0
    endloop
  endfacet
  facet normal 0 0 -1
    outer loop
      vertex 3.46984 33.8349 0
      vertex 4 36 0
      vertex 3.83488 33.4698 0
    endloop
  endfacet
  facet normal 0 0 -1
    outer loop
      vertex 3.46984 33.8349 0
      vertex 3.44018 35.9686 0
      vertex 4 36 0
    endloop
  endfacet
  facet normal 0 0 -1
    outer loop
      vertex 3.00988 34.0692 0
      vertex 3.44018 35.9686 0
      vertex 3.46984 33.8349 0
    endloop
  endfacet
  facet normal 0 0 -1
    outer loop
      vertex 3.00988 34.0692 0
      vertex 2.88739 35.8746 0
      vertex 3.44018 35.9686 0
    endloop
  endfacet
  facet normal 0 0 -1
    outer loop
      vertex 2.5 34.15 0
      vertex 2.88739 35.8746 0
      vertex 3.00988 34.0692 0
    endloop
  endfacet
  facet normal 0 0 -1
    outer loop
      vertex 2.5 34.15 0
      vertex 2.3486 35.7194 0
      vertex 2.88739 35.8746 0
    endloop
  endfacet
  facet normal 0 0 -1
    outer loop
      vertex 1.83058 35.5048 0
      vertex 2.5 34.15 0
      vertex 1.99012 34.0692 0
    endloop
  endfacet
  facet normal 0 0 -1
    outer loop
      vertex 2.5 34.15 0
      vertex 1.83058 35.5048 0
      vertex 2.3486 35.7194 0
    endloop
  endfacet
  facet normal 0 0 -1
    outer loop
      vertex 0.88255 34.9092 0
      vertex 1.99012 34.0692 0
      vertex 1.53015 33.8349 0
    endloop
  endfacet
  facet normal 0 0 -1
    outer loop
      vertex 1.99012 34.0692 0
      vertex 1.33984 35.2336 0
      vertex 1.83058 35.5048 0
    endloop
  endfacet
  facet normal 0 0 -1
    outer loop
      vertex 0.464465 34.5355 0
      vertex 1.53015 33.8349 0
      vertex 1.16512 33.4698 0
    endloop
  endfacet
  facet normal 0 0 -1
    outer loop
      vertex 0.0908422 34.1174 0
      vertex 1.16512 33.4698 0
      vertex 0.930757 33.0099 0
    endloop
  endfacet
  facet normal 0 0 -1
    outer loop
      vertex 1.99012 34.0692 0
      vertex 0.88255 34.9092 0
      vertex 1.33984 35.2336 0
    endloop
  endfacet
  facet normal 0 0 -1
    outer loop
      vertex -0.504844 33.1694 0
      vertex 0.930757 33.0099 0
      vertex 0.849999 32.5 0
    endloop
  endfacet
  facet normal 0 0 -1
    outer loop
      vertex 1.53015 33.8349 0
      vertex 0.464465 34.5355 0
      vertex 0.88255 34.9092 0
    endloop
  endfacet
  facet normal 0 -0 -1
    outer loop
      vertex -0.96856 31.5598 0
      vertex 1.16512 31.5302 0
      vertex -1 31 0
    endloop
  endfacet
  facet normal 0 0 -1
    outer loop
      vertex -0.504844 -33.1694 0
      vertex 0.930757 -33.0099 0
      vertex -0.233621 -33.6602 0
    endloop
  endfacet
  facet normal 0 0 -1
    outer loop
      vertex 1.16512 31.5302 0
      vertex -0.96856 31.5598 0
      vertex 0.930757 31.9901 0
    endloop
  endfacet
  facet normal -0 0 -1
    outer loop
      vertex 0.930757 -33.0099 0
      vertex -0.504844 -33.1694 0
      vertex 0.849999 -32.5 0
    endloop
  endfacet
  facet normal 0 -0 -1
    outer loop
      vertex -0.87464 32.1126 0
      vertex 0.930757 31.9901 0
      vertex -0.96856 31.5598 0
    endloop
  endfacet
  facet normal 0 0 -1
    outer loop
      vertex -0.719417 -32.6514 0
      vertex 0.849999 -32.5 0
      vertex -0.504844 -33.1694 0
    endloop
  endfacet
  facet normal 0 0 -1
    outer loop
      vertex 1.16512 33.4698 0
      vertex 0.0908422 34.1174 0
      vertex 0.464465 34.5355 0
    endloop
  endfacet
  facet normal 0 0 -1
    outer loop
      vertex -0.87464 -32.1126 0
      vertex 0.849999 -32.5 0
      vertex -0.719417 -32.6514 0
    endloop
  endfacet
  facet normal 0 0 -1
    outer loop
      vertex 0.930757 33.0099 0
      vertex -0.233621 33.6602 0
      vertex 0.0908422 34.1174 0
    endloop
  endfacet
  facet normal -0 0 -1
    outer loop
      vertex 0.930757 -31.9901 0
      vertex -0.87464 -32.1126 0
      vertex -0.96856 -31.5598 0
    endloop
  endfacet
  facet normal 0 0 -1
    outer loop
      vertex 0.930757 33.0099 0
      vertex -0.504844 33.1694 0
      vertex -0.233621 33.6602 0
    endloop
  endfacet
  facet normal -0 0 -1
    outer loop
      vertex 1.16512 -31.5302 0
      vertex -0.96856 -31.5598 0
      vertex -1 -31 0
    endloop
  endfacet
  facet normal 0 0 -1
    outer loop
      vertex 0.849999 32.5 0
      vertex -0.719417 32.6514 0
      vertex -0.504844 33.1694 0
    endloop
  endfacet
  facet normal -0 0 -1
    outer loop
      vertex 0.849999 32.5 0
      vertex -0.87464 32.1126 0
      vertex -0.719417 32.6514 0
    endloop
  endfacet
  facet normal 0 0 -1
    outer loop
      vertex 0.930757 31.9901 0
      vertex -0.87464 32.1126 0
      vertex 0.849999 32.5 0
    endloop
  endfacet
  facet normal 0 0 -1
    outer loop
      vertex 26.5692 -23.9901 0
      vertex 44 -4.5 0
      vertex 26.65 -24.5 0
    endloop
  endfacet
  facet normal 0 0 -1
    outer loop
      vertex 26.3349 -23.5302 0
      vertex 44 -4.5 0
      vertex 26.5692 -23.9901 0
    endloop
  endfacet
  facet normal 0 0 -1
    outer loop
      vertex 25.9698 -23.1651 0
      vertex 44 -4.5 0
      vertex 26.3349 -23.5302 0
    endloop
  endfacet
  facet normal 0 0 -1
    outer loop
      vertex 25.5099 -22.9308 0
      vertex 44 -4.5 0
      vertex 25.9698 -23.1651 0
    endloop
  endfacet
  facet normal 0 0 -1
    outer loop
      vertex 20 -4.5 0
      vertex 25.5099 -22.9308 0
      vertex 25 -22.85 0
    endloop
  endfacet
  facet normal 0 0 -1
    outer loop
      vertex 20 -4.5 0
      vertex 25 -22.85 0
      vertex 24.4901 -22.9308 0
    endloop
  endfacet
  facet normal 0 0 -1
    outer loop
      vertex 20 -4.5 0
      vertex 24.4901 -22.9308 0
      vertex 24.0302 -23.1651 0
    endloop
  endfacet
  facet normal 0 0 -1
    outer loop
      vertex 25.5099 -22.9308 0
      vertex 20 -4.5 0
      vertex 44 -4.5 0
    endloop
  endfacet
  facet normal 0 0 -1
    outer loop
      vertex 23.6651 -23.5302 0
      vertex 20 -4.5 0
      vertex 24.0302 -23.1651 0
    endloop
  endfacet
  facet normal 0 0 -1
    outer loop
      vertex 23.4308 -23.9901 0
      vertex 20 -4.5 0
      vertex 23.6651 -23.5302 0
    endloop
  endfacet
  facet normal 0 0 -1
    outer loop
      vertex 20 -4.5 0
      vertex 23.4308 -23.9901 0
      vertex 23.35 -24.5 0
    endloop
  endfacet
  facet normal -0.276798 -0.960928 0
    outer loop
      vertex 2.3486 -35.7194 0
      vertex 2.88739 -35.8746 2.5
      vertex 2.3486 -35.7194 2.5
    endloop
  endfacet
  facet normal -0.276798 -0.960928 -0
    outer loop
      vertex 2.88739 -35.8746 2.5
      vertex 2.3486 -35.7194 0
      vertex 2.88739 -35.8746 0
    endloop
  endfacet
  facet normal 0.0560034 -0.998431 0
    outer loop
      vertex 58 -36 0
      vertex 58.5598 -35.9686 2.5
      vertex 58 -36 2.5
    endloop
  endfacet
  facet normal 0.0560034 -0.998431 0
    outer loop
      vertex 58.5598 -35.9686 2.5
      vertex 58 -36 0
      vertex 58.5598 -35.9686 0
    endloop
  endfacet
  facet normal -0.483688 -0.87524 0
    outer loop
      vertex 1.33984 -35.2336 0
      vertex 1.83058 -35.5048 2.5
      vertex 1.33984 -35.2336 2.5
    endloop
  endfacet
  facet normal -0.483688 -0.87524 -0
    outer loop
      vertex 1.83058 -35.5048 2.5
      vertex 1.33984 -35.2336 0
      vertex 1.83058 -35.5048 0
    endloop
  endfacet
  facet normal -0.923873 -0.382699 0
    outer loop
      vertex -0.504844 -33.1694 0
      vertex -0.719417 -32.6514 2.5
      vertex -0.719417 -32.6514 0
    endloop
  endfacet
  facet normal -0.923873 -0.382699 0
    outer loop
      vertex -0.719417 -32.6514 2.5
      vertex -0.504844 -33.1694 0
      vertex -0.504844 -33.1694 2.5
    endloop
  endfacet
  facet normal -0.483688 0.87524 0
    outer loop
      vertex 1.83058 35.5048 0
      vertex 1.33984 35.2336 2.5
      vertex 1.83058 35.5048 2.5
    endloop
  endfacet
  facet normal -0.483688 0.87524 0
    outer loop
      vertex 1.33984 35.2336 2.5
      vertex 1.83058 35.5048 0
      vertex 1.33984 35.2336 0
    endloop
  endfacet
  facet normal 0 0 1
    outer loop
      vertex 6.03488 -25.4698 2.5
      vertex 4.06924 -31.9901 2.5
      vertex 4.15 -32.5 2.5
    endloop
  endfacet
  facet normal 0 0 1
    outer loop
      vertex 4.7 -26.15 2.5
      vertex 3.83488 -31.5302 2.5
      vertex 4.06924 -31.9901 2.5
    endloop
  endfacet
  facet normal 0 0 1
    outer loop
      vertex 2.5 -30.85 2.5
      vertex 4.19012 -26.0692 2.5
      vertex 3.73015 -25.8349 2.5
    endloop
  endfacet
  facet normal 0 0 1
    outer loop
      vertex 4.7 -26.15 2.5
      vertex 3.46984 -31.1651 2.5
      vertex 3.83488 -31.5302 2.5
    endloop
  endfacet
  facet normal 0 0 1
    outer loop
      vertex 1.99012 -30.9308 2.5
      vertex 3.73015 -25.8349 2.5
      vertex 3.36512 -25.4698 2.5
    endloop
  endfacet
  facet normal 0 0 1
    outer loop
      vertex -1 -31 2.5
      vertex 3.36512 -25.4698 2.5
      vertex 3.13076 -25.0099 2.5
    endloop
  endfacet
  facet normal 0 0 1
    outer loop
      vertex -1 -31 2.5
      vertex 3.13076 -25.0099 2.5
      vertex 3.05 -24.5 2.5
    endloop
  endfacet
  facet normal 0 0 1
    outer loop
      vertex 4.7 -26.15 2.5
      vertex 3.00988 -30.9308 2.5
      vertex 3.46984 -31.1651 2.5
    endloop
  endfacet
  facet normal 0 0 1
    outer loop
      vertex 3.36512 25.4698 2.5
      vertex -1 31 2.5
      vertex 3.13076 25.0099 2.5
    endloop
  endfacet
  facet normal 0 0 1
    outer loop
      vertex 3.05 24.5 2.5
      vertex -1 31 2.5
      vertex 3.05 -24.5 2.5
    endloop
  endfacet
  facet normal 0 0 1
    outer loop
      vertex 4.19012 -26.0692 2.5
      vertex 2.5 -30.85 2.5
      vertex 3.00988 -30.9308 2.5
    endloop
  endfacet
  facet normal 0 0 1
    outer loop
      vertex 3.13076 25.0099 2.5
      vertex -1 31 2.5
      vertex 3.05 24.5 2.5
    endloop
  endfacet
  facet normal 0 0 1
    outer loop
      vertex -1 -31 2.5
      vertex 3.05 -24.5 2.5
      vertex -1 31 2.5
    endloop
  endfacet
  facet normal -0 0 1
    outer loop
      vertex -1 31 2.5
      vertex 1.99012 30.9308 2.5
      vertex 1.53015 31.1651 2.5
    endloop
  endfacet
  facet normal 0 0 1
    outer loop
      vertex 3.36512 -25.4698 2.5
      vertex -1 -31 2.5
      vertex 1.99012 -30.9308 2.5
    endloop
  endfacet
  facet normal 0 0 1
    outer loop
      vertex -1 31 2.5
      vertex 1.53015 31.1651 2.5
      vertex 1.16512 31.5302 2.5
    endloop
  endfacet
  facet normal 0 0 1
    outer loop
      vertex 3.73015 -25.8349 2.5
      vertex 1.99012 -30.9308 2.5
      vertex 2.5 -30.85 2.5
    endloop
  endfacet
  facet normal -0 0 1
    outer loop
      vertex -0.96856 31.5598 2.5
      vertex 1.16512 31.5302 2.5
      vertex 0.930757 31.9901 2.5
    endloop
  endfacet
  facet normal 0 0 1
    outer loop
      vertex 1.99012 -30.9308 2.5
      vertex -1 -31 2.5
      vertex 1.53015 -31.1651 2.5
    endloop
  endfacet
  facet normal -0 0 1
    outer loop
      vertex -0.87464 32.1126 2.5
      vertex 0.930757 31.9901 2.5
      vertex 0.849999 32.5 2.5
    endloop
  endfacet
  facet normal 0 0 1
    outer loop
      vertex 1.53015 -31.1651 2.5
      vertex -1 -31 2.5
      vertex 1.16512 -31.5302 2.5
    endloop
  endfacet
  facet normal -0 0 1
    outer loop
      vertex 3.46984 31.1651 2.5
      vertex 5.20988 26.0692 2.5
      vertex 3.83488 31.5302 2.5
    endloop
  endfacet
  facet normal 0 0 1
    outer loop
      vertex 5.20988 26.0692 2.5
      vertex 3.46984 31.1651 2.5
      vertex 4.7 26.15 2.5
    endloop
  endfacet
  facet normal -0 0 1
    outer loop
      vertex 3.00988 30.9308 2.5
      vertex 4.7 26.15 2.5
      vertex 3.46984 31.1651 2.5
    endloop
  endfacet
  facet normal 0 0 1
    outer loop
      vertex 4.7 26.15 2.5
      vertex 3.00988 30.9308 2.5
      vertex 4.19012 26.0692 2.5
    endloop
  endfacet
  facet normal -0 0 1
    outer loop
      vertex 2.5 30.85 2.5
      vertex 4.19012 26.0692 2.5
      vertex 3.00988 30.9308 2.5
    endloop
  endfacet
  facet normal 0 0 1
    outer loop
      vertex 4.19012 26.0692 2.5
      vertex 2.5 30.85 2.5
      vertex 3.73015 25.8349 2.5
    endloop
  endfacet
  facet normal 0 0 1
    outer loop
      vertex 1.99012 30.9308 2.5
      vertex 3.73015 25.8349 2.5
      vertex 2.5 30.85 2.5
    endloop
  endfacet
  facet normal 0 0 1
    outer loop
      vertex -1 31 2.5
      vertex 3.36512 25.4698 2.5
      vertex 1.99012 30.9308 2.5
    endloop
  endfacet
  facet normal 0 0 1
    outer loop
      vertex 3.73015 25.8349 2.5
      vertex 1.99012 30.9308 2.5
      vertex 3.36512 25.4698 2.5
    endloop
  endfacet
  facet normal 0 0 1
    outer loop
      vertex 8 -22.06 2.5
      vertex 6.26924 -23.9901 2.5
      vertex 6.35 -24.5 2.5
    endloop
  endfacet
  facet normal 0 0 1
    outer loop
      vertex 5.20988 -22.9308 2.5
      vertex 6.4039 -21.6002 2.5
      vertex 6.12953 -21.4055 2.5
    endloop
  endfacet
  facet normal 0 0 1
    outer loop
      vertex 6.69835 -21.7629 2.5
      vertex 6.03488 -23.5302 2.5
      vertex 6.26924 -23.9901 2.5
    endloop
  endfacet
  facet normal 0 0 1
    outer loop
      vertex 5.20988 -22.9308 2.5
      vertex 6.12953 -21.4055 2.5
      vertex 5.87868 -21.1813 2.5
    endloop
  endfacet
  facet normal 0 0 1
    outer loop
      vertex 6.69835 -21.7629 2.5
      vertex 5.66985 -23.1651 2.5
      vertex 6.03488 -23.5302 2.5
    endloop
  endfacet
  facet normal 0 0 1
    outer loop
      vertex 4.7 -22.85 2.5
      vertex 5.87868 -21.1813 2.5
      vertex 5.6545 -20.9305 2.5
    endloop
  endfacet
  facet normal 0 0 1
    outer loop
      vertex 4.7 -22.85 2.5
      vertex 5.6545 -20.9305 2.5
      vertex 5.45983 -20.6561 2.5
    endloop
  endfacet
  facet normal 0 0 1
    outer loop
      vertex 4.7 -22.85 2.5
      vertex 5.45983 -20.6561 2.5
      vertex 5.29709 -20.3617 2.5
    endloop
  endfacet
  facet normal 0 0 1
    outer loop
      vertex 6.4039 -21.6002 2.5
      vertex 5.20988 -22.9308 2.5
      vertex 5.66985 -23.1651 2.5
    endloop
  endfacet
  facet normal 0 0 1
    outer loop
      vertex 4.7 -22.85 2.5
      vertex 5.29709 -20.3617 2.5
      vertex 5.16835 -20.0508 2.5
    endloop
  endfacet
  facet normal 0 0 1
    outer loop
      vertex 4.7 -22.85 2.5
      vertex 5.16835 -20.0508 2.5
      vertex 5.07522 -19.7276 2.5
    endloop
  endfacet
  facet normal 0 0 1
    outer loop
      vertex 4.7 -22.85 2.5
      vertex 5.07522 -19.7276 2.5
      vertex 5.01886 -19.3959 2.5
    endloop
  endfacet
  facet normal 0 0 1
    outer loop
      vertex 4.7 -22.85 2.5
      vertex 5.01886 -19.3959 2.5
      vertex 5 -19.06 2.5
    endloop
  endfacet
  facet normal 0 0 1
    outer loop
      vertex 5.87868 -21.1813 2.5
      vertex 4.7 -22.85 2.5
      vertex 5.20988 -22.9308 2.5
    endloop
  endfacet
  facet normal 0 0 1
    outer loop
      vertex 5.01886 -18.7241 2.5
      vertex 4.7 -22.85 2.5
      vertex 5 -19.06 2.5
    endloop
  endfacet
  facet normal 0 0 1
    outer loop
      vertex 3.13076 23.9901 2.5
      vertex 5.16835 -18.0692 2.5
      vertex 3.36512 23.5302 2.5
    endloop
  endfacet
  facet normal 0 0 1
    outer loop
      vertex 5.01886 -18.7241 2.5
      vertex 4.19012 -22.9308 2.5
      vertex 4.7 -22.85 2.5
    endloop
  endfacet
  facet normal 0 0 1
    outer loop
      vertex 5.16835 -18.0692 2.5
      vertex 3.13076 23.9901 2.5
      vertex 5.07522 -18.3924 2.5
    endloop
  endfacet
  facet normal 0 0 1
    outer loop
      vertex 5.01886 -18.7241 2.5
      vertex 3.73015 -23.1651 2.5
      vertex 4.19012 -22.9308 2.5
    endloop
  endfacet
  facet normal 0 0 1
    outer loop
      vertex 3.13076 -23.9901 2.5
      vertex 5.07522 -18.3924 2.5
      vertex 3.13076 23.9901 2.5
    endloop
  endfacet
  facet normal 0 0 1
    outer loop
      vertex 5.01886 -18.7241 2.5
      vertex 3.36512 -23.5302 2.5
      vertex 3.73015 -23.1651 2.5
    endloop
  endfacet
  facet normal 0 -0 1
    outer loop
      vertex 3.36512 -23.5302 2.5
      vertex 5.07522 -18.3924 2.5
      vertex 3.13076 -23.9901 2.5
    endloop
  endfacet
  facet normal 0 0 1
    outer loop
      vertex 5.07522 -18.3924 2.5
      vertex 3.36512 -23.5302 2.5
      vertex 5.01886 -18.7241 2.5
    endloop
  endfacet
  facet normal 0 0 1
    outer loop
      vertex 3.05 24.5 2.5
      vertex 3.13076 -23.9901 2.5
      vertex 3.13076 23.9901 2.5
    endloop
  endfacet
  facet normal 0 0 1
    outer loop
      vertex 3.13076 -23.9901 2.5
      vertex 3.05 24.5 2.5
      vertex 3.05 -24.5 2.5
    endloop
  endfacet
  facet normal 0 0 1
    outer loop
      vertex 16.1897 2.39414 2.5
      vertex 4.7 22.85 2.5
      vertex 15.9456 1.95248 2.5
    endloop
  endfacet
  facet normal 0 0 1
    outer loop
      vertex 4.19012 22.9308 2.5
      vertex 15.9456 1.95248 2.5
      vertex 4.7 22.85 2.5
    endloop
  endfacet
  facet normal 0 0 1
    outer loop
      vertex 15.9456 1.95248 2.5
      vertex 4.19012 22.9308 2.5
      vertex 15.7525 1.48626 2.5
    endloop
  endfacet
  facet normal 0 0 1
    outer loop
      vertex 15.7525 1.48626 2.5
      vertex 4.19012 22.9308 2.5
      vertex 15.6128 1.00134 2.5
    endloop
  endfacet
  facet normal 0 0 1
    outer loop
      vertex 15.6128 1.00134 2.5
      vertex 4.19012 22.9308 2.5
      vertex 15.5283 0.503839 2.5
    endloop
  endfacet
  facet normal 0 0 1
    outer loop
      vertex 15.5283 0.503839 2.5
      vertex 6.12953 -16.7145 2.5
      vertex 6.4039 -16.5198 2.5
    endloop
  endfacet
  facet normal 0 0 1
    outer loop
      vertex 3.73015 23.1651 2.5
      vertex 15.5283 0.503839 2.5
      vertex 4.19012 22.9308 2.5
    endloop
  endfacet
  facet normal 0 0 1
    outer loop
      vertex 15.5283 0.503839 2.5
      vertex 3.73015 23.1651 2.5
      vertex 6.12953 -16.7145 2.5
    endloop
  endfacet
  facet normal 0 0 1
    outer loop
      vertex 6.12953 -16.7145 2.5
      vertex 3.73015 23.1651 2.5
      vertex 5.87868 -16.9387 2.5
    endloop
  endfacet
  facet normal 0 0 1
    outer loop
      vertex 5.87868 -16.9387 2.5
      vertex 3.73015 23.1651 2.5
      vertex 5.6545 -17.1895 2.5
    endloop
  endfacet
  facet normal 0 0 1
    outer loop
      vertex 3.36512 23.5302 2.5
      vertex 5.6545 -17.1895 2.5
      vertex 3.73015 23.1651 2.5
    endloop
  endfacet
  facet normal 0 0 1
    outer loop
      vertex 5.6545 -17.1895 2.5
      vertex 3.36512 23.5302 2.5
      vertex 5.45983 -17.4639 2.5
    endloop
  endfacet
  facet normal 0 0 1
    outer loop
      vertex 5.45983 -17.4639 2.5
      vertex 3.36512 23.5302 2.5
      vertex 5.29709 -17.7583 2.5
    endloop
  endfacet
  facet normal 0 0 1
    outer loop
      vertex 5.29709 -17.7583 2.5
      vertex 3.36512 23.5302 2.5
      vertex 5.16835 -18.0692 2.5
    endloop
  endfacet
  facet normal 0 0 1
    outer loop
      vertex 53.2789 -20.6659 2.5
      vertex 26.5692 -23.9901 2.5
      vertex 26.65 -24.5 2.5
    endloop
  endfacet
  facet normal 0 0 1
    outer loop
      vertex 44 -4.5 2.5
      vertex 26.3349 -23.5302 2.5
      vertex 26.5692 -23.9901 2.5
    endloop
  endfacet
  facet normal 0 0 1
    outer loop
      vertex 44 -4.5 2.5
      vertex 25.9698 -23.1651 2.5
      vertex 26.3349 -23.5302 2.5
    endloop
  endfacet
  facet normal 0 0 1
    outer loop
      vertex 44 -4.5 2.5
      vertex 25.5099 -22.9308 2.5
      vertex 25.9698 -23.1651 2.5
    endloop
  endfacet
  facet normal -0 0 1
    outer loop
      vertex 20 -4.5 2.5
      vertex 25.5099 -22.9308 2.5
      vertex 44 -4.5 2.5
    endloop
  endfacet
  facet normal 0 0 1
    outer loop
      vertex 25.5099 -22.9308 2.5
      vertex 20 -4.5 2.5
      vertex 25 -22.85 2.5
    endloop
  endfacet
  facet normal 0 0 1
    outer loop
      vertex 25 -22.85 2.5
      vertex 20 -4.5 2.5
      vertex 24.4901 -22.9308 2.5
    endloop
  endfacet
  facet normal -0 0 1
    outer loop
      vertex 10.9811 -19.3959 2.5
      vertex 23.6651 -23.5302 2.5
      vertex 11 -19.06 2.5
    endloop
  endfacet
  facet normal 0 0 1
    outer loop
      vertex 24.0302 -23.1651 2.5
      vertex 11 -19.06 2.5
      vertex 23.6651 -23.5302 2.5
    endloop
  endfacet
  facet normal -0 0 1
    outer loop
      vertex 11 -19.06 2.5
      vertex 24.0302 -23.1651 2.5
      vertex 20 -4.5 2.5
    endloop
  endfacet
  facet normal 0 0 1
    outer loop
      vertex 24.4901 -22.9308 2.5
      vertex 20 -4.5 2.5
      vertex 24.0302 -23.1651 2.5
    endloop
  endfacet
  facet normal 0 0 1
    outer loop
      vertex 26.65 24.5 2.5
      vertex 48.6398 30.1439 2.5
      vertex 48.4771 30.4383 2.5
    endloop
  endfacet
  facet normal 0 0 1
    outer loop
      vertex 48.6398 30.1439 2.5
      vertex 48.4717 0.503839 2.5
      vertex 48.5 0 2.5
    endloop
  endfacet
  facet normal 0 0 1
    outer loop
      vertex 48.6398 30.1439 2.5
      vertex 48.3872 1.00134 2.5
      vertex 48.4717 0.503839 2.5
    endloop
  endfacet
  facet normal 0 0 1
    outer loop
      vertex 26.65 24.5 2.5
      vertex 48.4771 30.4383 2.5
      vertex 48.3484 30.7492 2.5
    endloop
  endfacet
  facet normal 0 0 1
    outer loop
      vertex 26.5692 25.0099 2.5
      vertex 48.3484 30.7492 2.5
      vertex 48.2552 31.0724 2.5
    endloop
  endfacet
  facet normal 0 0 1
    outer loop
      vertex 48.6398 30.1439 2.5
      vertex 48.2475 1.48626 2.5
      vertex 48.3872 1.00134 2.5
    endloop
  endfacet
  facet normal 0 0 1
    outer loop
      vertex 26.1648 31.0724 2.5
      vertex 48.2552 31.0724 2.5
      vertex 48.1989 31.4041 2.5
    endloop
  endfacet
  facet normal 0 0 1
    outer loop
      vertex 26.2211 31.4041 2.5
      vertex 48.1989 31.4041 2.5
      vertex 48.18 31.74 2.5
    endloop
  endfacet
  facet normal 0 0 1
    outer loop
      vertex 48.6398 30.1439 2.5
      vertex 48.0544 1.95248 2.5
      vertex 48.2475 1.48626 2.5
    endloop
  endfacet
  facet normal 0 0 1
    outer loop
      vertex 48.6398 30.1439 2.5
      vertex 26.5692 23.9901 2.5
      vertex 44 4.5 2.5
    endloop
  endfacet
  facet normal -0 0 1
    outer loop
      vertex 26.3349 23.5302 2.5
      vertex 44 4.5 2.5
      vertex 26.5692 23.9901 2.5
    endloop
  endfacet
  facet normal -0 0 1
    outer loop
      vertex 25.9698 23.1651 2.5
      vertex 44 4.5 2.5
      vertex 26.3349 23.5302 2.5
    endloop
  endfacet
  facet normal -0 0 1
    outer loop
      vertex 25.5099 22.9308 2.5
      vertex 44 4.5 2.5
      vertex 25.9698 23.1651 2.5
    endloop
  endfacet
  facet normal 0 0 1
    outer loop
      vertex 20 4.5 2.5
      vertex 25.5099 22.9308 2.5
      vertex 25 22.85 2.5
    endloop
  endfacet
  facet normal 0 0 1
    outer loop
      vertex 20 4.5 2.5
      vertex 25 22.85 2.5
      vertex 24.4901 22.9308 2.5
    endloop
  endfacet
  facet normal 0 0 1
    outer loop
      vertex 20 4.5 2.5
      vertex 24.4901 22.9308 2.5
      vertex 24.0302 23.1651 2.5
    endloop
  endfacet
  facet normal 0 0 1
    outer loop
      vertex 22.2492 28.9083 2.5
      vertex 23.6651 25.4698 2.5
      vertex 22.5724 28.8152 2.5
    endloop
  endfacet
  facet normal 0 0 1
    outer loop
      vertex 23.6651 25.4698 2.5
      vertex 22.2492 28.9083 2.5
      vertex 23.4308 25.0099 2.5
    endloop
  endfacet
  facet normal 0 0 1
    outer loop
      vertex 21.9383 29.0371 2.5
      vertex 23.4308 25.0099 2.5
      vertex 22.2492 28.9083 2.5
    endloop
  endfacet
  facet normal 0 0 1
    outer loop
      vertex 21.6439 29.1998 2.5
      vertex 23.4308 25.0099 2.5
      vertex 21.9383 29.0371 2.5
    endloop
  endfacet
  facet normal 0 0 1
    outer loop
      vertex 23.4308 25.0099 2.5
      vertex 21.6439 29.1998 2.5
      vertex 23.35 24.5 2.5
    endloop
  endfacet
  facet normal 0 0 1
    outer loop
      vertex 21.3695 29.3945 2.5
      vertex 23.35 24.5 2.5
      vertex 21.6439 29.1998 2.5
    endloop
  endfacet
  facet normal 0 0 1
    outer loop
      vertex 21.1187 29.6187 2.5
      vertex 23.35 24.5 2.5
      vertex 21.3695 29.3945 2.5
    endloop
  endfacet
  facet normal 0 0 1
    outer loop
      vertex 6.35 24.5 2.5
      vertex 23.35 24.5 2.5
      vertex 21.1187 29.6187 2.5
    endloop
  endfacet
  facet normal 0 0 1
    outer loop
      vertex 6.35 24.5 2.5
      vertex 21.1187 29.6187 2.5
      vertex 20.8945 29.8695 2.5
    endloop
  endfacet
  facet normal 0 0 1
    outer loop
      vertex 6.35 24.5 2.5
      vertex 20.8945 29.8695 2.5
      vertex 20.6998 30.1439 2.5
    endloop
  endfacet
  facet normal 0 0 1
    outer loop
      vertex 6.26924 25.0099 2.5
      vertex 20.6998 30.1439 2.5
      vertex 20.5371 30.4383 2.5
    endloop
  endfacet
  facet normal 0 0 1
    outer loop
      vertex 25.5099 22.9308 2.5
      vertex 20 4.5 2.5
      vertex 44 4.5 2.5
    endloop
  endfacet
  facet normal 0 0 1
    outer loop
      vertex 18.9987 4.38718 2.5
      vertex 24.0302 23.1651 2.5
      vertex 23.6651 23.5302 2.5
    endloop
  endfacet
  facet normal 0 0 1
    outer loop
      vertex 6.26924 23.9901 2.5
      vertex 23.4308 23.9901 2.5
      vertex 6.35 24.5 2.5
    endloop
  endfacet
  facet normal 0 0 1
    outer loop
      vertex 23.35 24.5 2.5
      vertex 6.35 24.5 2.5
      vertex 23.4308 23.9901 2.5
    endloop
  endfacet
  facet normal 0 0 1
    outer loop
      vertex 6.26924 25.0099 2.5
      vertex 20.5371 30.4383 2.5
      vertex 20.4083 30.7492 2.5
    endloop
  endfacet
  facet normal 0 0 1
    outer loop
      vertex 6.26924 25.0099 2.5
      vertex 20.4083 30.7492 2.5
      vertex 20.3152 31.0724 2.5
    endloop
  endfacet
  facet normal 0 0 1
    outer loop
      vertex 6.03488 25.4698 2.5
      vertex 20.3152 31.0724 2.5
      vertex 20.2589 31.4041 2.5
    endloop
  endfacet
  facet normal 0 0 1
    outer loop
      vertex 4.15 32.5 2.5
      vertex 20.2589 31.4041 2.5
      vertex 20.24 31.74 2.5
    endloop
  endfacet
  facet normal 0 0 1
    outer loop
      vertex 48.2552 31.0724 2.5
      vertex 26.1648 31.0724 2.5
      vertex 26.5692 25.0099 2.5
    endloop
  endfacet
  facet normal -0 0 1
    outer loop
      vertex 26.0716 30.7492 2.5
      vertex 26.5692 25.0099 2.5
      vertex 26.1648 31.0724 2.5
    endloop
  endfacet
  facet normal 0 0 1
    outer loop
      vertex 26.5692 25.0099 2.5
      vertex 26.0716 30.7492 2.5
      vertex 26.3349 25.4698 2.5
    endloop
  endfacet
  facet normal -0 0 1
    outer loop
      vertex 25.9429 30.4383 2.5
      vertex 26.3349 25.4698 2.5
      vertex 26.0716 30.7492 2.5
    endloop
  endfacet
  facet normal -0 0 1
    outer loop
      vertex 25.7802 30.1439 2.5
      vertex 26.3349 25.4698 2.5
      vertex 25.9429 30.4383 2.5
    endloop
  endfacet
  facet normal 0 0 1
    outer loop
      vertex 26.3349 25.4698 2.5
      vertex 25.7802 30.1439 2.5
      vertex 25.9698 25.8349 2.5
    endloop
  endfacet
  facet normal -0 0 1
    outer loop
      vertex 25.5855 29.8695 2.5
      vertex 25.9698 25.8349 2.5
      vertex 25.7802 30.1439 2.5
    endloop
  endfacet
  facet normal -0 0 1
    outer loop
      vertex 25.3613 29.6187 2.5
      vertex 25.9698 25.8349 2.5
      vertex 25.5855 29.8695 2.5
    endloop
  endfacet
  facet normal 0 0 1
    outer loop
      vertex 25.9698 25.8349 2.5
      vertex 25.3613 29.6187 2.5
      vertex 25.5099 26.0692 2.5
    endloop
  endfacet
  facet normal -0 0 1
    outer loop
      vertex 25.1105 29.3945 2.5
      vertex 25.5099 26.0692 2.5
      vertex 25.3613 29.6187 2.5
    endloop
  endfacet
  facet normal -0 0 1
    outer loop
      vertex 24.8361 29.1998 2.5
      vertex 25.5099 26.0692 2.5
      vertex 25.1105 29.3945 2.5
    endloop
  endfacet
  facet normal 0 0 1
    outer loop
      vertex 25.5099 26.0692 2.5
      vertex 24.8361 29.1998 2.5
      vertex 25 26.15 2.5
    endloop
  endfacet
  facet normal -0 0 1
    outer loop
      vertex 24.5417 29.0371 2.5
      vertex 25 26.15 2.5
      vertex 24.8361 29.1998 2.5
    endloop
  endfacet
  facet normal -0 0 1
    outer loop
      vertex 24.2308 28.9083 2.5
      vertex 25 26.15 2.5
      vertex 24.5417 29.0371 2.5
    endloop
  endfacet
  facet normal 0 0 1
    outer loop
      vertex 25 26.15 2.5
      vertex 24.2308 28.9083 2.5
      vertex 24.4901 26.0692 2.5
    endloop
  endfacet
  facet normal -0 0 1
    outer loop
      vertex 23.9076 28.8152 2.5
      vertex 24.4901 26.0692 2.5
      vertex 24.2308 28.9083 2.5
    endloop
  endfacet
  facet normal -0 0 1
    outer loop
      vertex 23.5759 28.7589 2.5
      vertex 24.4901 26.0692 2.5
      vertex 23.9076 28.8152 2.5
    endloop
  endfacet
  facet normal 0 0 1
    outer loop
      vertex 24.4901 26.0692 2.5
      vertex 23.5759 28.7589 2.5
      vertex 24.0302 25.8349 2.5
    endloop
  endfacet
  facet normal -0 0 1
    outer loop
      vertex 23.24 28.74 2.5
      vertex 24.0302 25.8349 2.5
      vertex 23.5759 28.7589 2.5
    endloop
  endfacet
  facet normal 0 0 1
    outer loop
      vertex 22.9041 28.7589 2.5
      vertex 24.0302 25.8349 2.5
      vertex 23.24 28.74 2.5
    endloop
  endfacet
  facet normal 0 0 1
    outer loop
      vertex 24.0302 25.8349 2.5
      vertex 22.9041 28.7589 2.5
      vertex 23.6651 25.4698 2.5
    endloop
  endfacet
  facet normal 0 0 1
    outer loop
      vertex 22.5724 28.8152 2.5
      vertex 23.6651 25.4698 2.5
      vertex 22.9041 28.7589 2.5
    endloop
  endfacet
  facet normal 0 0 1
    outer loop
      vertex 57.2508 -17.4983 2.5
      vertex 48.2475 -1.48626 2.5
      vertex 56.9276 -17.4052 2.5
    endloop
  endfacet
  facet normal -0 0 1
    outer loop
      vertex 48.0544 -1.95248 2.5
      vertex 56.5959 -17.3489 2.5
      vertex 48.2475 -1.48626 2.5
    endloop
  endfacet
  facet normal 0 0 1
    outer loop
      vertex 56.5959 -17.3489 2.5
      vertex 48.0544 -1.95248 2.5
      vertex 56.26 -17.33 2.5
    endloop
  endfacet
  facet normal -0 0 1
    outer loop
      vertex 47.8103 -2.39414 2.5
      vertex 56.26 -17.33 2.5
      vertex 48.0544 -1.95248 2.5
    endloop
  endfacet
  facet normal 0 0 1
    outer loop
      vertex 56.26 -17.33 2.5
      vertex 47.8103 -2.39414 2.5
      vertex 55.9241 -17.3489 2.5
    endloop
  endfacet
  facet normal -0 0 1
    outer loop
      vertex 47.5182 -2.8057 2.5
      vertex 55.9241 -17.3489 2.5
      vertex 47.8103 -2.39414 2.5
    endloop
  endfacet
  facet normal 0 0 1
    outer loop
      vertex 56.9276 -17.4052 2.5
      vertex 48.2475 -1.48626 2.5
      vertex 56.5959 -17.3489 2.5
    endloop
  endfacet
  facet normal 0 0 1
    outer loop
      vertex 55.9241 -17.3489 2.5
      vertex 47.5182 -2.8057 2.5
      vertex 55.5924 -17.4052 2.5
    endloop
  endfacet
  facet normal -0 0 1
    outer loop
      vertex 47.182 -3.18198 2.5
      vertex 55.5924 -17.4052 2.5
      vertex 47.5182 -2.8057 2.5
    endloop
  endfacet
  facet normal 0 0 1
    outer loop
      vertex 48.5 0 2.5
      vertex 53.7202 30.1439 2.5
      vertex 53.5255 29.8695 2.5
    endloop
  endfacet
  facet normal 0 0 1
    outer loop
      vertex 55.5924 -17.4052 2.5
      vertex 47.182 -3.18198 2.5
      vertex 55.2692 -17.4983 2.5
    endloop
  endfacet
  facet normal -0 0 1
    outer loop
      vertex 46.8057 -3.51824 2.5
      vertex 55.2692 -17.4983 2.5
      vertex 47.182 -3.18198 2.5
    endloop
  endfacet
  facet normal 0 0 1
    outer loop
      vertex 48.5 0 2.5
      vertex 53.5255 29.8695 2.5
      vertex 53.3013 29.6187 2.5
    endloop
  endfacet
  facet normal 0 0 1
    outer loop
      vertex 55.2692 -17.4983 2.5
      vertex 46.8057 -3.51824 2.5
      vertex 54.9583 -17.6271 2.5
    endloop
  endfacet
  facet normal -0 0 1
    outer loop
      vertex 46.3941 -3.81026 2.5
      vertex 54.9583 -17.6271 2.5
      vertex 46.8057 -3.51824 2.5
    endloop
  endfacet
  facet normal 0 0 1
    outer loop
      vertex 48.5 0 2.5
      vertex 53.3013 29.6187 2.5
      vertex 53.0505 29.3945 2.5
    endloop
  endfacet
  facet normal 0 0 1
    outer loop
      vertex 63 31 2.5
      vertex 59.1848 -19.6624 2.5
      vertex 63 -31 2.5
    endloop
  endfacet
  facet normal 0 0 1
    outer loop
      vertex 63 -31 2.5
      vertex 61.0692 -31.9901 2.5
      vertex 61.15 -32.5 2.5
    endloop
  endfacet
  facet normal 0 0 1
    outer loop
      vertex 59.0916 -19.3392 2.5
      vertex 61.0692 31.9901 2.5
      vertex 60.8349 31.5302 2.5
    endloop
  endfacet
  facet normal -0 -0 1
    outer loop
      vertex 59.26 -20.33 2.5
      vertex 63 -31 2.5
      vertex 59.2411 -19.9941 2.5
    endloop
  endfacet
  facet normal 0 0 1
    outer loop
      vertex 58.6055 -18.4595 2.5
      vertex 60.8349 31.5302 2.5
      vertex 60.4698 31.1651 2.5
    endloop
  endfacet
  facet normal -0 0 1
    outer loop
      vertex 59.2411 -20.6659 2.5
      vertex 63 -31 2.5
      vertex 59.26 -20.33 2.5
    endloop
  endfacet
  facet normal 0 0 1
    outer loop
      vertex 48.5 0 2.5
      vertex 60.4698 31.1651 2.5
      vertex 60.0099 30.9308 2.5
    endloop
  endfacet
  facet normal -0 0 1
    outer loop
      vertex 59.1848 -20.9976 2.5
      vertex 63 -31 2.5
      vertex 59.2411 -20.6659 2.5
    endloop
  endfacet
  facet normal 0 0 1
    outer loop
      vertex 48.5 0 2.5
      vertex 60.0099 30.9308 2.5
      vertex 59.5 30.85 2.5
    endloop
  endfacet
  facet normal -0 0 1
    outer loop
      vertex 59.0916 -21.3208 2.5
      vertex 63 -31 2.5
      vertex 59.1848 -20.9976 2.5
    endloop
  endfacet
  facet normal -0 0 1
    outer loop
      vertex 58.9629 -21.6317 2.5
      vertex 63 -31 2.5
      vertex 59.0916 -21.3208 2.5
    endloop
  endfacet
  facet normal 0 0 1
    outer loop
      vertex 63 -31 2.5
      vertex 60.8349 -31.5302 2.5
      vertex 61.0692 -31.9901 2.5
    endloop
  endfacet
  facet normal 0 0 1
    outer loop
      vertex 63 -31 2.5
      vertex 59.1848 -19.6624 2.5
      vertex 59.2411 -19.9941 2.5
    endloop
  endfacet
  facet normal 0 0 1
    outer loop
      vertex 61.0692 31.9901 2.5
      vertex 59.0916 -19.3392 2.5
      vertex 59.1848 -19.6624 2.5
    endloop
  endfacet
  facet normal 0 0 1
    outer loop
      vertex 58.1651 31.5302 2.5
      vertex 53.8829 30.4383 2.5
      vertex 58.5302 31.1651 2.5
    endloop
  endfacet
  facet normal 0 0 1
    outer loop
      vertex 60.8349 31.5302 2.5
      vertex 58.9629 -19.0283 2.5
      vertex 59.0916 -19.3392 2.5
    endloop
  endfacet
  facet normal 0 0 1
    outer loop
      vertex 60.8349 31.5302 2.5
      vertex 58.8002 -18.7339 2.5
      vertex 58.9629 -19.0283 2.5
    endloop
  endfacet
  facet normal 0 0 1
    outer loop
      vertex 60.8349 31.5302 2.5
      vertex 58.6055 -18.4595 2.5
      vertex 58.8002 -18.7339 2.5
    endloop
  endfacet
  facet normal 0 0 1
    outer loop
      vertex 57.9308 31.9901 2.5
      vertex 54.1048 31.0724 2.5
      vertex 58.1651 31.5302 2.5
    endloop
  endfacet
  facet normal 0 0 1
    outer loop
      vertex 60.4698 31.1651 2.5
      vertex 58.3813 -18.2087 2.5
      vertex 58.6055 -18.4595 2.5
    endloop
  endfacet
  facet normal 0 0 1
    outer loop
      vertex 54.1048 31.0724 2.5
      vertex 57.9308 31.9901 2.5
      vertex 54.1611 31.4041 2.5
    endloop
  endfacet
  facet normal -0 0 1
    outer loop
      vertex 48.5 0 2.5
      vertex 58.3813 -18.2087 2.5
      vertex 60.4698 31.1651 2.5
    endloop
  endfacet
  facet normal 0 0 1
    outer loop
      vertex 54.1611 31.4041 2.5
      vertex 57.9308 31.9901 2.5
      vertex 54.18 31.74 2.5
    endloop
  endfacet
  facet normal 0 0 1
    outer loop
      vertex 58.3813 -18.2087 2.5
      vertex 48.5 0 2.5
      vertex 58.1305 -17.9845 2.5
    endloop
  endfacet
  facet normal 0 0 1
    outer loop
      vertex 54.18 31.74 2.5
      vertex 57.9308 31.9901 2.5
      vertex 57.85 32.5 2.5
    endloop
  endfacet
  facet normal 0 0 1
    outer loop
      vertex 58.1305 -17.9845 2.5
      vertex 48.5 0 2.5
      vertex 57.8561 -17.7898 2.5
    endloop
  endfacet
  facet normal 0 0 1
    outer loop
      vertex 62.8746 32.1126 2.5
      vertex 61.0692 31.9901 2.5
      vertex 62.9686 31.5598 2.5
    endloop
  endfacet
  facet normal 0 0 1
    outer loop
      vertex 62.9686 31.5598 2.5
      vertex 61.0692 31.9901 2.5
      vertex 63 31 2.5
    endloop
  endfacet
  facet normal 0 0 1
    outer loop
      vertex 61.0692 31.9901 2.5
      vertex 62.8746 32.1126 2.5
      vertex 61.15 32.5 2.5
    endloop
  endfacet
  facet normal 0 0 1
    outer loop
      vertex 59.1848 -19.6624 2.5
      vertex 63 31 2.5
      vertex 61.0692 31.9901 2.5
    endloop
  endfacet
  facet normal -0 0 1
    outer loop
      vertex 61.15 32.5 2.5
      vertex 62.8746 32.1126 2.5
      vertex 62.7194 32.6514 2.5
    endloop
  endfacet
  facet normal 0 0 1
    outer loop
      vertex 63 -31 2.5
      vertex 61.15 -32.5 2.5
      vertex 62.9686 -31.5598 2.5
    endloop
  endfacet
  facet normal 0 0 1
    outer loop
      vertex 61.15 32.5 2.5
      vertex 62.7194 32.6514 2.5
      vertex 62.5048 33.1694 2.5
    endloop
  endfacet
  facet normal 0 0 1
    outer loop
      vertex 62.9686 -31.5598 2.5
      vertex 61.15 -32.5 2.5
      vertex 62.8746 -32.1126 2.5
    endloop
  endfacet
  facet normal 0 0 1
    outer loop
      vertex 61.0692 33.0099 2.5
      vertex 62.5048 33.1694 2.5
      vertex 62.2336 33.6602 2.5
    endloop
  endfacet
  facet normal 0 0 1
    outer loop
      vertex 62.8746 -32.1126 2.5
      vertex 61.15 -32.5 2.5
      vertex 62.7194 -32.6514 2.5
    endloop
  endfacet
  facet normal 0 0 1
    outer loop
      vertex 61.0692 33.0099 2.5
      vertex 62.2336 33.6602 2.5
      vertex 61.9092 34.1174 2.5
    endloop
  endfacet
  facet normal 0 0 1
    outer loop
      vertex 62.7194 -32.6514 2.5
      vertex 61.15 -32.5 2.5
      vertex 62.5048 -33.1694 2.5
    endloop
  endfacet
  facet normal 0 0 1
    outer loop
      vertex 60.8349 33.4698 2.5
      vertex 61.9092 34.1174 2.5
      vertex 61.5355 34.5355 2.5
    endloop
  endfacet
  facet normal -0 0 1
    outer loop
      vertex 61.0692 -33.0099 2.5
      vertex 62.5048 -33.1694 2.5
      vertex 61.15 -32.5 2.5
    endloop
  endfacet
  facet normal 0 0 1
    outer loop
      vertex 62.5048 -33.1694 2.5
      vertex 61.0692 -33.0099 2.5
      vertex 62.2336 -33.6602 2.5
    endloop
  endfacet
  facet normal 0 0 1
    outer loop
      vertex 60.4698 33.8349 2.5
      vertex 61.5355 34.5355 2.5
      vertex 61.1174 34.9092 2.5
    endloop
  endfacet
  facet normal 0 0 1
    outer loop
      vertex 62.5048 33.1694 2.5
      vertex 61.0692 33.0099 2.5
      vertex 61.15 32.5 2.5
    endloop
  endfacet
  facet normal 0 0 1
    outer loop
      vertex 61.9092 34.1174 2.5
      vertex 60.8349 33.4698 2.5
      vertex 61.0692 33.0099 2.5
    endloop
  endfacet
  facet normal 0 0 1
    outer loop
      vertex 60.0099 34.0692 2.5
      vertex 61.1174 34.9092 2.5
      vertex 60.6602 35.2336 2.5
    endloop
  endfacet
  facet normal 0 0 1
    outer loop
      vertex 61.5355 34.5355 2.5
      vertex 60.4698 33.8349 2.5
      vertex 60.8349 33.4698 2.5
    endloop
  endfacet
  facet normal 0 0 1
    outer loop
      vertex 60.0099 34.0692 2.5
      vertex 60.6602 35.2336 2.5
      vertex 60.1694 35.5048 2.5
    endloop
  endfacet
  facet normal 0 0 1
    outer loop
      vertex 61.1174 34.9092 2.5
      vertex 60.0099 34.0692 2.5
      vertex 60.4698 33.8349 2.5
    endloop
  endfacet
  facet normal 0 0 1
    outer loop
      vertex 59.5 34.15 2.5
      vertex 60.1694 35.5048 2.5
      vertex 59.6514 35.7194 2.5
    endloop
  endfacet
  facet normal 0 0 1
    outer loop
      vertex 60.1694 35.5048 2.5
      vertex 59.5 34.15 2.5
      vertex 60.0099 34.0692 2.5
    endloop
  endfacet
  facet normal 0 0 1
    outer loop
      vertex 59.1126 35.8746 2.5
      vertex 59.5 34.15 2.5
      vertex 59.6514 35.7194 2.5
    endloop
  endfacet
  facet normal 0 0 1
    outer loop
      vertex 59.1126 35.8746 2.5
      vertex 58.9901 34.0692 2.5
      vertex 59.5 34.15 2.5
    endloop
  endfacet
  facet normal 0 0 1
    outer loop
      vertex 58.5598 35.9686 2.5
      vertex 58.9901 34.0692 2.5
      vertex 59.1126 35.8746 2.5
    endloop
  endfacet
  facet normal 0 0 1
    outer loop
      vertex 58.5598 35.9686 2.5
      vertex 58.5302 33.8349 2.5
      vertex 58.9901 34.0692 2.5
    endloop
  endfacet
  facet normal 0 0 1
    outer loop
      vertex 58 36 2.5
      vertex 58.5302 33.8349 2.5
      vertex 58.5598 35.9686 2.5
    endloop
  endfacet
  facet normal 0 0 1
    outer loop
      vertex 58.5302 33.8349 2.5
      vertex 58 36 2.5
      vertex 58.1651 33.4698 2.5
    endloop
  endfacet
  facet normal 0 0 1
    outer loop
      vertex 53.7202 33.3361 2.5
      vertex 58.1651 33.4698 2.5
      vertex 58 36 2.5
    endloop
  endfacet
  facet normal 0 -0 1
    outer loop
      vertex 53.8829 33.0416 2.5
      vertex 58.1651 33.4698 2.5
      vertex 53.7202 33.3361 2.5
    endloop
  endfacet
  facet normal -0 0 1
    outer loop
      vertex 48.4717 -0.503839 2.5
      vertex 57.8561 -17.7898 2.5
      vertex 48.5 0 2.5
    endloop
  endfacet
  facet normal 0 0 1
    outer loop
      vertex 57.8561 -17.7898 2.5
      vertex 48.4717 -0.503839 2.5
      vertex 57.5616 -17.6271 2.5
    endloop
  endfacet
  facet normal -0 0 1
    outer loop
      vertex 48.3872 -1.00134 2.5
      vertex 57.5616 -17.6271 2.5
      vertex 48.4717 -0.503839 2.5
    endloop
  endfacet
  facet normal 0 0 1
    outer loop
      vertex 54.0117 30.7492 2.5
      vertex 58.1651 31.5302 2.5
      vertex 54.1048 31.0724 2.5
    endloop
  endfacet
  facet normal 0 0 1
    outer loop
      vertex 58.9901 30.9308 2.5
      vertex 53.7202 30.1439 2.5
      vertex 59.5 30.85 2.5
    endloop
  endfacet
  facet normal 0 0 1
    outer loop
      vertex 53.7202 30.1439 2.5
      vertex 58.5302 31.1651 2.5
      vertex 53.8829 30.4383 2.5
    endloop
  endfacet
  facet normal 0 -0 1
    outer loop
      vertex 54.0117 32.7308 2.5
      vertex 57.9308 33.0099 2.5
      vertex 53.8829 33.0416 2.5
    endloop
  endfacet
  facet normal 0 0 1
    outer loop
      vertex 53.8829 30.4383 2.5
      vertex 58.1651 31.5302 2.5
      vertex 54.0117 30.7492 2.5
    endloop
  endfacet
  facet normal 0 0 1
    outer loop
      vertex 58.5302 31.1651 2.5
      vertex 53.7202 30.1439 2.5
      vertex 58.9901 30.9308 2.5
    endloop
  endfacet
  facet normal 0 0 1
    outer loop
      vertex 48.5 0 2.5
      vertex 59.5 30.85 2.5
      vertex 53.7202 30.1439 2.5
    endloop
  endfacet
  facet normal 0 0 1
    outer loop
      vertex 57.5616 -17.6271 2.5
      vertex 48.3872 -1.00134 2.5
      vertex 57.2508 -17.4983 2.5
    endloop
  endfacet
  facet normal -0 0 1
    outer loop
      vertex 48.2475 -1.48626 2.5
      vertex 57.2508 -17.4983 2.5
      vertex 48.3872 -1.00134 2.5
    endloop
  endfacet
  facet normal 0 0 1
    outer loop
      vertex 57.85 32.5 2.5
      vertex 54.1611 32.0759 2.5
      vertex 54.18 31.74 2.5
    endloop
  endfacet
  facet normal 0 0 1
    outer loop
      vertex 57.85 32.5 2.5
      vertex 54.1048 32.4076 2.5
      vertex 54.1611 32.0759 2.5
    endloop
  endfacet
  facet normal 0 0 1
    outer loop
      vertex 57.9308 33.0099 2.5
      vertex 54.1048 32.4076 2.5
      vertex 57.85 32.5 2.5
    endloop
  endfacet
  facet normal 0 -0 1
    outer loop
      vertex 54.1048 32.4076 2.5
      vertex 57.9308 33.0099 2.5
      vertex 54.0117 32.7308 2.5
    endloop
  endfacet
  facet normal 0 0 1
    outer loop
      vertex 58.1651 33.4698 2.5
      vertex 53.8829 33.0416 2.5
      vertex 57.9308 33.0099 2.5
    endloop
  endfacet
  facet normal 0 0 1
    outer loop
      vertex 58 36 2.5
      vertex 53.5255 33.6105 2.5
      vertex 53.7202 33.3361 2.5
    endloop
  endfacet
  facet normal 0 0 1
    outer loop
      vertex 58 36 2.5
      vertex 53.3013 33.8613 2.5
      vertex 53.5255 33.6105 2.5
    endloop
  endfacet
  facet normal 0 0 1
    outer loop
      vertex 58 36 2.5
      vertex 53.0505 34.0855 2.5
      vertex 53.3013 33.8613 2.5
    endloop
  endfacet
  facet normal 0 0 1
    outer loop
      vertex 58 36 2.5
      vertex 52.7761 34.2802 2.5
      vertex 53.0505 34.0855 2.5
    endloop
  endfacet
  facet normal 0 0 1
    outer loop
      vertex 58 36 2.5
      vertex 52.4817 34.4429 2.5
      vertex 52.7761 34.2802 2.5
    endloop
  endfacet
  facet normal 0 0 1
    outer loop
      vertex 58 36 2.5
      vertex 52.1708 34.5716 2.5
      vertex 52.4817 34.4429 2.5
    endloop
  endfacet
  facet normal 0 0 1
    outer loop
      vertex 58 36 2.5
      vertex 51.8476 34.6648 2.5
      vertex 52.1708 34.5716 2.5
    endloop
  endfacet
  facet normal 0 0 1
    outer loop
      vertex 58 36 2.5
      vertex 51.5159 34.7211 2.5
      vertex 51.8476 34.6648 2.5
    endloop
  endfacet
  facet normal 0 0 1
    outer loop
      vertex 58 36 2.5
      vertex 51.18 34.74 2.5
      vertex 51.5159 34.7211 2.5
    endloop
  endfacet
  facet normal 0 0 1
    outer loop
      vertex 58 36 2.5
      vertex 50.8441 34.7211 2.5
      vertex 51.18 34.74 2.5
    endloop
  endfacet
  facet normal 0 0 1
    outer loop
      vertex 23.5759 34.7211 2.5
      vertex 50.8441 34.7211 2.5
      vertex 58 36 2.5
    endloop
  endfacet
  facet normal 0 0 1
    outer loop
      vertex 48.6398 30.1439 2.5
      vertex 47.8103 2.39414 2.5
      vertex 48.0544 1.95248 2.5
    endloop
  endfacet
  facet normal 0 0 1
    outer loop
      vertex 48.6398 30.1439 2.5
      vertex 47.5182 2.8057 2.5
      vertex 47.8103 2.39414 2.5
    endloop
  endfacet
  facet normal 0 0 1
    outer loop
      vertex 48.6398 30.1439 2.5
      vertex 47.182 3.18198 2.5
      vertex 47.5182 2.8057 2.5
    endloop
  endfacet
  facet normal 0 0 1
    outer loop
      vertex 48.6398 30.1439 2.5
      vertex 46.8057 3.51824 2.5
      vertex 47.182 3.18198 2.5
    endloop
  endfacet
  facet normal 0 0 1
    outer loop
      vertex 48.6398 30.1439 2.5
      vertex 46.3941 3.81026 2.5
      vertex 46.8057 3.51824 2.5
    endloop
  endfacet
  facet normal 0 0 1
    outer loop
      vertex 26.24 31.74 2.5
      vertex 48.18 31.74 2.5
      vertex 48.1989 32.0759 2.5
    endloop
  endfacet
  facet normal 0 0 1
    outer loop
      vertex 48.6398 30.1439 2.5
      vertex 45.9525 4.05436 2.5
      vertex 46.3941 3.81026 2.5
    endloop
  endfacet
  facet normal 0 0 1
    outer loop
      vertex 48.6398 30.1439 2.5
      vertex 45.4863 4.24747 2.5
      vertex 45.9525 4.05436 2.5
    endloop
  endfacet
  facet normal 0 0 1
    outer loop
      vertex 48.6398 30.1439 2.5
      vertex 45.0013 4.38718 2.5
      vertex 45.4863 4.24747 2.5
    endloop
  endfacet
  facet normal 0 0 1
    outer loop
      vertex 48.6398 30.1439 2.5
      vertex 44.5038 4.4717 2.5
      vertex 45.0013 4.38718 2.5
    endloop
  endfacet
  facet normal 0 0 1
    outer loop
      vertex 48.6398 30.1439 2.5
      vertex 44 4.5 2.5
      vertex 44.5038 4.4717 2.5
    endloop
  endfacet
  facet normal 0 0 1
    outer loop
      vertex 48.6398 30.1439 2.5
      vertex 26.65 24.5 2.5
      vertex 26.5692 23.9901 2.5
    endloop
  endfacet
  facet normal 0 0 1
    outer loop
      vertex 26.2211 32.0759 2.5
      vertex 48.1989 32.0759 2.5
      vertex 48.2552 32.4076 2.5
    endloop
  endfacet
  facet normal 0 0 1
    outer loop
      vertex 26.1648 32.4076 2.5
      vertex 48.2552 32.4076 2.5
      vertex 48.3484 32.7308 2.5
    endloop
  endfacet
  facet normal 0 0 1
    outer loop
      vertex 26.0716 32.7308 2.5
      vertex 48.3484 32.7308 2.5
      vertex 48.4771 33.0416 2.5
    endloop
  endfacet
  facet normal 0 0 1
    outer loop
      vertex 25.9429 33.0416 2.5
      vertex 48.4771 33.0416 2.5
      vertex 48.6398 33.3361 2.5
    endloop
  endfacet
  facet normal 0 0 1
    outer loop
      vertex 25.7802 33.3361 2.5
      vertex 48.6398 33.3361 2.5
      vertex 48.8345 33.6105 2.5
    endloop
  endfacet
  facet normal 0 0 1
    outer loop
      vertex 25.5855 33.6105 2.5
      vertex 48.8345 33.6105 2.5
      vertex 49.0587 33.8613 2.5
    endloop
  endfacet
  facet normal 0 0 1
    outer loop
      vertex 25.3613 33.8613 2.5
      vertex 49.0587 33.8613 2.5
      vertex 49.3095 34.0855 2.5
    endloop
  endfacet
  facet normal 0 0 1
    outer loop
      vertex 25.1105 34.0855 2.5
      vertex 49.3095 34.0855 2.5
      vertex 49.5839 34.2802 2.5
    endloop
  endfacet
  facet normal 0 0 1
    outer loop
      vertex 24.8361 34.2802 2.5
      vertex 49.5839 34.2802 2.5
      vertex 49.8783 34.4429 2.5
    endloop
  endfacet
  facet normal 0 0 1
    outer loop
      vertex 48.3484 30.7492 2.5
      vertex 26.5692 25.0099 2.5
      vertex 26.65 24.5 2.5
    endloop
  endfacet
  facet normal 0 0 1
    outer loop
      vertex 24.5417 34.4429 2.5
      vertex 49.8783 34.4429 2.5
      vertex 50.1892 34.5716 2.5
    endloop
  endfacet
  facet normal 0 0 1
    outer loop
      vertex 26.2211 31.4041 2.5
      vertex 48.18 31.74 2.5
      vertex 26.24 31.74 2.5
    endloop
  endfacet
  facet normal 0 0 1
    outer loop
      vertex 48.1989 31.4041 2.5
      vertex 26.2211 31.4041 2.5
      vertex 26.1648 31.0724 2.5
    endloop
  endfacet
  facet normal 0 0 1
    outer loop
      vertex 24.2308 34.5716 2.5
      vertex 50.1892 34.5716 2.5
      vertex 50.5124 34.6648 2.5
    endloop
  endfacet
  facet normal 0 0 1
    outer loop
      vertex 50.8441 34.7211 2.5
      vertex 23.5759 34.7211 2.5
      vertex 50.5124 34.6648 2.5
    endloop
  endfacet
  facet normal 0 0 1
    outer loop
      vertex 48.1989 32.0759 2.5
      vertex 26.2211 32.0759 2.5
      vertex 26.24 31.74 2.5
    endloop
  endfacet
  facet normal 0 0 1
    outer loop
      vertex 48.2552 32.4076 2.5
      vertex 26.1648 32.4076 2.5
      vertex 26.2211 32.0759 2.5
    endloop
  endfacet
  facet normal 0 0 1
    outer loop
      vertex 48.3484 32.7308 2.5
      vertex 26.0716 32.7308 2.5
      vertex 26.1648 32.4076 2.5
    endloop
  endfacet
  facet normal 0 0 1
    outer loop
      vertex 48.4771 33.0416 2.5
      vertex 25.9429 33.0416 2.5
      vertex 26.0716 32.7308 2.5
    endloop
  endfacet
  facet normal 0 0 1
    outer loop
      vertex 48.6398 33.3361 2.5
      vertex 25.7802 33.3361 2.5
      vertex 25.9429 33.0416 2.5
    endloop
  endfacet
  facet normal 0 0 1
    outer loop
      vertex 48.8345 33.6105 2.5
      vertex 25.5855 33.6105 2.5
      vertex 25.7802 33.3361 2.5
    endloop
  endfacet
  facet normal 0 0 1
    outer loop
      vertex 49.0587 33.8613 2.5
      vertex 25.3613 33.8613 2.5
      vertex 25.5855 33.6105 2.5
    endloop
  endfacet
  facet normal 0 0 1
    outer loop
      vertex 49.3095 34.0855 2.5
      vertex 25.1105 34.0855 2.5
      vertex 25.3613 33.8613 2.5
    endloop
  endfacet
  facet normal 0 0 1
    outer loop
      vertex 49.5839 34.2802 2.5
      vertex 24.8361 34.2802 2.5
      vertex 25.1105 34.0855 2.5
    endloop
  endfacet
  facet normal 0 0 1
    outer loop
      vertex 49.8783 34.4429 2.5
      vertex 24.5417 34.4429 2.5
      vertex 24.8361 34.2802 2.5
    endloop
  endfacet
  facet normal 0 0 1
    outer loop
      vertex 50.1892 34.5716 2.5
      vertex 24.2308 34.5716 2.5
      vertex 24.5417 34.4429 2.5
    endloop
  endfacet
  facet normal 0 0 1
    outer loop
      vertex 50.5124 34.6648 2.5
      vertex 23.9076 34.6648 2.5
      vertex 24.2308 34.5716 2.5
    endloop
  endfacet
  facet normal 0 0 1
    outer loop
      vertex 50.5124 34.6648 2.5
      vertex 23.5759 34.7211 2.5
      vertex 23.9076 34.6648 2.5
    endloop
  endfacet
  facet normal 0 0 1
    outer loop
      vertex 58 36 2.5
      vertex 23.24 34.74 2.5
      vertex 23.5759 34.7211 2.5
    endloop
  endfacet
  facet normal 0 0 1
    outer loop
      vertex 24.0302 23.1651 2.5
      vertex 19.4962 4.4717 2.5
      vertex 20 4.5 2.5
    endloop
  endfacet
  facet normal 0 0 1
    outer loop
      vertex 23.4308 23.9901 2.5
      vertex 6.26924 23.9901 2.5
      vertex 23.6651 23.5302 2.5
    endloop
  endfacet
  facet normal 0 0 1
    outer loop
      vertex 24.0302 23.1651 2.5
      vertex 18.9987 4.38718 2.5
      vertex 19.4962 4.4717 2.5
    endloop
  endfacet
  facet normal 0 0 1
    outer loop
      vertex 4.15 32.5 2.5
      vertex 20.24 31.74 2.5
      vertex 20.2589 32.0759 2.5
    endloop
  endfacet
  facet normal 0 0 1
    outer loop
      vertex 23.6651 23.5302 2.5
      vertex 18.5137 4.24747 2.5
      vertex 18.9987 4.38718 2.5
    endloop
  endfacet
  facet normal 0 0 1
    outer loop
      vertex 6.03488 23.5302 2.5
      vertex 23.6651 23.5302 2.5
      vertex 6.26924 23.9901 2.5
    endloop
  endfacet
  facet normal 0 0 1
    outer loop
      vertex 23.6651 23.5302 2.5
      vertex 6.03488 23.5302 2.5
      vertex 18.5137 4.24747 2.5
    endloop
  endfacet
  facet normal -0 0 1
    outer loop
      vertex 5.66985 23.1651 2.5
      vertex 18.5137 4.24747 2.5
      vertex 6.03488 23.5302 2.5
    endloop
  endfacet
  facet normal 0 0 1
    outer loop
      vertex 18.5137 4.24747 2.5
      vertex 5.66985 23.1651 2.5
      vertex 18.0475 4.05436 2.5
    endloop
  endfacet
  facet normal 0 0 1
    outer loop
      vertex 18.0475 4.05436 2.5
      vertex 5.66985 23.1651 2.5
      vertex 17.6059 3.81026 2.5
    endloop
  endfacet
  facet normal 0 0 1
    outer loop
      vertex 17.6059 3.81026 2.5
      vertex 5.66985 23.1651 2.5
      vertex 17.1943 3.51824 2.5
    endloop
  endfacet
  facet normal -0 0 1
    outer loop
      vertex 5.20988 22.9308 2.5
      vertex 17.1943 3.51824 2.5
      vertex 5.66985 23.1651 2.5
    endloop
  endfacet
  facet normal 0 0 1
    outer loop
      vertex 17.1943 3.51824 2.5
      vertex 5.20988 22.9308 2.5
      vertex 16.818 3.18198 2.5
    endloop
  endfacet
  facet normal 0 0 1
    outer loop
      vertex 16.818 3.18198 2.5
      vertex 5.20988 22.9308 2.5
      vertex 16.4818 2.8057 2.5
    endloop
  endfacet
  facet normal 0 0 1
    outer loop
      vertex 6.4039 -16.5198 2.5
      vertex 15.5 0 2.5
      vertex 15.5283 0.503839 2.5
    endloop
  endfacet
  facet normal -0 0 1
    outer loop
      vertex 4.7 22.85 2.5
      vertex 16.4818 2.8057 2.5
      vertex 5.20988 22.9308 2.5
    endloop
  endfacet
  facet normal 0 0 1
    outer loop
      vertex 4.15 32.5 2.5
      vertex 20.2589 32.0759 2.5
      vertex 20.3152 32.4076 2.5
    endloop
  endfacet
  facet normal 0 0 1
    outer loop
      vertex 15.5 0 2.5
      vertex 10.9811 -18.7241 2.5
      vertex 11 -19.06 2.5
    endloop
  endfacet
  facet normal 0 0 1
    outer loop
      vertex 15.5 0 2.5
      vertex 10.9248 -18.3924 2.5
      vertex 10.9811 -18.7241 2.5
    endloop
  endfacet
  facet normal 0 0 1
    outer loop
      vertex 15.5 0 2.5
      vertex 10.8316 -18.0692 2.5
      vertex 10.9248 -18.3924 2.5
    endloop
  endfacet
  facet normal 0 0 1
    outer loop
      vertex 15.5 0 2.5
      vertex 10.7029 -17.7583 2.5
      vertex 10.8316 -18.0692 2.5
    endloop
  endfacet
  facet normal 0 0 1
    outer loop
      vertex 15.5 0 2.5
      vertex 10.5402 -17.4639 2.5
      vertex 10.7029 -17.7583 2.5
    endloop
  endfacet
  facet normal 0 0 1
    outer loop
      vertex 15.5 0 2.5
      vertex 10.3455 -17.1895 2.5
      vertex 10.5402 -17.4639 2.5
    endloop
  endfacet
  facet normal 0 0 1
    outer loop
      vertex 15.5 0 2.5
      vertex 10.1213 -16.9387 2.5
      vertex 10.3455 -17.1895 2.5
    endloop
  endfacet
  facet normal 0 0 1
    outer loop
      vertex 15.5 0 2.5
      vertex 9.87047 -16.7145 2.5
      vertex 10.1213 -16.9387 2.5
    endloop
  endfacet
  facet normal 0 0 1
    outer loop
      vertex 16.4818 2.8057 2.5
      vertex 4.7 22.85 2.5
      vertex 16.1897 2.39414 2.5
    endloop
  endfacet
  facet normal 0 0 1
    outer loop
      vertex 15.5 0 2.5
      vertex 9.5961 -16.5198 2.5
      vertex 9.87047 -16.7145 2.5
    endloop
  endfacet
  facet normal 0 0 1
    outer loop
      vertex 15.5 0 2.5
      vertex 9.30165 -16.3571 2.5
      vertex 9.5961 -16.5198 2.5
    endloop
  endfacet
  facet normal 0 0 1
    outer loop
      vertex 15.5 0 2.5
      vertex 8.99084 -16.2283 2.5
      vertex 9.30165 -16.3571 2.5
    endloop
  endfacet
  facet normal 0 0 1
    outer loop
      vertex 15.5 0 2.5
      vertex 8.66756 -16.1352 2.5
      vertex 8.99084 -16.2283 2.5
    endloop
  endfacet
  facet normal 0 0 1
    outer loop
      vertex 15.5 0 2.5
      vertex 8.33589 -16.0789 2.5
      vertex 8.66756 -16.1352 2.5
    endloop
  endfacet
  facet normal 0 0 1
    outer loop
      vertex 15.5 0 2.5
      vertex 8 -16.06 2.5
      vertex 8.33589 -16.0789 2.5
    endloop
  endfacet
  facet normal 0 0 1
    outer loop
      vertex 15.5 0 2.5
      vertex 7.66411 -16.0789 2.5
      vertex 8 -16.06 2.5
    endloop
  endfacet
  facet normal 0 0 1
    outer loop
      vertex 15.5 0 2.5
      vertex 7.33244 -16.1352 2.5
      vertex 7.66411 -16.0789 2.5
    endloop
  endfacet
  facet normal 0 0 1
    outer loop
      vertex 15.5 0 2.5
      vertex 7.00916 -16.2283 2.5
      vertex 7.33244 -16.1352 2.5
    endloop
  endfacet
  facet normal 0 0 1
    outer loop
      vertex 15.5 0 2.5
      vertex 6.69835 -16.3571 2.5
      vertex 7.00916 -16.2283 2.5
    endloop
  endfacet
  facet normal 0 0 1
    outer loop
      vertex 15.5 0 2.5
      vertex 6.4039 -16.5198 2.5
      vertex 6.69835 -16.3571 2.5
    endloop
  endfacet
  facet normal 0 0 1
    outer loop
      vertex 4 36 2.5
      vertex 20.3152 32.4076 2.5
      vertex 20.4083 32.7308 2.5
    endloop
  endfacet
  facet normal 0 0 1
    outer loop
      vertex 4 36 2.5
      vertex 20.4083 32.7308 2.5
      vertex 20.5371 33.0416 2.5
    endloop
  endfacet
  facet normal 0 0 1
    outer loop
      vertex 4 36 2.5
      vertex 20.5371 33.0416 2.5
      vertex 20.6998 33.3361 2.5
    endloop
  endfacet
  facet normal 0 0 1
    outer loop
      vertex 4 36 2.5
      vertex 20.6998 33.3361 2.5
      vertex 20.8945 33.6105 2.5
    endloop
  endfacet
  facet normal 0 0 1
    outer loop
      vertex 4 36 2.5
      vertex 20.8945 33.6105 2.5
      vertex 21.1187 33.8613 2.5
    endloop
  endfacet
  facet normal 0 0 1
    outer loop
      vertex 4 36 2.5
      vertex 21.1187 33.8613 2.5
      vertex 21.3695 34.0855 2.5
    endloop
  endfacet
  facet normal 0 0 1
    outer loop
      vertex 4 36 2.5
      vertex 21.3695 34.0855 2.5
      vertex 21.6439 34.2802 2.5
    endloop
  endfacet
  facet normal 0 0 1
    outer loop
      vertex 20.6998 30.1439 2.5
      vertex 6.26924 25.0099 2.5
      vertex 6.35 24.5 2.5
    endloop
  endfacet
  facet normal 0 0 1
    outer loop
      vertex 20.3152 31.0724 2.5
      vertex 6.03488 25.4698 2.5
      vertex 6.26924 25.0099 2.5
    endloop
  endfacet
  facet normal -0 0 1
    outer loop
      vertex 4.06924 31.9901 2.5
      vertex 20.2589 31.4041 2.5
      vertex 4.15 32.5 2.5
    endloop
  endfacet
  facet normal 0 0 1
    outer loop
      vertex 4 36 2.5
      vertex 21.6439 34.2802 2.5
      vertex 21.9383 34.4429 2.5
    endloop
  endfacet
  facet normal 0 0 1
    outer loop
      vertex 20.2589 31.4041 2.5
      vertex 4.06924 31.9901 2.5
      vertex 6.03488 25.4698 2.5
    endloop
  endfacet
  facet normal 0 0 1
    outer loop
      vertex 6.03488 25.4698 2.5
      vertex 4.06924 31.9901 2.5
      vertex 5.66985 25.8349 2.5
    endloop
  endfacet
  facet normal -0 0 1
    outer loop
      vertex 3.83488 31.5302 2.5
      vertex 5.66985 25.8349 2.5
      vertex 4.06924 31.9901 2.5
    endloop
  endfacet
  facet normal 0 0 1
    outer loop
      vertex 5.66985 25.8349 2.5
      vertex 3.83488 31.5302 2.5
      vertex 5.20988 26.0692 2.5
    endloop
  endfacet
  facet normal 0 0 1
    outer loop
      vertex 4 36 2.5
      vertex 21.9383 34.4429 2.5
      vertex 22.2492 34.5716 2.5
    endloop
  endfacet
  facet normal 0 0 1
    outer loop
      vertex 4 36 2.5
      vertex 22.2492 34.5716 2.5
      vertex 22.5724 34.6648 2.5
    endloop
  endfacet
  facet normal 0 0 1
    outer loop
      vertex 4 36 2.5
      vertex 22.5724 34.6648 2.5
      vertex 22.9041 34.7211 2.5
    endloop
  endfacet
  facet normal 0 0 1
    outer loop
      vertex 20.3152 32.4076 2.5
      vertex 4.06924 33.0099 2.5
      vertex 4.15 32.5 2.5
    endloop
  endfacet
  facet normal -0 0 1
    outer loop
      vertex 4 36 2.5
      vertex 23.24 34.74 2.5
      vertex 58 36 2.5
    endloop
  endfacet
  facet normal 0 0 1
    outer loop
      vertex 4 36 2.5
      vertex 22.9041 34.7211 2.5
      vertex 23.24 34.74 2.5
    endloop
  endfacet
  facet normal 0 0 1
    outer loop
      vertex 20.3152 32.4076 2.5
      vertex 4 36 2.5
      vertex 4.06924 33.0099 2.5
    endloop
  endfacet
  facet normal 0 0 1
    outer loop
      vertex 4 36 2.5
      vertex 3.83488 33.4698 2.5
      vertex 4.06924 33.0099 2.5
    endloop
  endfacet
  facet normal 0 0 1
    outer loop
      vertex 4 36 2.5
      vertex 3.46984 33.8349 2.5
      vertex 3.83488 33.4698 2.5
    endloop
  endfacet
  facet normal -0 0 1
    outer loop
      vertex 3.44018 35.9686 2.5
      vertex 3.46984 33.8349 2.5
      vertex 4 36 2.5
    endloop
  endfacet
  facet normal 0 0 1
    outer loop
      vertex 3.44018 35.9686 2.5
      vertex 3.00988 34.0692 2.5
      vertex 3.46984 33.8349 2.5
    endloop
  endfacet
  facet normal -0 0 1
    outer loop
      vertex 2.88739 35.8746 2.5
      vertex 3.00988 34.0692 2.5
      vertex 3.44018 35.9686 2.5
    endloop
  endfacet
  facet normal 0 0 1
    outer loop
      vertex 2.88739 35.8746 2.5
      vertex 2.5 34.15 2.5
      vertex 3.00988 34.0692 2.5
    endloop
  endfacet
  facet normal -0 0 1
    outer loop
      vertex 2.3486 35.7194 2.5
      vertex 2.5 34.15 2.5
      vertex 2.88739 35.8746 2.5
    endloop
  endfacet
  facet normal -0 0 1
    outer loop
      vertex 1.83058 35.5048 2.5
      vertex 2.5 34.15 2.5
      vertex 2.3486 35.7194 2.5
    endloop
  endfacet
  facet normal 0 0 1
    outer loop
      vertex 2.5 34.15 2.5
      vertex 1.83058 35.5048 2.5
      vertex 1.99012 34.0692 2.5
    endloop
  endfacet
  facet normal -0 0 1
    outer loop
      vertex 1.33984 35.2336 2.5
      vertex 1.99012 34.0692 2.5
      vertex 1.83058 35.5048 2.5
    endloop
  endfacet
  facet normal -0 0 1
    outer loop
      vertex 0.88255 34.9092 2.5
      vertex 1.99012 34.0692 2.5
      vertex 1.33984 35.2336 2.5
    endloop
  endfacet
  facet normal 0 0 1
    outer loop
      vertex 1.99012 34.0692 2.5
      vertex 0.88255 34.9092 2.5
      vertex 1.53015 33.8349 2.5
    endloop
  endfacet
  facet normal -0 0 1
    outer loop
      vertex 0.464465 34.5355 2.5
      vertex 1.53015 33.8349 2.5
      vertex 0.88255 34.9092 2.5
    endloop
  endfacet
  facet normal 0 0 1
    outer loop
      vertex 1.53015 33.8349 2.5
      vertex 0.464465 34.5355 2.5
      vertex 1.16512 33.4698 2.5
    endloop
  endfacet
  facet normal -0 0 1
    outer loop
      vertex 0.0908422 34.1174 2.5
      vertex 1.16512 33.4698 2.5
      vertex 0.464465 34.5355 2.5
    endloop
  endfacet
  facet normal -0 0 1
    outer loop
      vertex -0.233621 33.6602 2.5
      vertex 0.930757 33.0099 2.5
      vertex 0.0908422 34.1174 2.5
    endloop
  endfacet
  facet normal 0 0 1
    outer loop
      vertex 1.16512 33.4698 2.5
      vertex 0.0908422 34.1174 2.5
      vertex 0.930757 33.0099 2.5
    endloop
  endfacet
  facet normal 0 0 1
    outer loop
      vertex 62.2336 -33.6602 2.5
      vertex 61.0692 -33.0099 2.5
      vertex 61.9092 -34.1174 2.5
    endloop
  endfacet
  facet normal -0 0 1
    outer loop
      vertex 60.8349 -33.4698 2.5
      vertex 61.9092 -34.1174 2.5
      vertex 61.0692 -33.0099 2.5
    endloop
  endfacet
  facet normal 0 0 1
    outer loop
      vertex 61.9092 -34.1174 2.5
      vertex 60.8349 -33.4698 2.5
      vertex 61.5355 -34.5355 2.5
    endloop
  endfacet
  facet normal -0 0 1
    outer loop
      vertex 60.4698 -33.8349 2.5
      vertex 61.5355 -34.5355 2.5
      vertex 60.8349 -33.4698 2.5
    endloop
  endfacet
  facet normal 0 0 1
    outer loop
      vertex 61.5355 -34.5355 2.5
      vertex 60.4698 -33.8349 2.5
      vertex 61.1174 -34.9092 2.5
    endloop
  endfacet
  facet normal -0 0 1
    outer loop
      vertex 60.0099 -34.0692 2.5
      vertex 61.1174 -34.9092 2.5
      vertex 60.4698 -33.8349 2.5
    endloop
  endfacet
  facet normal 0 0 1
    outer loop
      vertex 61.1174 -34.9092 2.5
      vertex 60.0099 -34.0692 2.5
      vertex 60.6602 -35.2336 2.5
    endloop
  endfacet
  facet normal 0 0 1
    outer loop
      vertex 60.6602 -35.2336 2.5
      vertex 60.0099 -34.0692 2.5
      vertex 60.1694 -35.5048 2.5
    endloop
  endfacet
  facet normal -0 0 1
    outer loop
      vertex 59.5 -34.15 2.5
      vertex 60.1694 -35.5048 2.5
      vertex 60.0099 -34.0692 2.5
    endloop
  endfacet
  facet normal 0 0 1
    outer loop
      vertex 60.1694 -35.5048 2.5
      vertex 59.5 -34.15 2.5
      vertex 59.6514 -35.7194 2.5
    endloop
  endfacet
  facet normal 0 0 1
    outer loop
      vertex 59.5 -34.15 2.5
      vertex 59.1126 -35.8746 2.5
      vertex 59.6514 -35.7194 2.5
    endloop
  endfacet
  facet normal 0 0 1
    outer loop
      vertex 58.9901 -34.0692 2.5
      vertex 59.1126 -35.8746 2.5
      vertex 59.5 -34.15 2.5
    endloop
  endfacet
  facet normal 0 0 1
    outer loop
      vertex 58.9901 -34.0692 2.5
      vertex 58.5598 -35.9686 2.5
      vertex 59.1126 -35.8746 2.5
    endloop
  endfacet
  facet normal 0 0 1
    outer loop
      vertex 58.5302 -33.8349 2.5
      vertex 58.5598 -35.9686 2.5
      vertex 58.9901 -34.0692 2.5
    endloop
  endfacet
  facet normal 0 0 1
    outer loop
      vertex 58 -36 2.5
      vertex 58.5302 -33.8349 2.5
      vertex 58.1651 -33.4698 2.5
    endloop
  endfacet
  facet normal 0 0 1
    outer loop
      vertex 58.5302 -33.8349 2.5
      vertex 58 -36 2.5
      vertex 58.5598 -35.9686 2.5
    endloop
  endfacet
  facet normal 0 0 1
    outer loop
      vertex 57.9308 -33.0099 2.5
      vertex 58 -36 2.5
      vertex 58.1651 -33.4698 2.5
    endloop
  endfacet
  facet normal 0 0 1
    outer loop
      vertex 57.85 -32.5 2.5
      vertex 58 -36 2.5
      vertex 57.9308 -33.0099 2.5
    endloop
  endfacet
  facet normal -0 0 1
    outer loop
      vertex 56.26 -23.33 2.5
      vertex 58.5302 -31.1651 2.5
      vertex 56.5959 -23.3111 2.5
    endloop
  endfacet
  facet normal 0 0 1
    outer loop
      vertex 55.9241 -23.3111 2.5
      vertex 58.5302 -31.1651 2.5
      vertex 56.26 -23.33 2.5
    endloop
  endfacet
  facet normal 0 0 1
    outer loop
      vertex 58.5302 -31.1651 2.5
      vertex 55.9241 -23.3111 2.5
      vertex 58.1651 -31.5302 2.5
    endloop
  endfacet
  facet normal 0 0 1
    outer loop
      vertex 55.5924 -23.2548 2.5
      vertex 58.1651 -31.5302 2.5
      vertex 55.9241 -23.3111 2.5
    endloop
  endfacet
  facet normal 0 0 1
    outer loop
      vertex 55.2692 -23.1616 2.5
      vertex 58.1651 -31.5302 2.5
      vertex 55.5924 -23.2548 2.5
    endloop
  endfacet
  facet normal 0 0 1
    outer loop
      vertex 54.9583 -23.0329 2.5
      vertex 58.1651 -31.5302 2.5
      vertex 55.2692 -23.1616 2.5
    endloop
  endfacet
  facet normal 0 0 1
    outer loop
      vertex 58.1651 -31.5302 2.5
      vertex 54.9583 -23.0329 2.5
      vertex 57.9308 -31.9901 2.5
    endloop
  endfacet
  facet normal 0 0 1
    outer loop
      vertex 54.6639 -22.8702 2.5
      vertex 57.9308 -31.9901 2.5
      vertex 54.9583 -23.0329 2.5
    endloop
  endfacet
  facet normal 0 0 1
    outer loop
      vertex 54.3895 -22.6755 2.5
      vertex 57.9308 -31.9901 2.5
      vertex 54.6639 -22.8702 2.5
    endloop
  endfacet
  facet normal 0 0 1
    outer loop
      vertex 57.9308 -31.9901 2.5
      vertex 54.3895 -22.6755 2.5
      vertex 57.85 -32.5 2.5
    endloop
  endfacet
  facet normal 0 0 1
    outer loop
      vertex 54.1387 -22.4513 2.5
      vertex 57.85 -32.5 2.5
      vertex 54.3895 -22.6755 2.5
    endloop
  endfacet
  facet normal 0 0 1
    outer loop
      vertex 53.9145 -22.2005 2.5
      vertex 57.85 -32.5 2.5
      vertex 54.1387 -22.4513 2.5
    endloop
  endfacet
  facet normal -0 0 1
    outer loop
      vertex 26.3349 -25.4698 2.5
      vertex 57.85 -32.5 2.5
      vertex 53.9145 -22.2005 2.5
    endloop
  endfacet
  facet normal 0 0 1
    outer loop
      vertex 26.5692 -25.0099 2.5
      vertex 53.9145 -22.2005 2.5
      vertex 53.7198 -21.9261 2.5
    endloop
  endfacet
  facet normal 0 0 1
    outer loop
      vertex 26.5692 -25.0099 2.5
      vertex 53.7198 -21.9261 2.5
      vertex 53.5571 -21.6317 2.5
    endloop
  endfacet
  facet normal 0 0 1
    outer loop
      vertex 26.5692 -25.0099 2.5
      vertex 53.5571 -21.6317 2.5
      vertex 53.4283 -21.3208 2.5
    endloop
  endfacet
  facet normal 0 0 1
    outer loop
      vertex 48.5 0 2.5
      vertex 53.0505 29.3945 2.5
      vertex 52.7761 29.1998 2.5
    endloop
  endfacet
  facet normal 0 0 1
    outer loop
      vertex 48.5 0 2.5
      vertex 52.7761 29.1998 2.5
      vertex 52.4817 29.0371 2.5
    endloop
  endfacet
  facet normal 0 0 1
    outer loop
      vertex 48.5 0 2.5
      vertex 52.4817 29.0371 2.5
      vertex 52.1708 28.9083 2.5
    endloop
  endfacet
  facet normal 0 0 1
    outer loop
      vertex 48.5 0 2.5
      vertex 52.1708 28.9083 2.5
      vertex 51.8476 28.8152 2.5
    endloop
  endfacet
  facet normal 0 0 1
    outer loop
      vertex 48.5 0 2.5
      vertex 51.8476 28.8152 2.5
      vertex 51.5159 28.7589 2.5
    endloop
  endfacet
  facet normal 0 0 1
    outer loop
      vertex 48.5 0 2.5
      vertex 51.5159 28.7589 2.5
      vertex 51.18 28.74 2.5
    endloop
  endfacet
  facet normal 0 0 1
    outer loop
      vertex 48.5 0 2.5
      vertex 51.18 28.74 2.5
      vertex 50.8441 28.7589 2.5
    endloop
  endfacet
  facet normal 0 0 1
    outer loop
      vertex 48.5 0 2.5
      vertex 50.8441 28.7589 2.5
      vertex 50.5124 28.8152 2.5
    endloop
  endfacet
  facet normal 0 0 1
    outer loop
      vertex 48.5 0 2.5
      vertex 50.5124 28.8152 2.5
      vertex 50.1892 28.9083 2.5
    endloop
  endfacet
  facet normal 0 0 1
    outer loop
      vertex 54.9583 -17.6271 2.5
      vertex 46.3941 -3.81026 2.5
      vertex 54.6639 -17.7898 2.5
    endloop
  endfacet
  facet normal 0 0 1
    outer loop
      vertex 48.5 0 2.5
      vertex 50.1892 28.9083 2.5
      vertex 49.8783 29.0371 2.5
    endloop
  endfacet
  facet normal 0 0 1
    outer loop
      vertex 48.5 0 2.5
      vertex 49.8783 29.0371 2.5
      vertex 49.5839 29.1998 2.5
    endloop
  endfacet
  facet normal 0 0 1
    outer loop
      vertex 48.5 0 2.5
      vertex 49.5839 29.1998 2.5
      vertex 49.3095 29.3945 2.5
    endloop
  endfacet
  facet normal 0 0 1
    outer loop
      vertex 48.5 0 2.5
      vertex 49.3095 29.3945 2.5
      vertex 49.0587 29.6187 2.5
    endloop
  endfacet
  facet normal 0 0 1
    outer loop
      vertex 48.5 0 2.5
      vertex 49.0587 29.6187 2.5
      vertex 48.8345 29.8695 2.5
    endloop
  endfacet
  facet normal 0 0 1
    outer loop
      vertex 48.5 0 2.5
      vertex 48.8345 29.8695 2.5
      vertex 48.6398 30.1439 2.5
    endloop
  endfacet
  facet normal -0 0 1
    outer loop
      vertex 45.9525 -4.05436 2.5
      vertex 54.6639 -17.7898 2.5
      vertex 46.3941 -3.81026 2.5
    endloop
  endfacet
  facet normal 0 0 1
    outer loop
      vertex 54.6639 -17.7898 2.5
      vertex 45.9525 -4.05436 2.5
      vertex 54.3895 -17.9845 2.5
    endloop
  endfacet
  facet normal -0 0 1
    outer loop
      vertex 45.4863 -4.24747 2.5
      vertex 54.3895 -17.9845 2.5
      vertex 45.9525 -4.05436 2.5
    endloop
  endfacet
  facet normal 0 0 1
    outer loop
      vertex 54.3895 -17.9845 2.5
      vertex 45.4863 -4.24747 2.5
      vertex 54.1387 -18.2087 2.5
    endloop
  endfacet
  facet normal 0 0 1
    outer loop
      vertex 54.1387 -18.2087 2.5
      vertex 45.4863 -4.24747 2.5
      vertex 53.9145 -18.4595 2.5
    endloop
  endfacet
  facet normal -0 0 1
    outer loop
      vertex 45.0013 -4.38718 2.5
      vertex 53.9145 -18.4595 2.5
      vertex 45.4863 -4.24747 2.5
    endloop
  endfacet
  facet normal 0 0 1
    outer loop
      vertex 53.9145 -18.4595 2.5
      vertex 45.0013 -4.38718 2.5
      vertex 53.7198 -18.7339 2.5
    endloop
  endfacet
  facet normal -0 0 1
    outer loop
      vertex 44.5038 -4.4717 2.5
      vertex 53.7198 -18.7339 2.5
      vertex 45.0013 -4.38718 2.5
    endloop
  endfacet
  facet normal 0 0 1
    outer loop
      vertex 53.7198 -18.7339 2.5
      vertex 44.5038 -4.4717 2.5
      vertex 53.5571 -19.0283 2.5
    endloop
  endfacet
  facet normal -0 0 1
    outer loop
      vertex 44 -4.5 2.5
      vertex 53.5571 -19.0283 2.5
      vertex 44.5038 -4.4717 2.5
    endloop
  endfacet
  facet normal 0 0 1
    outer loop
      vertex 53.5571 -19.0283 2.5
      vertex 44 -4.5 2.5
      vertex 53.4283 -19.3392 2.5
    endloop
  endfacet
  facet normal 0 0 1
    outer loop
      vertex 53.4283 -19.3392 2.5
      vertex 44 -4.5 2.5
      vertex 53.3352 -19.6624 2.5
    endloop
  endfacet
  facet normal 0 0 1
    outer loop
      vertex 53.3352 -19.6624 2.5
      vertex 44 -4.5 2.5
      vertex 53.2789 -19.9941 2.5
    endloop
  endfacet
  facet normal 0 0 1
    outer loop
      vertex 26.5692 -23.9901 2.5
      vertex 53.2789 -19.9941 2.5
      vertex 44 -4.5 2.5
    endloop
  endfacet
  facet normal 0 0 1
    outer loop
      vertex 26.5692 -23.9901 2.5
      vertex 53.26 -20.33 2.5
      vertex 53.2789 -19.9941 2.5
    endloop
  endfacet
  facet normal 0 0 1
    outer loop
      vertex 26.5692 -23.9901 2.5
      vertex 53.2789 -20.6659 2.5
      vertex 53.26 -20.33 2.5
    endloop
  endfacet
  facet normal 0 0 1
    outer loop
      vertex 53.2789 -20.6659 2.5
      vertex 26.65 -24.5 2.5
      vertex 53.3352 -20.9976 2.5
    endloop
  endfacet
  facet normal 0 0 1
    outer loop
      vertex 53.3352 -20.9976 2.5
      vertex 26.65 -24.5 2.5
      vertex 53.4283 -21.3208 2.5
    endloop
  endfacet
  facet normal 0 0 1
    outer loop
      vertex 26.5692 -25.0099 2.5
      vertex 53.4283 -21.3208 2.5
      vertex 26.65 -24.5 2.5
    endloop
  endfacet
  facet normal 0 0 1
    outer loop
      vertex 53.9145 -22.2005 2.5
      vertex 26.5692 -25.0099 2.5
      vertex 26.3349 -25.4698 2.5
    endloop
  endfacet
  facet normal 0 0 1
    outer loop
      vertex 57.85 -32.5 2.5
      vertex 26.3349 -25.4698 2.5
      vertex 58 -36 2.5
    endloop
  endfacet
  facet normal -0 0 1
    outer loop
      vertex 25.9698 -25.8349 2.5
      vertex 58 -36 2.5
      vertex 26.3349 -25.4698 2.5
    endloop
  endfacet
  facet normal -0 0 1
    outer loop
      vertex 25.5099 -26.0692 2.5
      vertex 58 -36 2.5
      vertex 25.9698 -25.8349 2.5
    endloop
  endfacet
  facet normal -0 0 1
    outer loop
      vertex 25 -26.15 2.5
      vertex 58 -36 2.5
      vertex 25.5099 -26.0692 2.5
    endloop
  endfacet
  facet normal 0 0 1
    outer loop
      vertex 4 -36 2.5
      vertex 25 -26.15 2.5
      vertex 24.4901 -26.0692 2.5
    endloop
  endfacet
  facet normal 0 0 1
    outer loop
      vertex 23.6651 -23.5302 2.5
      vertex 10.9811 -19.3959 2.5
      vertex 23.4308 -23.9901 2.5
    endloop
  endfacet
  facet normal 0 0 1
    outer loop
      vertex 11 -19.06 2.5
      vertex 20 -4.5 2.5
      vertex 19.4962 -4.4717 2.5
    endloop
  endfacet
  facet normal 0 0 1
    outer loop
      vertex 11 -19.06 2.5
      vertex 19.4962 -4.4717 2.5
      vertex 18.9987 -4.38718 2.5
    endloop
  endfacet
  facet normal 0 0 1
    outer loop
      vertex 11 -19.06 2.5
      vertex 18.9987 -4.38718 2.5
      vertex 18.5137 -4.24747 2.5
    endloop
  endfacet
  facet normal 0 0 1
    outer loop
      vertex 11 -19.06 2.5
      vertex 18.5137 -4.24747 2.5
      vertex 18.0475 -4.05436 2.5
    endloop
  endfacet
  facet normal 0 0 1
    outer loop
      vertex 11 -19.06 2.5
      vertex 18.0475 -4.05436 2.5
      vertex 17.6059 -3.81026 2.5
    endloop
  endfacet
  facet normal 0 0 1
    outer loop
      vertex 11 -19.06 2.5
      vertex 17.6059 -3.81026 2.5
      vertex 17.1943 -3.51824 2.5
    endloop
  endfacet
  facet normal 0 0 1
    outer loop
      vertex 11 -19.06 2.5
      vertex 17.1943 -3.51824 2.5
      vertex 16.818 -3.18198 2.5
    endloop
  endfacet
  facet normal 0 0 1
    outer loop
      vertex 11 -19.06 2.5
      vertex 16.818 -3.18198 2.5
      vertex 16.4818 -2.8057 2.5
    endloop
  endfacet
  facet normal 0 0 1
    outer loop
      vertex 11 -19.06 2.5
      vertex 16.4818 -2.8057 2.5
      vertex 16.1897 -2.39414 2.5
    endloop
  endfacet
  facet normal 0 0 1
    outer loop
      vertex 11 -19.06 2.5
      vertex 16.1897 -2.39414 2.5
      vertex 15.9456 -1.95248 2.5
    endloop
  endfacet
  facet normal 0 0 1
    outer loop
      vertex 11 -19.06 2.5
      vertex 15.9456 -1.95248 2.5
      vertex 15.7525 -1.48626 2.5
    endloop
  endfacet
  facet normal 0 0 1
    outer loop
      vertex 11 -19.06 2.5
      vertex 15.5283 -0.503839 2.5
      vertex 15.5 0 2.5
    endloop
  endfacet
  facet normal 0 0 1
    outer loop
      vertex 11 -19.06 2.5
      vertex 15.6128 -1.00134 2.5
      vertex 15.5283 -0.503839 2.5
    endloop
  endfacet
  facet normal 0 0 1
    outer loop
      vertex 11 -19.06 2.5
      vertex 15.7525 -1.48626 2.5
      vertex 15.6128 -1.00134 2.5
    endloop
  endfacet
  facet normal -0 0 1
    outer loop
      vertex 10.9248 -19.7276 2.5
      vertex 23.4308 -23.9901 2.5
      vertex 10.9811 -19.3959 2.5
    endloop
  endfacet
  facet normal -0 0 1
    outer loop
      vertex 10.8316 -20.0508 2.5
      vertex 23.4308 -23.9901 2.5
      vertex 10.9248 -19.7276 2.5
    endloop
  endfacet
  facet normal -0 0 1
    outer loop
      vertex 10.7029 -20.3617 2.5
      vertex 23.4308 -23.9901 2.5
      vertex 10.8316 -20.0508 2.5
    endloop
  endfacet
  facet normal 0 0 1
    outer loop
      vertex 23.4308 -23.9901 2.5
      vertex 10.7029 -20.3617 2.5
      vertex 23.35 -24.5 2.5
    endloop
  endfacet
  facet normal -0 0 1
    outer loop
      vertex 10.5402 -20.6561 2.5
      vertex 23.35 -24.5 2.5
      vertex 10.7029 -20.3617 2.5
    endloop
  endfacet
  facet normal -0 0 1
    outer loop
      vertex 10.3455 -20.9305 2.5
      vertex 23.35 -24.5 2.5
      vertex 10.5402 -20.6561 2.5
    endloop
  endfacet
  facet normal 0 0 1
    outer loop
      vertex 23.35 -24.5 2.5
      vertex 10.3455 -20.9305 2.5
      vertex 23.4308 -25.0099 2.5
    endloop
  endfacet
  facet normal -0 0 1
    outer loop
      vertex 10.1213 -21.1813 2.5
      vertex 23.4308 -25.0099 2.5
      vertex 10.3455 -20.9305 2.5
    endloop
  endfacet
  facet normal -0 0 1
    outer loop
      vertex 9.87047 -21.4055 2.5
      vertex 23.4308 -25.0099 2.5
      vertex 10.1213 -21.1813 2.5
    endloop
  endfacet
  facet normal -0 0 1
    outer loop
      vertex 9.5961 -21.6002 2.5
      vertex 23.4308 -25.0099 2.5
      vertex 9.87047 -21.4055 2.5
    endloop
  endfacet
  facet normal 0 0 1
    outer loop
      vertex 23.4308 -25.0099 2.5
      vertex 9.5961 -21.6002 2.5
      vertex 23.6651 -25.4698 2.5
    endloop
  endfacet
  facet normal 0 0 1
    outer loop
      vertex 6.03488 -25.4698 2.5
      vertex 23.6651 -25.4698 2.5
      vertex 9.5961 -21.6002 2.5
    endloop
  endfacet
  facet normal 0 0 1
    outer loop
      vertex 4.15 -32.5 2.5
      vertex 23.6651 -25.4698 2.5
      vertex 6.03488 -25.4698 2.5
    endloop
  endfacet
  facet normal 0 0 1
    outer loop
      vertex 6.26924 -25.0099 2.5
      vertex 9.5961 -21.6002 2.5
      vertex 9.30165 -21.7629 2.5
    endloop
  endfacet
  facet normal 0 0 1
    outer loop
      vertex 23.6651 -25.4698 2.5
      vertex 4.15 -32.5 2.5
      vertex 24.0302 -25.8349 2.5
    endloop
  endfacet
  facet normal 0 0 1
    outer loop
      vertex 6.26924 -25.0099 2.5
      vertex 9.30165 -21.7629 2.5
      vertex 8.99084 -21.8916 2.5
    endloop
  endfacet
  facet normal 0 0 1
    outer loop
      vertex 6.26924 -25.0099 2.5
      vertex 8.99084 -21.8916 2.5
      vertex 8.66756 -21.9848 2.5
    endloop
  endfacet
  facet normal 0 0 1
    outer loop
      vertex 6.35 -24.5 2.5
      vertex 8.66756 -21.9848 2.5
      vertex 8.33589 -22.0411 2.5
    endloop
  endfacet
  facet normal 0 0 1
    outer loop
      vertex 6.35 -24.5 2.5
      vertex 8.33589 -22.0411 2.5
      vertex 8 -22.06 2.5
    endloop
  endfacet
  facet normal 0 0 1
    outer loop
      vertex 6.26924 -23.9901 2.5
      vertex 8 -22.06 2.5
      vertex 7.66411 -22.0411 2.5
    endloop
  endfacet
  facet normal 0 0 1
    outer loop
      vertex 6.26924 -23.9901 2.5
      vertex 7.66411 -22.0411 2.5
      vertex 7.33244 -21.9848 2.5
    endloop
  endfacet
  facet normal 0 0 1
    outer loop
      vertex 5.66985 -23.1651 2.5
      vertex 6.69835 -21.7629 2.5
      vertex 6.4039 -21.6002 2.5
    endloop
  endfacet
  facet normal 0 0 1
    outer loop
      vertex 6.26924 -23.9901 2.5
      vertex 7.00916 -21.8916 2.5
      vertex 6.69835 -21.7629 2.5
    endloop
  endfacet
  facet normal 0 0 1
    outer loop
      vertex 6.26924 -23.9901 2.5
      vertex 7.33244 -21.9848 2.5
      vertex 7.00916 -21.8916 2.5
    endloop
  endfacet
  facet normal 0 0 1
    outer loop
      vertex 8.66756 -21.9848 2.5
      vertex 6.35 -24.5 2.5
      vertex 6.26924 -25.0099 2.5
    endloop
  endfacet
  facet normal 0 0 1
    outer loop
      vertex 9.5961 -21.6002 2.5
      vertex 6.26924 -25.0099 2.5
      vertex 6.03488 -25.4698 2.5
    endloop
  endfacet
  facet normal 0 0 1
    outer loop
      vertex 4.06924 -33.0099 2.5
      vertex 24.0302 -25.8349 2.5
      vertex 4.15 -32.5 2.5
    endloop
  endfacet
  facet normal 0 0 1
    outer loop
      vertex 4.06924 -31.9901 2.5
      vertex 6.03488 -25.4698 2.5
      vertex 5.66985 -25.8349 2.5
    endloop
  endfacet
  facet normal 0 0 1
    outer loop
      vertex 4.06924 -31.9901 2.5
      vertex 5.66985 -25.8349 2.5
      vertex 5.20988 -26.0692 2.5
    endloop
  endfacet
  facet normal 0 0 1
    outer loop
      vertex 4.06924 -31.9901 2.5
      vertex 5.20988 -26.0692 2.5
      vertex 4.7 -26.15 2.5
    endloop
  endfacet
  facet normal 0 0 1
    outer loop
      vertex 3.00988 -30.9308 2.5
      vertex 4.7 -26.15 2.5
      vertex 4.19012 -26.0692 2.5
    endloop
  endfacet
  facet normal 0 0 1
    outer loop
      vertex 4 -36 2.5
      vertex 24.0302 -25.8349 2.5
      vertex 4.06924 -33.0099 2.5
    endloop
  endfacet
  facet normal 0 0 1
    outer loop
      vertex 24.0302 -25.8349 2.5
      vertex 4 -36 2.5
      vertex 24.4901 -26.0692 2.5
    endloop
  endfacet
  facet normal 0 0 1
    outer loop
      vertex 25 -26.15 2.5
      vertex 4 -36 2.5
      vertex 58 -36 2.5
    endloop
  endfacet
  facet normal -0 0 1
    outer loop
      vertex 3.83488 -33.4698 2.5
      vertex 4 -36 2.5
      vertex 4.06924 -33.0099 2.5
    endloop
  endfacet
  facet normal -0 0 1
    outer loop
      vertex 3.46984 -33.8349 2.5
      vertex 4 -36 2.5
      vertex 3.83488 -33.4698 2.5
    endloop
  endfacet
  facet normal 0 0 1
    outer loop
      vertex 3.46984 -33.8349 2.5
      vertex 3.44018 -35.9686 2.5
      vertex 4 -36 2.5
    endloop
  endfacet
  facet normal -0 0 1
    outer loop
      vertex 3.00988 -34.0692 2.5
      vertex 3.44018 -35.9686 2.5
      vertex 3.46984 -33.8349 2.5
    endloop
  endfacet
  facet normal 0 0 1
    outer loop
      vertex 3.00988 -34.0692 2.5
      vertex 2.88739 -35.8746 2.5
      vertex 3.44018 -35.9686 2.5
    endloop
  endfacet
  facet normal -0 0 1
    outer loop
      vertex 2.5 -34.15 2.5
      vertex 2.88739 -35.8746 2.5
      vertex 3.00988 -34.0692 2.5
    endloop
  endfacet
  facet normal 0 0 1
    outer loop
      vertex 2.5 -34.15 2.5
      vertex 2.3486 -35.7194 2.5
      vertex 2.88739 -35.8746 2.5
    endloop
  endfacet
  facet normal 0 0 1
    outer loop
      vertex 1.83058 -35.5048 2.5
      vertex 2.5 -34.15 2.5
      vertex 1.99012 -34.0692 2.5
    endloop
  endfacet
  facet normal 0 0 1
    outer loop
      vertex 2.5 -34.15 2.5
      vertex 1.83058 -35.5048 2.5
      vertex 2.3486 -35.7194 2.5
    endloop
  endfacet
  facet normal 0 0 1
    outer loop
      vertex 0.88255 -34.9092 2.5
      vertex 1.99012 -34.0692 2.5
      vertex 1.53015 -33.8349 2.5
    endloop
  endfacet
  facet normal 0 0 1
    outer loop
      vertex 1.99012 -34.0692 2.5
      vertex 1.33984 -35.2336 2.5
      vertex 1.83058 -35.5048 2.5
    endloop
  endfacet
  facet normal 0 0 1
    outer loop
      vertex 0.464465 -34.5355 2.5
      vertex 1.53015 -33.8349 2.5
      vertex 1.16512 -33.4698 2.5
    endloop
  endfacet
  facet normal 0 0 1
    outer loop
      vertex 0.0908422 -34.1174 2.5
      vertex 1.16512 -33.4698 2.5
      vertex 0.930757 -33.0099 2.5
    endloop
  endfacet
  facet normal 0 0 1
    outer loop
      vertex 1.99012 -34.0692 2.5
      vertex 0.88255 -34.9092 2.5
      vertex 1.33984 -35.2336 2.5
    endloop
  endfacet
  facet normal 0 0 1
    outer loop
      vertex -0.504844 -33.1694 2.5
      vertex 0.930757 -33.0099 2.5
      vertex 0.849999 -32.5 2.5
    endloop
  endfacet
  facet normal 0 0 1
    outer loop
      vertex 1.53015 -33.8349 2.5
      vertex 0.464465 -34.5355 2.5
      vertex 0.88255 -34.9092 2.5
    endloop
  endfacet
  facet normal 0 -0 1
    outer loop
      vertex -0.96856 -31.5598 2.5
      vertex 1.16512 -31.5302 2.5
      vertex -1 -31 2.5
    endloop
  endfacet
  facet normal -0 0 1
    outer loop
      vertex -0.504844 33.1694 2.5
      vertex 0.930757 33.0099 2.5
      vertex -0.233621 33.6602 2.5
    endloop
  endfacet
  facet normal 0 0 1
    outer loop
      vertex 1.16512 -31.5302 2.5
      vertex -0.96856 -31.5598 2.5
      vertex 0.930757 -31.9901 2.5
    endloop
  endfacet
  facet normal 0 0 1
    outer loop
      vertex 0.930757 33.0099 2.5
      vertex -0.504844 33.1694 2.5
      vertex 0.849999 32.5 2.5
    endloop
  endfacet
  facet normal 0 -0 1
    outer loop
      vertex -0.87464 -32.1126 2.5
      vertex 0.930757 -31.9901 2.5
      vertex -0.96856 -31.5598 2.5
    endloop
  endfacet
  facet normal -0 0 1
    outer loop
      vertex -0.719417 32.6514 2.5
      vertex 0.849999 32.5 2.5
      vertex -0.504844 33.1694 2.5
    endloop
  endfacet
  facet normal 0 0 1
    outer loop
      vertex 1.16512 -33.4698 2.5
      vertex 0.0908422 -34.1174 2.5
      vertex 0.464465 -34.5355 2.5
    endloop
  endfacet
  facet normal 0 0 1
    outer loop
      vertex -0.87464 32.1126 2.5
      vertex 0.849999 32.5 2.5
      vertex -0.719417 32.6514 2.5
    endloop
  endfacet
  facet normal 0 0 1
    outer loop
      vertex 0.930757 -33.0099 2.5
      vertex -0.233621 -33.6602 2.5
      vertex 0.0908422 -34.1174 2.5
    endloop
  endfacet
  facet normal 0 0 1
    outer loop
      vertex 0.930757 31.9901 2.5
      vertex -0.87464 32.1126 2.5
      vertex -0.96856 31.5598 2.5
    endloop
  endfacet
  facet normal 0 0 1
    outer loop
      vertex 0.930757 -33.0099 2.5
      vertex -0.504844 -33.1694 2.5
      vertex -0.233621 -33.6602 2.5
    endloop
  endfacet
  facet normal 0 0 1
    outer loop
      vertex 1.16512 31.5302 2.5
      vertex -0.96856 31.5598 2.5
      vertex -1 31 2.5
    endloop
  endfacet
  facet normal 0 0 1
    outer loop
      vertex 0.849999 -32.5 2.5
      vertex -0.719417 -32.6514 2.5
      vertex -0.504844 -33.1694 2.5
    endloop
  endfacet
  facet normal 0 0 1
    outer loop
      vertex 0.849999 -32.5 2.5
      vertex -0.87464 -32.1126 2.5
      vertex -0.719417 -32.6514 2.5
    endloop
  endfacet
  facet normal 0 0 1
    outer loop
      vertex 0.930757 -31.9901 2.5
      vertex -0.87464 -32.1126 2.5
      vertex 0.849999 -32.5 2.5
    endloop
  endfacet
  facet normal -0 0 1
    outer loop
      vertex 58.8002 -21.9261 2.5
      vertex 63 -31 2.5
      vertex 58.9629 -21.6317 2.5
    endloop
  endfacet
  facet normal 0 0 1
    outer loop
      vertex 63 -31 2.5
      vertex 60.4698 -31.1651 2.5
      vertex 60.8349 -31.5302 2.5
    endloop
  endfacet
  facet normal -0 0 1
    outer loop
      vertex 58.6055 -22.2005 2.5
      vertex 63 -31 2.5
      vertex 58.8002 -21.9261 2.5
    endloop
  endfacet
  facet normal -0 0 1
    outer loop
      vertex 58.3813 -22.4513 2.5
      vertex 63 -31 2.5
      vertex 58.6055 -22.2005 2.5
    endloop
  endfacet
  facet normal 0 0 1
    outer loop
      vertex 63 -31 2.5
      vertex 60.0099 -30.9308 2.5
      vertex 60.4698 -31.1651 2.5
    endloop
  endfacet
  facet normal 0 0 1
    outer loop
      vertex 63 -31 2.5
      vertex 58.3813 -22.4513 2.5
      vertex 60.0099 -30.9308 2.5
    endloop
  endfacet
  facet normal -0 0 1
    outer loop
      vertex 58.1305 -22.6755 2.5
      vertex 60.0099 -30.9308 2.5
      vertex 58.3813 -22.4513 2.5
    endloop
  endfacet
  facet normal -0 0 1
    outer loop
      vertex 57.8561 -22.8702 2.5
      vertex 60.0099 -30.9308 2.5
      vertex 58.1305 -22.6755 2.5
    endloop
  endfacet
  facet normal 0 0 1
    outer loop
      vertex 60.0099 -30.9308 2.5
      vertex 57.8561 -22.8702 2.5
      vertex 59.5 -30.85 2.5
    endloop
  endfacet
  facet normal -0 0 1
    outer loop
      vertex 57.5616 -23.0329 2.5
      vertex 59.5 -30.85 2.5
      vertex 57.8561 -22.8702 2.5
    endloop
  endfacet
  facet normal -0 0 1
    outer loop
      vertex 57.2508 -23.1616 2.5
      vertex 59.5 -30.85 2.5
      vertex 57.5616 -23.0329 2.5
    endloop
  endfacet
  facet normal 0 0 1
    outer loop
      vertex 59.5 -30.85 2.5
      vertex 57.2508 -23.1616 2.5
      vertex 58.9901 -30.9308 2.5
    endloop
  endfacet
  facet normal -0 0 1
    outer loop
      vertex 56.9276 -23.2548 2.5
      vertex 58.9901 -30.9308 2.5
      vertex 57.2508 -23.1616 2.5
    endloop
  endfacet
  facet normal -0 0 1
    outer loop
      vertex 56.5959 -23.3111 2.5
      vertex 58.9901 -30.9308 2.5
      vertex 56.9276 -23.2548 2.5
    endloop
  endfacet
  facet normal 0 0 1
    outer loop
      vertex 58.9901 -30.9308 2.5
      vertex 56.5959 -23.3111 2.5
      vertex 58.5302 -31.1651 2.5
    endloop
  endfacet
  facet normal -0.453888 -0.891059 0
    outer loop
      vertex 5.20988 26.0692 0
      vertex 5.66985 25.8349 2.5
      vertex 5.20988 26.0692 2.5
    endloop
  endfacet
  facet normal -0.453888 -0.891059 -0
    outer loop
      vertex 5.66985 25.8349 2.5
      vertex 5.20988 26.0692 0
      vertex 5.66985 25.8349 0
    endloop
  endfacet
  facet normal -0.890984 -0.454035 0
    outer loop
      vertex 6.26924 25.0099 0
      vertex 6.03488 25.4698 2.5
      vertex 6.03488 25.4698 0
    endloop
  endfacet
  facet normal -0.890984 -0.454035 0
    outer loop
      vertex 6.03488 25.4698 2.5
      vertex 6.26924 25.0099 0
      vertex 6.26924 25.0099 2.5
    endloop
  endfacet
  facet normal -0.987688 -0.156434 0
    outer loop
      vertex 6.35 24.5 0
      vertex 6.26924 25.0099 2.5
      vertex 6.26924 25.0099 0
    endloop
  endfacet
  facet normal -0.987688 -0.156434 0
    outer loop
      vertex 6.26924 25.0099 2.5
      vertex 6.35 24.5 0
      vertex 6.35 24.5 2.5
    endloop
  endfacet
  facet normal -0.707175 -0.707039 0
    outer loop
      vertex 6.03488 25.4698 0
      vertex 5.66985 25.8349 2.5
      vertex 5.66985 25.8349 0
    endloop
  endfacet
  facet normal -0.707175 -0.707039 0
    outer loop
      vertex 5.66985 25.8349 2.5
      vertex 6.03488 25.4698 0
      vertex 6.03488 25.4698 2.5
    endloop
  endfacet
  facet normal 0.987688 -0.156434 0
    outer loop
      vertex 3.05 24.5 2.5
      vertex 3.13076 25.0099 0
      vertex 3.13076 25.0099 2.5
    endloop
  endfacet
  facet normal 0.987688 -0.156434 0
    outer loop
      vertex 3.13076 25.0099 0
      vertex 3.05 24.5 2.5
      vertex 3.05 24.5 0
    endloop
  endfacet
  facet normal 0.453888 -0.891059 0
    outer loop
      vertex 3.73015 25.8349 0
      vertex 4.19012 26.0692 2.5
      vertex 3.73015 25.8349 2.5
    endloop
  endfacet
  facet normal 0.453888 -0.891059 0
    outer loop
      vertex 4.19012 26.0692 2.5
      vertex 3.73015 25.8349 0
      vertex 4.19012 26.0692 0
    endloop
  endfacet
  facet normal -0.890984 0.454035 0
    outer loop
      vertex 6.03488 23.5302 0
      vertex 6.26924 23.9901 2.5
      vertex 6.26924 23.9901 0
    endloop
  endfacet
  facet normal -0.890984 0.454035 0
    outer loop
      vertex 6.26924 23.9901 2.5
      vertex 6.03488 23.5302 0
      vertex 6.03488 23.5302 2.5
    endloop
  endfacet
  facet normal -0.987688 0.156434 0
    outer loop
      vertex 6.26924 23.9901 0
      vertex 6.35 24.5 2.5
      vertex 6.35 24.5 0
    endloop
  endfacet
  facet normal -0.987688 0.156434 0
    outer loop
      vertex 6.35 24.5 2.5
      vertex 6.26924 23.9901 0
      vertex 6.26924 23.9901 2.5
    endloop
  endfacet
  facet normal -0.156516 -0.987675 0
    outer loop
      vertex 4.7 26.15 0
      vertex 5.20988 26.0692 2.5
      vertex 4.7 26.15 2.5
    endloop
  endfacet
  facet normal -0.156516 -0.987675 -0
    outer loop
      vertex 5.20988 26.0692 2.5
      vertex 4.7 26.15 0
      vertex 5.20988 26.0692 0
    endloop
  endfacet
  facet normal 0.156516 0.987675 -0
    outer loop
      vertex 4.7 22.85 0
      vertex 4.19012 22.9308 2.5
      vertex 4.7 22.85 2.5
    endloop
  endfacet
  facet normal 0.156516 0.987675 0
    outer loop
      vertex 4.19012 22.9308 2.5
      vertex 4.7 22.85 0
      vertex 4.19012 22.9308 0
    endloop
  endfacet
  facet normal -0.156516 0.987675 0
    outer loop
      vertex 5.20988 22.9308 0
      vertex 4.7 22.85 2.5
      vertex 5.20988 22.9308 2.5
    endloop
  endfacet
  facet normal -0.156516 0.987675 0
    outer loop
      vertex 4.7 22.85 2.5
      vertex 5.20988 22.9308 0
      vertex 4.7 22.85 0
    endloop
  endfacet
  facet normal 0.707175 0.707039 0
    outer loop
      vertex 3.73015 23.1651 2.5
      vertex 3.36512 23.5302 0
      vertex 3.36512 23.5302 2.5
    endloop
  endfacet
  facet normal 0.707175 0.707039 0
    outer loop
      vertex 3.36512 23.5302 0
      vertex 3.73015 23.1651 2.5
      vertex 3.73015 23.1651 0
    endloop
  endfacet
  facet normal 0.707175 -0.707039 0
    outer loop
      vertex 3.36512 25.4698 2.5
      vertex 3.73015 25.8349 0
      vertex 3.73015 25.8349 2.5
    endloop
  endfacet
  facet normal 0.707175 -0.707039 0
    outer loop
      vertex 3.73015 25.8349 0
      vertex 3.36512 25.4698 2.5
      vertex 3.36512 25.4698 0
    endloop
  endfacet
  facet normal -0.453888 0.891059 0
    outer loop
      vertex 5.66985 23.1651 0
      vertex 5.20988 22.9308 2.5
      vertex 5.66985 23.1651 2.5
    endloop
  endfacet
  facet normal -0.453888 0.891059 0
    outer loop
      vertex 5.20988 22.9308 2.5
      vertex 5.66985 23.1651 0
      vertex 5.20988 22.9308 0
    endloop
  endfacet
  facet normal 0.890984 -0.454035 0
    outer loop
      vertex 3.13076 25.0099 2.5
      vertex 3.36512 25.4698 0
      vertex 3.36512 25.4698 2.5
    endloop
  endfacet
  facet normal 0.890984 -0.454035 0
    outer loop
      vertex 3.36512 25.4698 0
      vertex 3.13076 25.0099 2.5
      vertex 3.13076 25.0099 0
    endloop
  endfacet
  facet normal 0.156516 -0.987675 0
    outer loop
      vertex 4.19012 26.0692 0
      vertex 4.7 26.15 2.5
      vertex 4.19012 26.0692 2.5
    endloop
  endfacet
  facet normal 0.156516 -0.987675 0
    outer loop
      vertex 4.7 26.15 2.5
      vertex 4.19012 26.0692 0
      vertex 4.7 26.15 0
    endloop
  endfacet
  facet normal 0.987688 0.156434 0
    outer loop
      vertex 3.13076 23.9901 2.5
      vertex 3.05 24.5 0
      vertex 3.05 24.5 2.5
    endloop
  endfacet
  facet normal 0.987688 0.156434 0
    outer loop
      vertex 3.05 24.5 0
      vertex 3.13076 23.9901 2.5
      vertex 3.13076 23.9901 0
    endloop
  endfacet
  facet normal -0.707175 0.707039 0
    outer loop
      vertex 5.66985 23.1651 0
      vertex 6.03488 23.5302 2.5
      vertex 6.03488 23.5302 0
    endloop
  endfacet
  facet normal -0.707175 0.707039 0
    outer loop
      vertex 6.03488 23.5302 2.5
      vertex 5.66985 23.1651 0
      vertex 5.66985 23.1651 2.5
    endloop
  endfacet
  facet normal 0.890984 0.454035 0
    outer loop
      vertex 3.36512 23.5302 2.5
      vertex 3.13076 23.9901 0
      vertex 3.13076 23.9901 2.5
    endloop
  endfacet
  facet normal 0.890984 0.454035 0
    outer loop
      vertex 3.13076 23.9901 0
      vertex 3.36512 23.5302 2.5
      vertex 3.36512 23.5302 0
    endloop
  endfacet
  facet normal 0.453888 0.891059 -0
    outer loop
      vertex 4.19012 22.9308 0
      vertex 3.73015 23.1651 2.5
      vertex 4.19012 22.9308 2.5
    endloop
  endfacet
  facet normal 0.453888 0.891059 0
    outer loop
      vertex 3.73015 23.1651 2.5
      vertex 4.19012 22.9308 0
      vertex 3.73015 23.1651 0
    endloop
  endfacet
  facet normal -0.453888 -0.891059 0
    outer loop
      vertex 5.20988 -22.9308 0
      vertex 5.66985 -23.1651 2.5
      vertex 5.20988 -22.9308 2.5
    endloop
  endfacet
  facet normal -0.453888 -0.891059 -0
    outer loop
      vertex 5.66985 -23.1651 2.5
      vertex 5.20988 -22.9308 0
      vertex 5.66985 -23.1651 0
    endloop
  endfacet
  facet normal -0.890984 -0.454035 0
    outer loop
      vertex 6.26924 -23.9901 0
      vertex 6.03488 -23.5302 2.5
      vertex 6.03488 -23.5302 0
    endloop
  endfacet
  facet normal -0.890984 -0.454035 0
    outer loop
      vertex 6.03488 -23.5302 2.5
      vertex 6.26924 -23.9901 0
      vertex 6.26924 -23.9901 2.5
    endloop
  endfacet
  facet normal -0.987688 -0.156434 0
    outer loop
      vertex 6.35 -24.5 0
      vertex 6.26924 -23.9901 2.5
      vertex 6.26924 -23.9901 0
    endloop
  endfacet
  facet normal -0.987688 -0.156434 0
    outer loop
      vertex 6.26924 -23.9901 2.5
      vertex 6.35 -24.5 0
      vertex 6.35 -24.5 2.5
    endloop
  endfacet
  facet normal -0.707175 -0.707039 0
    outer loop
      vertex 6.03488 -23.5302 0
      vertex 5.66985 -23.1651 2.5
      vertex 5.66985 -23.1651 0
    endloop
  endfacet
  facet normal -0.707175 -0.707039 0
    outer loop
      vertex 5.66985 -23.1651 2.5
      vertex 6.03488 -23.5302 0
      vertex 6.03488 -23.5302 2.5
    endloop
  endfacet
  facet normal 0.987688 -0.156434 0
    outer loop
      vertex 3.05 -24.5 2.5
      vertex 3.13076 -23.9901 0
      vertex 3.13076 -23.9901 2.5
    endloop
  endfacet
  facet normal 0.987688 -0.156434 0
    outer loop
      vertex 3.13076 -23.9901 0
      vertex 3.05 -24.5 2.5
      vertex 3.05 -24.5 0
    endloop
  endfacet
  facet normal 0.453888 -0.891059 0
    outer loop
      vertex 3.73015 -23.1651 0
      vertex 4.19012 -22.9308 2.5
      vertex 3.73015 -23.1651 2.5
    endloop
  endfacet
  facet normal 0.453888 -0.891059 0
    outer loop
      vertex 4.19012 -22.9308 2.5
      vertex 3.73015 -23.1651 0
      vertex 4.19012 -22.9308 0
    endloop
  endfacet
  facet normal -0.890984 0.454035 0
    outer loop
      vertex 6.03488 -25.4698 0
      vertex 6.26924 -25.0099 2.5
      vertex 6.26924 -25.0099 0
    endloop
  endfacet
  facet normal -0.890984 0.454035 0
    outer loop
      vertex 6.26924 -25.0099 2.5
      vertex 6.03488 -25.4698 0
      vertex 6.03488 -25.4698 2.5
    endloop
  endfacet
  facet normal -0.987688 0.156434 0
    outer loop
      vertex 6.26924 -25.0099 0
      vertex 6.35 -24.5 2.5
      vertex 6.35 -24.5 0
    endloop
  endfacet
  facet normal -0.987688 0.156434 0
    outer loop
      vertex 6.35 -24.5 2.5
      vertex 6.26924 -25.0099 0
      vertex 6.26924 -25.0099 2.5
    endloop
  endfacet
  facet normal -0.156516 -0.987675 0
    outer loop
      vertex 4.7 -22.85 0
      vertex 5.20988 -22.9308 2.5
      vertex 4.7 -22.85 2.5
    endloop
  endfacet
  facet normal -0.156516 -0.987675 -0
    outer loop
      vertex 5.20988 -22.9308 2.5
      vertex 4.7 -22.85 0
      vertex 5.20988 -22.9308 0
    endloop
  endfacet
  facet normal 0.156516 0.987675 -0
    outer loop
      vertex 4.7 -26.15 0
      vertex 4.19012 -26.0692 2.5
      vertex 4.7 -26.15 2.5
    endloop
  endfacet
  facet normal 0.156516 0.987675 0
    outer loop
      vertex 4.19012 -26.0692 2.5
      vertex 4.7 -26.15 0
      vertex 4.19012 -26.0692 0
    endloop
  endfacet
  facet normal -0.156516 0.987675 0
    outer loop
      vertex 5.20988 -26.0692 0
      vertex 4.7 -26.15 2.5
      vertex 5.20988 -26.0692 2.5
    endloop
  endfacet
  facet normal -0.156516 0.987675 0
    outer loop
      vertex 4.7 -26.15 2.5
      vertex 5.20988 -26.0692 0
      vertex 4.7 -26.15 0
    endloop
  endfacet
  facet normal 0.707175 0.707039 0
    outer loop
      vertex 3.73015 -25.8349 2.5
      vertex 3.36512 -25.4698 0
      vertex 3.36512 -25.4698 2.5
    endloop
  endfacet
  facet normal 0.707175 0.707039 0
    outer loop
      vertex 3.36512 -25.4698 0
      vertex 3.73015 -25.8349 2.5
      vertex 3.73015 -25.8349 0
    endloop
  endfacet
  facet normal 0.707175 -0.707039 0
    outer loop
      vertex 3.36512 -23.5302 2.5
      vertex 3.73015 -23.1651 0
      vertex 3.73015 -23.1651 2.5
    endloop
  endfacet
  facet normal 0.707175 -0.707039 0
    outer loop
      vertex 3.73015 -23.1651 0
      vertex 3.36512 -23.5302 2.5
      vertex 3.36512 -23.5302 0
    endloop
  endfacet
  facet normal 0.156516 -0.987675 0
    outer loop
      vertex 4.19012 -22.9308 0
      vertex 4.7 -22.85 2.5
      vertex 4.19012 -22.9308 2.5
    endloop
  endfacet
  facet normal 0.156516 -0.987675 0
    outer loop
      vertex 4.7 -22.85 2.5
      vertex 4.19012 -22.9308 0
      vertex 4.7 -22.85 0
    endloop
  endfacet
  facet normal -0.453888 0.891059 0
    outer loop
      vertex 5.66985 -25.8349 0
      vertex 5.20988 -26.0692 2.5
      vertex 5.66985 -25.8349 2.5
    endloop
  endfacet
  facet normal -0.453888 0.891059 0
    outer loop
      vertex 5.20988 -26.0692 2.5
      vertex 5.66985 -25.8349 0
      vertex 5.20988 -26.0692 0
    endloop
  endfacet
  facet normal 0.890984 -0.454035 0
    outer loop
      vertex 3.13076 -23.9901 2.5
      vertex 3.36512 -23.5302 0
      vertex 3.36512 -23.5302 2.5
    endloop
  endfacet
  facet normal 0.890984 -0.454035 0
    outer loop
      vertex 3.36512 -23.5302 0
      vertex 3.13076 -23.9901 2.5
      vertex 3.13076 -23.9901 0
    endloop
  endfacet
  facet normal 0.987688 0.156434 0
    outer loop
      vertex 3.13076 -25.0099 2.5
      vertex 3.05 -24.5 0
      vertex 3.05 -24.5 2.5
    endloop
  endfacet
  facet normal 0.987688 0.156434 0
    outer loop
      vertex 3.05 -24.5 0
      vertex 3.13076 -25.0099 2.5
      vertex 3.13076 -25.0099 0
    endloop
  endfacet
  facet normal -0.707175 0.707039 0
    outer loop
      vertex 5.66985 -25.8349 0
      vertex 6.03488 -25.4698 2.5
      vertex 6.03488 -25.4698 0
    endloop
  endfacet
  facet normal -0.707175 0.707039 0
    outer loop
      vertex 6.03488 -25.4698 2.5
      vertex 5.66985 -25.8349 0
      vertex 5.66985 -25.8349 2.5
    endloop
  endfacet
  facet normal 0.890984 0.454035 0
    outer loop
      vertex 3.36512 -25.4698 2.5
      vertex 3.13076 -25.0099 0
      vertex 3.13076 -25.0099 2.5
    endloop
  endfacet
  facet normal 0.890984 0.454035 0
    outer loop
      vertex 3.13076 -25.0099 0
      vertex 3.36512 -25.4698 2.5
      vertex 3.36512 -25.4698 0
    endloop
  endfacet
  facet normal 0.453888 0.891059 -0
    outer loop
      vertex 4.19012 -26.0692 0
      vertex 3.73015 -25.8349 2.5
      vertex 4.19012 -26.0692 2.5
    endloop
  endfacet
  facet normal 0.453888 0.891059 0
    outer loop
      vertex 3.73015 -25.8349 2.5
      vertex 4.19012 -26.0692 0
      vertex 3.73015 -25.8349 0
    endloop
  endfacet
  facet normal -0.15651 -0.987676 0
    outer loop
      vertex 25 26.15 0
      vertex 25.5099 26.0692 2.5
      vertex 25 26.15 2.5
    endloop
  endfacet
  facet normal -0.15651 -0.987676 -0
    outer loop
      vertex 25.5099 26.0692 2.5
      vertex 25 26.15 0
      vertex 25.5099 26.0692 0
    endloop
  endfacet
  facet normal -0.891031 -0.453943 0
    outer loop
      vertex 26.5692 25.0099 0
      vertex 26.3349 25.4698 2.5
      vertex 26.3349 25.4698 0
    endloop
  endfacet
  facet normal -0.891031 -0.453943 0
    outer loop
      vertex 26.3349 25.4698 2.5
      vertex 26.5692 25.0099 0
      vertex 26.5692 25.0099 2.5
    endloop
  endfacet
  facet normal -0.987676 -0.15651 0
    outer loop
      vertex 26.65 24.5 0
      vertex 26.5692 25.0099 2.5
      vertex 26.5692 25.0099 0
    endloop
  endfacet
  facet normal -0.987676 -0.15651 0
    outer loop
      vertex 26.5692 25.0099 2.5
      vertex 26.65 24.5 0
      vertex 26.65 24.5 2.5
    endloop
  endfacet
  facet normal -0.707107 -0.707107 0
    outer loop
      vertex 26.3349 25.4698 0
      vertex 25.9698 25.8349 2.5
      vertex 25.9698 25.8349 0
    endloop
  endfacet
  facet normal -0.707107 -0.707107 0
    outer loop
      vertex 25.9698 25.8349 2.5
      vertex 26.3349 25.4698 0
      vertex 26.3349 25.4698 2.5
    endloop
  endfacet
  facet normal -0.707107 0.707107 0
    outer loop
      vertex 25.9698 23.1651 0
      vertex 26.3349 23.5302 2.5
      vertex 26.3349 23.5302 0
    endloop
  endfacet
  facet normal -0.707107 0.707107 0
    outer loop
      vertex 26.3349 23.5302 2.5
      vertex 25.9698 23.1651 0
      vertex 25.9698 23.1651 2.5
    endloop
  endfacet
  facet normal -0.453943 0.891031 0
    outer loop
      vertex 25.9698 23.1651 0
      vertex 25.5099 22.9308 2.5
      vertex 25.9698 23.1651 2.5
    endloop
  endfacet
  facet normal -0.453943 0.891031 0
    outer loop
      vertex 25.5099 22.9308 2.5
      vertex 25.9698 23.1651 0
      vertex 25.5099 22.9308 0
    endloop
  endfacet
  facet normal 0.891031 -0.453943 0
    outer loop
      vertex 23.4308 25.0099 2.5
      vertex 23.6651 25.4698 0
      vertex 23.6651 25.4698 2.5
    endloop
  endfacet
  facet normal 0.891031 -0.453943 0
    outer loop
      vertex 23.6651 25.4698 0
      vertex 23.4308 25.0099 2.5
      vertex 23.4308 25.0099 0
    endloop
  endfacet
  facet normal 0.707107 -0.707107 0
    outer loop
      vertex 23.6651 25.4698 0
      vertex 24.0302 25.8349 2.5
      vertex 23.6651 25.4698 2.5
    endloop
  endfacet
  facet normal 0.707107 -0.707107 0
    outer loop
      vertex 24.0302 25.8349 2.5
      vertex 23.6651 25.4698 0
      vertex 24.0302 25.8349 0
    endloop
  endfacet
  facet normal -0.891031 0.453943 0
    outer loop
      vertex 26.3349 23.5302 0
      vertex 26.5692 23.9901 2.5
      vertex 26.5692 23.9901 0
    endloop
  endfacet
  facet normal -0.891031 0.453943 0
    outer loop
      vertex 26.5692 23.9901 2.5
      vertex 26.3349 23.5302 0
      vertex 26.3349 23.5302 2.5
    endloop
  endfacet
  facet normal 0.15651 0.987676 -0
    outer loop
      vertex 25 22.85 0
      vertex 24.4901 22.9308 2.5
      vertex 25 22.85 2.5
    endloop
  endfacet
  facet normal 0.15651 0.987676 0
    outer loop
      vertex 24.4901 22.9308 2.5
      vertex 25 22.85 0
      vertex 24.4901 22.9308 0
    endloop
  endfacet
  facet normal 0.15651 -0.987676 0
    outer loop
      vertex 24.4901 26.0692 0
      vertex 25 26.15 2.5
      vertex 24.4901 26.0692 2.5
    endloop
  endfacet
  facet normal 0.15651 -0.987676 0
    outer loop
      vertex 25 26.15 2.5
      vertex 24.4901 26.0692 0
      vertex 25 26.15 0
    endloop
  endfacet
  facet normal -0.987676 0.15651 0
    outer loop
      vertex 26.5692 23.9901 0
      vertex 26.65 24.5 2.5
      vertex 26.65 24.5 0
    endloop
  endfacet
  facet normal -0.987676 0.15651 0
    outer loop
      vertex 26.65 24.5 2.5
      vertex 26.5692 23.9901 0
      vertex 26.5692 23.9901 2.5
    endloop
  endfacet
  facet normal 0.707107 0.707107 0
    outer loop
      vertex 24.0302 23.1651 2.5
      vertex 23.6651 23.5302 0
      vertex 23.6651 23.5302 2.5
    endloop
  endfacet
  facet normal 0.707107 0.707107 0
    outer loop
      vertex 23.6651 23.5302 0
      vertex 24.0302 23.1651 2.5
      vertex 24.0302 23.1651 0
    endloop
  endfacet
  facet normal 0.453943 -0.891031 0
    outer loop
      vertex 24.0302 25.8349 0
      vertex 24.4901 26.0692 2.5
      vertex 24.0302 25.8349 2.5
    endloop
  endfacet
  facet normal 0.453943 -0.891031 0
    outer loop
      vertex 24.4901 26.0692 2.5
      vertex 24.0302 25.8349 0
      vertex 24.4901 26.0692 0
    endloop
  endfacet
  facet normal 0.987676 0.15651 0
    outer loop
      vertex 23.4308 23.9901 2.5
      vertex 23.35 24.5 0
      vertex 23.35 24.5 2.5
    endloop
  endfacet
  facet normal 0.987676 0.15651 0
    outer loop
      vertex 23.35 24.5 0
      vertex 23.4308 23.9901 2.5
      vertex 23.4308 23.9901 0
    endloop
  endfacet
  facet normal -0.15651 0.987676 0
    outer loop
      vertex 25.5099 22.9308 0
      vertex 25 22.85 2.5
      vertex 25.5099 22.9308 2.5
    endloop
  endfacet
  facet normal -0.15651 0.987676 0
    outer loop
      vertex 25 22.85 2.5
      vertex 25.5099 22.9308 0
      vertex 25 22.85 0
    endloop
  endfacet
  facet normal -0.453943 -0.891031 0
    outer loop
      vertex 25.5099 26.0692 0
      vertex 25.9698 25.8349 2.5
      vertex 25.5099 26.0692 2.5
    endloop
  endfacet
  facet normal -0.453943 -0.891031 -0
    outer loop
      vertex 25.9698 25.8349 2.5
      vertex 25.5099 26.0692 0
      vertex 25.9698 25.8349 0
    endloop
  endfacet
  facet normal 0.891031 0.453943 0
    outer loop
      vertex 23.6651 23.5302 2.5
      vertex 23.4308 23.9901 0
      vertex 23.4308 23.9901 2.5
    endloop
  endfacet
  facet normal 0.891031 0.453943 0
    outer loop
      vertex 23.4308 23.9901 0
      vertex 23.6651 23.5302 2.5
      vertex 23.6651 23.5302 0
    endloop
  endfacet
  facet normal 0.987676 -0.15651 0
    outer loop
      vertex 23.35 24.5 2.5
      vertex 23.4308 25.0099 0
      vertex 23.4308 25.0099 2.5
    endloop
  endfacet
  facet normal 0.987676 -0.15651 0
    outer loop
      vertex 23.4308 25.0099 0
      vertex 23.35 24.5 2.5
      vertex 23.35 24.5 0
    endloop
  endfacet
  facet normal 0.453943 0.891031 -0
    outer loop
      vertex 24.4901 22.9308 0
      vertex 24.0302 23.1651 2.5
      vertex 24.4901 22.9308 2.5
    endloop
  endfacet
  facet normal 0.453943 0.891031 0
    outer loop
      vertex 24.0302 23.1651 2.5
      vertex 24.4901 22.9308 0
      vertex 24.0302 23.1651 0
    endloop
  endfacet
  facet normal 0.987676 0.15651 0
    outer loop
      vertex 23.4308 -25.0099 2.5
      vertex 23.35 -24.5 0
      vertex 23.35 -24.5 2.5
    endloop
  endfacet
  facet normal 0.987676 0.15651 0
    outer loop
      vertex 23.35 -24.5 0
      vertex 23.4308 -25.0099 2.5
      vertex 23.4308 -25.0099 0
    endloop
  endfacet
  facet normal -0.891031 -0.453943 0
    outer loop
      vertex 26.5692 -23.9901 0
      vertex 26.3349 -23.5302 2.5
      vertex 26.3349 -23.5302 0
    endloop
  endfacet
  facet normal -0.891031 -0.453943 0
    outer loop
      vertex 26.3349 -23.5302 2.5
      vertex 26.5692 -23.9901 0
      vertex 26.5692 -23.9901 2.5
    endloop
  endfacet
  facet normal -0.987676 -0.15651 0
    outer loop
      vertex 26.65 -24.5 0
      vertex 26.5692 -23.9901 2.5
      vertex 26.5692 -23.9901 0
    endloop
  endfacet
  facet normal -0.987676 -0.15651 0
    outer loop
      vertex 26.5692 -23.9901 2.5
      vertex 26.65 -24.5 0
      vertex 26.65 -24.5 2.5
    endloop
  endfacet
  facet normal -0.707107 -0.707107 0
    outer loop
      vertex 26.3349 -23.5302 0
      vertex 25.9698 -23.1651 2.5
      vertex 25.9698 -23.1651 0
    endloop
  endfacet
  facet normal -0.707107 -0.707107 0
    outer loop
      vertex 25.9698 -23.1651 2.5
      vertex 26.3349 -23.5302 0
      vertex 26.3349 -23.5302 2.5
    endloop
  endfacet
  facet normal -0.707107 0.707107 0
    outer loop
      vertex 25.9698 -25.8349 0
      vertex 26.3349 -25.4698 2.5
      vertex 26.3349 -25.4698 0
    endloop
  endfacet
  facet normal -0.707107 0.707107 0
    outer loop
      vertex 26.3349 -25.4698 2.5
      vertex 25.9698 -25.8349 0
      vertex 25.9698 -25.8349 2.5
    endloop
  endfacet
  facet normal 0.15651 -0.987676 0
    outer loop
      vertex 24.4901 -22.9308 0
      vertex 25 -22.85 2.5
      vertex 24.4901 -22.9308 2.5
    endloop
  endfacet
  facet normal 0.15651 -0.987676 0
    outer loop
      vertex 25 -22.85 2.5
      vertex 24.4901 -22.9308 0
      vertex 25 -22.85 0
    endloop
  endfacet
  facet normal -0.15651 -0.987676 0
    outer loop
      vertex 25 -22.85 0
      vertex 25.5099 -22.9308 2.5
      vertex 25 -22.85 2.5
    endloop
  endfacet
  facet normal -0.15651 -0.987676 -0
    outer loop
      vertex 25.5099 -22.9308 2.5
      vertex 25 -22.85 0
      vertex 25.5099 -22.9308 0
    endloop
  endfacet
  facet normal 0.891031 0.453943 0
    outer loop
      vertex 23.6651 -25.4698 2.5
      vertex 23.4308 -25.0099 0
      vertex 23.4308 -25.0099 2.5
    endloop
  endfacet
  facet normal 0.891031 0.453943 0
    outer loop
      vertex 23.4308 -25.0099 0
      vertex 23.6651 -25.4698 2.5
      vertex 23.6651 -25.4698 0
    endloop
  endfacet
  facet normal -0.453943 -0.891031 0
    outer loop
      vertex 25.5099 -22.9308 0
      vertex 25.9698 -23.1651 2.5
      vertex 25.5099 -22.9308 2.5
    endloop
  endfacet
  facet normal -0.453943 -0.891031 -0
    outer loop
      vertex 25.9698 -23.1651 2.5
      vertex 25.5099 -22.9308 0
      vertex 25.9698 -23.1651 0
    endloop
  endfacet
  facet normal 0.15651 0.987676 -0
    outer loop
      vertex 25 -26.15 0
      vertex 24.4901 -26.0692 2.5
      vertex 25 -26.15 2.5
    endloop
  endfacet
  facet normal 0.15651 0.987676 0
    outer loop
      vertex 24.4901 -26.0692 2.5
      vertex 25 -26.15 0
      vertex 24.4901 -26.0692 0
    endloop
  endfacet
  facet normal 0.453943 -0.891031 0
    outer loop
      vertex 24.0302 -23.1651 0
      vertex 24.4901 -22.9308 2.5
      vertex 24.0302 -23.1651 2.5
    endloop
  endfacet
  facet normal 0.453943 -0.891031 0
    outer loop
      vertex 24.4901 -22.9308 2.5
      vertex 24.0302 -23.1651 0
      vertex 24.4901 -22.9308 0
    endloop
  endfacet
  facet normal -0.15651 0.987676 0
    outer loop
      vertex 25.5099 -26.0692 0
      vertex 25 -26.15 2.5
      vertex 25.5099 -26.0692 2.5
    endloop
  endfacet
  facet normal -0.15651 0.987676 0
    outer loop
      vertex 25 -26.15 2.5
      vertex 25.5099 -26.0692 0
      vertex 25 -26.15 0
    endloop
  endfacet
  facet normal -0.453943 0.891031 0
    outer loop
      vertex 25.9698 -25.8349 0
      vertex 25.5099 -26.0692 2.5
      vertex 25.9698 -25.8349 2.5
    endloop
  endfacet
  facet normal -0.453943 0.891031 0
    outer loop
      vertex 25.5099 -26.0692 2.5
      vertex 25.9698 -25.8349 0
      vertex 25.5099 -26.0692 0
    endloop
  endfacet
  facet normal 0.707107 0.707107 -0
    outer loop
      vertex 24.0302 -25.8349 0
      vertex 23.6651 -25.4698 2.5
      vertex 24.0302 -25.8349 2.5
    endloop
  endfacet
  facet normal 0.707107 0.707107 0
    outer loop
      vertex 23.6651 -25.4698 2.5
      vertex 24.0302 -25.8349 0
      vertex 23.6651 -25.4698 0
    endloop
  endfacet
  facet normal 0.891031 -0.453943 0
    outer loop
      vertex 23.4308 -23.9901 2.5
      vertex 23.6651 -23.5302 0
      vertex 23.6651 -23.5302 2.5
    endloop
  endfacet
  facet normal 0.891031 -0.453943 0
    outer loop
      vertex 23.6651 -23.5302 0
      vertex 23.4308 -23.9901 2.5
      vertex 23.4308 -23.9901 0
    endloop
  endfacet
  facet normal 0.707107 -0.707107 0
    outer loop
      vertex 23.6651 -23.5302 2.5
      vertex 24.0302 -23.1651 0
      vertex 24.0302 -23.1651 2.5
    endloop
  endfacet
  facet normal 0.707107 -0.707107 0
    outer loop
      vertex 24.0302 -23.1651 0
      vertex 23.6651 -23.5302 2.5
      vertex 23.6651 -23.5302 0
    endloop
  endfacet
  facet normal -0.891031 0.453943 0
    outer loop
      vertex 26.3349 -25.4698 0
      vertex 26.5692 -25.0099 2.5
      vertex 26.5692 -25.0099 0
    endloop
  endfacet
  facet normal -0.891031 0.453943 0
    outer loop
      vertex 26.5692 -25.0099 2.5
      vertex 26.3349 -25.4698 0
      vertex 26.3349 -25.4698 2.5
    endloop
  endfacet
  facet normal -0.987676 0.15651 0
    outer loop
      vertex 26.5692 -25.0099 0
      vertex 26.65 -24.5 2.5
      vertex 26.65 -24.5 0
    endloop
  endfacet
  facet normal -0.987676 0.15651 0
    outer loop
      vertex 26.65 -24.5 2.5
      vertex 26.5692 -25.0099 0
      vertex 26.5692 -25.0099 2.5
    endloop
  endfacet
  facet normal 0.453943 0.891031 -0
    outer loop
      vertex 24.4901 -26.0692 0
      vertex 24.0302 -25.8349 2.5
      vertex 24.4901 -26.0692 2.5
    endloop
  endfacet
  facet normal 0.453943 0.891031 0
    outer loop
      vertex 24.0302 -25.8349 2.5
      vertex 24.4901 -26.0692 0
      vertex 24.0302 -25.8349 0
    endloop
  endfacet
  facet normal 0.987676 -0.15651 0
    outer loop
      vertex 23.35 -24.5 2.5
      vertex 23.4308 -23.9901 0
      vertex 23.4308 -23.9901 2.5
    endloop
  endfacet
  facet normal 0.987676 -0.15651 0
    outer loop
      vertex 23.4308 -23.9901 0
      vertex 23.35 -24.5 2.5
      vertex 23.35 -24.5 0
    endloop
  endfacet
  facet normal 0.980809 -0.194973 0
    outer loop
      vertex 55.01 -20.33 7.5
      vertex 55.1051 -19.8516 1.5
      vertex 55.1051 -19.8516 7.5
    endloop
  endfacet
  facet normal 0.980809 -0.194973 0
    outer loop
      vertex 55.1051 -19.8516 1.5
      vertex 55.01 -20.33 7.5
      vertex 55.01 -20.33 1.5
    endloop
  endfacet
  facet normal 0 0 1
    outer loop
      vertex 57.4148 -19.8516 1.5
      vertex 57.4148 -20.8084 1.5
      vertex 57.51 -20.33 1.5
    endloop
  endfacet
  facet normal 0 0 1
    outer loop
      vertex 57.1439 -19.4461 1.5
      vertex 57.4148 -20.8084 1.5
      vertex 57.4148 -19.8516 1.5
    endloop
  endfacet
  facet normal 0 0 1
    outer loop
      vertex 57.1439 -19.4461 1.5
      vertex 57.1439 -21.2139 1.5
      vertex 57.4148 -20.8084 1.5
    endloop
  endfacet
  facet normal 0 0 1
    outer loop
      vertex 56.7384 -19.1751 1.5
      vertex 57.1439 -21.2139 1.5
      vertex 57.1439 -19.4461 1.5
    endloop
  endfacet
  facet normal 0 0 1
    outer loop
      vertex 56.7384 -19.1751 1.5
      vertex 56.7384 -21.4848 1.5
      vertex 57.1439 -21.2139 1.5
    endloop
  endfacet
  facet normal 0 0 1
    outer loop
      vertex 56.26 -19.08 1.5
      vertex 56.7384 -21.4848 1.5
      vertex 56.7384 -19.1751 1.5
    endloop
  endfacet
  facet normal 0 0 1
    outer loop
      vertex 56.26 -19.08 1.5
      vertex 56.26 -21.58 1.5
      vertex 56.7384 -21.4848 1.5
    endloop
  endfacet
  facet normal -0 0 1
    outer loop
      vertex 55.7816 -19.1751 1.5
      vertex 56.26 -21.58 1.5
      vertex 56.26 -19.08 1.5
    endloop
  endfacet
  facet normal 0 0 1
    outer loop
      vertex 55.7816 -19.1751 1.5
      vertex 55.7816 -21.4848 1.5
      vertex 56.26 -21.58 1.5
    endloop
  endfacet
  facet normal -0 0 1
    outer loop
      vertex 55.3761 -19.4461 1.5
      vertex 55.7816 -21.4848 1.5
      vertex 55.7816 -19.1751 1.5
    endloop
  endfacet
  facet normal 0 0 1
    outer loop
      vertex 55.3761 -19.4461 1.5
      vertex 55.3761 -21.2139 1.5
      vertex 55.7816 -21.4848 1.5
    endloop
  endfacet
  facet normal -0 0 1
    outer loop
      vertex 55.1051 -19.8516 1.5
      vertex 55.3761 -21.2139 1.5
      vertex 55.3761 -19.4461 1.5
    endloop
  endfacet
  facet normal 0 0 1
    outer loop
      vertex 55.1051 -19.8516 1.5
      vertex 55.1051 -20.8084 1.5
      vertex 55.3761 -21.2139 1.5
    endloop
  endfacet
  facet normal 0 -0 1
    outer loop
      vertex 55.1051 -20.8084 1.5
      vertex 55.1051 -19.8516 1.5
      vertex 55.01 -20.33 1.5
    endloop
  endfacet
  facet normal -0.831514 -0.555504 0
    outer loop
      vertex 57.4148 -19.8516 1.5
      vertex 57.1439 -19.4461 7.5
      vertex 57.1439 -19.4461 1.5
    endloop
  endfacet
  facet normal -0.831514 -0.555504 0
    outer loop
      vertex 57.1439 -19.4461 7.5
      vertex 57.4148 -19.8516 1.5
      vertex 57.4148 -19.8516 7.5
    endloop
  endfacet
  facet normal -0.980769 -0.19517 0
    outer loop
      vertex 57.51 -20.33 1.5
      vertex 57.4148 -19.8516 7.5
      vertex 57.4148 -19.8516 1.5
    endloop
  endfacet
  facet normal -0.980769 -0.19517 0
    outer loop
      vertex 57.4148 -19.8516 7.5
      vertex 57.51 -20.33 1.5
      vertex 57.51 -20.33 7.5
    endloop
  endfacet
  facet normal -0.555646 -0.831419 0
    outer loop
      vertex 56.7384 -19.1751 1.5
      vertex 57.1439 -19.4461 7.5
      vertex 56.7384 -19.1751 7.5
    endloop
  endfacet
  facet normal -0.555646 -0.831419 -0
    outer loop
      vertex 57.1439 -19.4461 7.5
      vertex 56.7384 -19.1751 1.5
      vertex 57.1439 -19.4461 1.5
    endloop
  endfacet
  facet normal -0.19517 0.980769 0
    outer loop
      vertex 56.7384 -21.4848 1.5
      vertex 56.26 -21.58 7.5
      vertex 56.7384 -21.4848 7.5
    endloop
  endfacet
  facet normal -0.19517 0.980769 0
    outer loop
      vertex 56.26 -21.58 7.5
      vertex 56.7384 -21.4848 1.5
      vertex 56.26 -21.58 1.5
    endloop
  endfacet
  facet normal 0.194973 -0.980809 0
    outer loop
      vertex 55.7816 -19.1751 1.5
      vertex 56.26 -19.08 7.5
      vertex 55.7816 -19.1751 7.5
    endloop
  endfacet
  facet normal 0.194973 -0.980809 0
    outer loop
      vertex 56.26 -19.08 7.5
      vertex 55.7816 -19.1751 1.5
      vertex 56.26 -19.08 1.5
    endloop
  endfacet
  facet normal 0.555646 -0.831419 0
    outer loop
      vertex 55.3761 -19.4461 1.5
      vertex 55.7816 -19.1751 7.5
      vertex 55.3761 -19.4461 7.5
    endloop
  endfacet
  facet normal 0.555646 -0.831419 0
    outer loop
      vertex 55.7816 -19.1751 7.5
      vertex 55.3761 -19.4461 1.5
      vertex 55.7816 -19.1751 1.5
    endloop
  endfacet
  facet normal 0.831419 -0.555646 0
    outer loop
      vertex 55.1051 -19.8516 7.5
      vertex 55.3761 -19.4461 1.5
      vertex 55.3761 -19.4461 7.5
    endloop
  endfacet
  facet normal 0.831419 -0.555646 0
    outer loop
      vertex 55.3761 -19.4461 1.5
      vertex 55.1051 -19.8516 7.5
      vertex 55.1051 -19.8516 1.5
    endloop
  endfacet
  facet normal 0.19517 0.980769 -0
    outer loop
      vertex 56.26 -21.58 1.5
      vertex 55.7816 -21.4848 7.5
      vertex 56.26 -21.58 7.5
    endloop
  endfacet
  facet normal 0.19517 0.980769 0
    outer loop
      vertex 55.7816 -21.4848 7.5
      vertex 56.26 -21.58 1.5
      vertex 55.7816 -21.4848 1.5
    endloop
  endfacet
  facet normal -0.194973 -0.980809 0
    outer loop
      vertex 56.26 -19.08 1.5
      vertex 56.7384 -19.1751 7.5
      vertex 56.26 -19.08 7.5
    endloop
  endfacet
  facet normal -0.194973 -0.980809 -0
    outer loop
      vertex 56.7384 -19.1751 7.5
      vertex 56.26 -19.08 1.5
      vertex 56.7384 -19.1751 1.5
    endloop
  endfacet
  facet normal 0.831419 0.555646 0
    outer loop
      vertex 55.3761 -21.2139 7.5
      vertex 55.1051 -20.8084 1.5
      vertex 55.1051 -20.8084 7.5
    endloop
  endfacet
  facet normal 0.831419 0.555646 0
    outer loop
      vertex 55.1051 -20.8084 1.5
      vertex 55.3761 -21.2139 7.5
      vertex 55.3761 -21.2139 1.5
    endloop
  endfacet
  facet normal -0.980769 0.19517 0
    outer loop
      vertex 57.4148 -20.8084 1.5
      vertex 57.51 -20.33 7.5
      vertex 57.51 -20.33 1.5
    endloop
  endfacet
  facet normal -0.980769 0.19517 0
    outer loop
      vertex 57.51 -20.33 7.5
      vertex 57.4148 -20.8084 1.5
      vertex 57.4148 -20.8084 7.5
    endloop
  endfacet
  facet normal -0.555504 0.831514 0
    outer loop
      vertex 57.1439 -21.2139 1.5
      vertex 56.7384 -21.4848 7.5
      vertex 57.1439 -21.2139 7.5
    endloop
  endfacet
  facet normal -0.555504 0.831514 0
    outer loop
      vertex 56.7384 -21.4848 7.5
      vertex 57.1439 -21.2139 1.5
      vertex 56.7384 -21.4848 1.5
    endloop
  endfacet
  facet normal -0.831514 0.555504 0
    outer loop
      vertex 57.1439 -21.2139 1.5
      vertex 57.4148 -20.8084 7.5
      vertex 57.4148 -20.8084 1.5
    endloop
  endfacet
  facet normal -0.831514 0.555504 0
    outer loop
      vertex 57.4148 -20.8084 7.5
      vertex 57.1439 -21.2139 1.5
      vertex 57.1439 -21.2139 7.5
    endloop
  endfacet
  facet normal 0.980809 0.194973 0
    outer loop
      vertex 55.1051 -20.8084 7.5
      vertex 55.01 -20.33 1.5
      vertex 55.01 -20.33 7.5
    endloop
  endfacet
  facet normal 0.980809 0.194973 0
    outer loop
      vertex 55.01 -20.33 1.5
      vertex 55.1051 -20.8084 7.5
      vertex 55.1051 -20.8084 1.5
    endloop
  endfacet
  facet normal 0.555504 0.831514 -0
    outer loop
      vertex 55.7816 -21.4848 1.5
      vertex 55.3761 -21.2139 7.5
      vertex 55.7816 -21.4848 7.5
    endloop
  endfacet
  facet normal 0.555504 0.831514 0
    outer loop
      vertex 55.3761 -21.2139 7.5
      vertex 55.7816 -21.4848 1.5
      vertex 55.3761 -21.2139 1.5
    endloop
  endfacet
  facet normal 0.195189 0.980766 -0
    outer loop
      vertex 8 -20.31 1.5
      vertex 7.52165 -20.2148 7.5
      vertex 8 -20.31 7.5
    endloop
  endfacet
  facet normal 0.195189 0.980766 0
    outer loop
      vertex 7.52165 -20.2148 7.5
      vertex 8 -20.31 1.5
      vertex 7.52165 -20.2148 1.5
    endloop
  endfacet
  facet normal -0.831447 0.555604 0
    outer loop
      vertex 8.88388 -19.9439 1.5
      vertex 9.15485 -19.5384 7.5
      vertex 9.15485 -19.5384 1.5
    endloop
  endfacet
  facet normal -0.831447 0.555604 0
    outer loop
      vertex 9.15485 -19.5384 7.5
      vertex 8.88388 -19.9439 1.5
      vertex 8.88388 -19.9439 7.5
    endloop
  endfacet
  facet normal -0.831447 -0.555604 0
    outer loop
      vertex 9.15485 -18.5816 1.5
      vertex 8.88388 -18.1761 7.5
      vertex 8.88388 -18.1761 1.5
    endloop
  endfacet
  facet normal -0.831447 -0.555604 0
    outer loop
      vertex 8.88388 -18.1761 7.5
      vertex 9.15485 -18.5816 1.5
      vertex 9.15485 -18.5816 7.5
    endloop
  endfacet
  facet normal -0.980789 -0.195071 0
    outer loop
      vertex 9.25 -19.06 1.5
      vertex 9.15485 -18.5816 7.5
      vertex 9.15485 -18.5816 1.5
    endloop
  endfacet
  facet normal -0.980789 -0.195071 0
    outer loop
      vertex 9.15485 -18.5816 7.5
      vertex 9.25 -19.06 1.5
      vertex 9.25 -19.06 7.5
    endloop
  endfacet
  facet normal -0.555476 -0.831533 0
    outer loop
      vertex 8.47835 -17.9052 1.5
      vertex 8.88388 -18.1761 7.5
      vertex 8.47835 -17.9052 7.5
    endloop
  endfacet
  facet normal -0.555476 -0.831533 -0
    outer loop
      vertex 8.88388 -18.1761 7.5
      vertex 8.47835 -17.9052 1.5
      vertex 8.88388 -18.1761 1.5
    endloop
  endfacet
  facet normal -0.195189 -0.980766 0
    outer loop
      vertex 8 -17.81 1.5
      vertex 8.47835 -17.9052 7.5
      vertex 8 -17.81 7.5
    endloop
  endfacet
  facet normal -0.195189 -0.980766 -0
    outer loop
      vertex 8.47835 -17.9052 7.5
      vertex 8 -17.81 1.5
      vertex 8.47835 -17.9052 1.5
    endloop
  endfacet
  facet normal 0.980789 0.195071 0
    outer loop
      vertex 6.84515 -19.5384 7.5
      vertex 6.75 -19.06 1.5
      vertex 6.75 -19.06 7.5
    endloop
  endfacet
  facet normal 0.980789 0.195071 0
    outer loop
      vertex 6.75 -19.06 1.5
      vertex 6.84515 -19.5384 7.5
      vertex 6.84515 -19.5384 1.5
    endloop
  endfacet
  facet normal -0.555476 0.831533 0
    outer loop
      vertex 8.88388 -19.9439 1.5
      vertex 8.47835 -20.2148 7.5
      vertex 8.88388 -19.9439 7.5
    endloop
  endfacet
  facet normal -0.555476 0.831533 0
    outer loop
      vertex 8.47835 -20.2148 7.5
      vertex 8.88388 -19.9439 1.5
      vertex 8.47835 -20.2148 1.5
    endloop
  endfacet
  facet normal 0.831447 -0.555604 0
    outer loop
      vertex 6.84515 -18.5816 7.5
      vertex 7.11612 -18.1761 1.5
      vertex 7.11612 -18.1761 7.5
    endloop
  endfacet
  facet normal 0.831447 -0.555604 0
    outer loop
      vertex 7.11612 -18.1761 1.5
      vertex 6.84515 -18.5816 7.5
      vertex 6.84515 -18.5816 1.5
    endloop
  endfacet
  facet normal -0.195189 0.980766 0
    outer loop
      vertex 8.47835 -20.2148 1.5
      vertex 8 -20.31 7.5
      vertex 8.47835 -20.2148 7.5
    endloop
  endfacet
  facet normal -0.195189 0.980766 0
    outer loop
      vertex 8 -20.31 7.5
      vertex 8.47835 -20.2148 1.5
      vertex 8 -20.31 1.5
    endloop
  endfacet
  facet normal 0.195189 -0.980766 0
    outer loop
      vertex 7.52165 -17.9052 1.5
      vertex 8 -17.81 7.5
      vertex 7.52165 -17.9052 7.5
    endloop
  endfacet
  facet normal 0.195189 -0.980766 0
    outer loop
      vertex 8 -17.81 7.5
      vertex 7.52165 -17.9052 1.5
      vertex 8 -17.81 1.5
    endloop
  endfacet
  facet normal 0.555476 -0.831533 0
    outer loop
      vertex 7.11612 -18.1761 1.5
      vertex 7.52165 -17.9052 7.5
      vertex 7.11612 -18.1761 7.5
    endloop
  endfacet
  facet normal 0.555476 -0.831533 0
    outer loop
      vertex 7.52165 -17.9052 7.5
      vertex 7.11612 -18.1761 1.5
      vertex 7.52165 -17.9052 1.5
    endloop
  endfacet
  facet normal -0.980789 0.195071 0
    outer loop
      vertex 9.15485 -19.5384 1.5
      vertex 9.25 -19.06 7.5
      vertex 9.25 -19.06 1.5
    endloop
  endfacet
  facet normal -0.980789 0.195071 0
    outer loop
      vertex 9.25 -19.06 7.5
      vertex 9.15485 -19.5384 1.5
      vertex 9.15485 -19.5384 7.5
    endloop
  endfacet
  facet normal 0.980789 -0.195071 0
    outer loop
      vertex 6.75 -19.06 7.5
      vertex 6.84515 -18.5816 1.5
      vertex 6.84515 -18.5816 7.5
    endloop
  endfacet
  facet normal 0.980789 -0.195071 0
    outer loop
      vertex 6.84515 -18.5816 1.5
      vertex 6.75 -19.06 7.5
      vertex 6.75 -19.06 1.5
    endloop
  endfacet
  facet normal 0.831447 0.555604 0
    outer loop
      vertex 7.11612 -19.9439 7.5
      vertex 6.84515 -19.5384 1.5
      vertex 6.84515 -19.5384 7.5
    endloop
  endfacet
  facet normal 0.831447 0.555604 0
    outer loop
      vertex 6.84515 -19.5384 1.5
      vertex 7.11612 -19.9439 7.5
      vertex 7.11612 -19.9439 1.5
    endloop
  endfacet
  facet normal 0.555476 0.831533 -0
    outer loop
      vertex 7.52165 -20.2148 1.5
      vertex 7.11612 -19.9439 7.5
      vertex 7.52165 -20.2148 7.5
    endloop
  endfacet
  facet normal 0.555476 0.831533 0
    outer loop
      vertex 7.11612 -19.9439 7.5
      vertex 7.52165 -20.2148 1.5
      vertex 7.11612 -19.9439 1.5
    endloop
  endfacet
  facet normal 0 0 1
    outer loop
      vertex 9.15485 -18.5816 1.5
      vertex 9.15485 -19.5384 1.5
      vertex 9.25 -19.06 1.5
    endloop
  endfacet
  facet normal 0 0 1
    outer loop
      vertex 8.88388 -18.1761 1.5
      vertex 9.15485 -19.5384 1.5
      vertex 9.15485 -18.5816 1.5
    endloop
  endfacet
  facet normal 0 0 1
    outer loop
      vertex 8.88388 -18.1761 1.5
      vertex 8.88388 -19.9439 1.5
      vertex 9.15485 -19.5384 1.5
    endloop
  endfacet
  facet normal 0 0 1
    outer loop
      vertex 8.47835 -17.9052 1.5
      vertex 8.88388 -19.9439 1.5
      vertex 8.88388 -18.1761 1.5
    endloop
  endfacet
  facet normal 0 0 1
    outer loop
      vertex 8.47835 -17.9052 1.5
      vertex 8.47835 -20.2148 1.5
      vertex 8.88388 -19.9439 1.5
    endloop
  endfacet
  facet normal 0 0 1
    outer loop
      vertex 8 -17.81 1.5
      vertex 8.47835 -20.2148 1.5
      vertex 8.47835 -17.9052 1.5
    endloop
  endfacet
  facet normal 0 0 1
    outer loop
      vertex 8 -17.81 1.5
      vertex 8 -20.31 1.5
      vertex 8.47835 -20.2148 1.5
    endloop
  endfacet
  facet normal -0 0 1
    outer loop
      vertex 7.52165 -17.9052 1.5
      vertex 8 -20.31 1.5
      vertex 8 -17.81 1.5
    endloop
  endfacet
  facet normal 0 0 1
    outer loop
      vertex 7.52165 -17.9052 1.5
      vertex 7.52165 -20.2148 1.5
      vertex 8 -20.31 1.5
    endloop
  endfacet
  facet normal -0 0 1
    outer loop
      vertex 7.11612 -18.1761 1.5
      vertex 7.52165 -20.2148 1.5
      vertex 7.52165 -17.9052 1.5
    endloop
  endfacet
  facet normal 0 0 1
    outer loop
      vertex 7.11612 -18.1761 1.5
      vertex 7.11612 -19.9439 1.5
      vertex 7.52165 -20.2148 1.5
    endloop
  endfacet
  facet normal -0 0 1
    outer loop
      vertex 6.84515 -18.5816 1.5
      vertex 7.11612 -19.9439 1.5
      vertex 7.11612 -18.1761 1.5
    endloop
  endfacet
  facet normal 0 0 1
    outer loop
      vertex 6.84515 -18.5816 1.5
      vertex 6.84515 -19.5384 1.5
      vertex 7.11612 -19.9439 1.5
    endloop
  endfacet
  facet normal 0 -0 1
    outer loop
      vertex 6.84515 -19.5384 1.5
      vertex 6.84515 -18.5816 1.5
      vertex 6.75 -19.06 1.5
    endloop
  endfacet
  facet normal 0.194973 0.980809 -0
    outer loop
      vertex 51.18 30.49 1.5
      vertex 50.7016 30.5851 7.5
      vertex 51.18 30.49 7.5
    endloop
  endfacet
  facet normal 0.194973 0.980809 0
    outer loop
      vertex 50.7016 30.5851 7.5
      vertex 51.18 30.49 1.5
      vertex 50.7016 30.5851 1.5
    endloop
  endfacet
  facet normal -0.831419 -0.555646 0
    outer loop
      vertex 52.3349 32.2184 1.5
      vertex 52.0639 32.6239 7.5
      vertex 52.0639 32.6239 1.5
    endloop
  endfacet
  facet normal -0.831419 -0.555646 0
    outer loop
      vertex 52.0639 32.6239 7.5
      vertex 52.3349 32.2184 1.5
      vertex 52.3349 32.2184 7.5
    endloop
  endfacet
  facet normal -0.980809 -0.194973 0
    outer loop
      vertex 52.43 31.74 1.5
      vertex 52.3349 32.2184 7.5
      vertex 52.3349 32.2184 1.5
    endloop
  endfacet
  facet normal -0.980809 -0.194973 0
    outer loop
      vertex 52.3349 32.2184 7.5
      vertex 52.43 31.74 1.5
      vertex 52.43 31.74 7.5
    endloop
  endfacet
  facet normal -0.555646 0.831419 0
    outer loop
      vertex 52.0639 30.8561 1.5
      vertex 51.6584 30.5851 7.5
      vertex 52.0639 30.8561 7.5
    endloop
  endfacet
  facet normal -0.555646 0.831419 0
    outer loop
      vertex 51.6584 30.5851 7.5
      vertex 52.0639 30.8561 1.5
      vertex 51.6584 30.5851 1.5
    endloop
  endfacet
  facet normal 0.555504 -0.831514 0
    outer loop
      vertex 50.2961 32.6239 1.5
      vertex 50.7016 32.8948 7.5
      vertex 50.2961 32.6239 7.5
    endloop
  endfacet
  facet normal 0.555504 -0.831514 0
    outer loop
      vertex 50.7016 32.8948 7.5
      vertex 50.2961 32.6239 1.5
      vertex 50.7016 32.8948 1.5
    endloop
  endfacet
  facet normal -0.980809 0.194973 0
    outer loop
      vertex 52.3349 31.2616 1.5
      vertex 52.43 31.74 7.5
      vertex 52.43 31.74 1.5
    endloop
  endfacet
  facet normal -0.980809 0.194973 0
    outer loop
      vertex 52.43 31.74 7.5
      vertex 52.3349 31.2616 1.5
      vertex 52.3349 31.2616 7.5
    endloop
  endfacet
  facet normal 0.831514 0.555504 0
    outer loop
      vertex 50.2961 30.8561 7.5
      vertex 50.0252 31.2616 1.5
      vertex 50.0252 31.2616 7.5
    endloop
  endfacet
  facet normal 0.831514 0.555504 0
    outer loop
      vertex 50.0252 31.2616 1.5
      vertex 50.2961 30.8561 7.5
      vertex 50.2961 30.8561 1.5
    endloop
  endfacet
  facet normal 0.831514 -0.555504 0
    outer loop
      vertex 50.0252 32.2184 7.5
      vertex 50.2961 32.6239 1.5
      vertex 50.2961 32.6239 7.5
    endloop
  endfacet
  facet normal 0.831514 -0.555504 0
    outer loop
      vertex 50.2961 32.6239 1.5
      vertex 50.0252 32.2184 7.5
      vertex 50.0252 32.2184 1.5
    endloop
  endfacet
  facet normal 0.980769 0.19517 0
    outer loop
      vertex 50.0252 31.2616 7.5
      vertex 49.93 31.74 1.5
      vertex 49.93 31.74 7.5
    endloop
  endfacet
  facet normal 0.980769 0.19517 0
    outer loop
      vertex 49.93 31.74 1.5
      vertex 50.0252 31.2616 7.5
      vertex 50.0252 31.2616 1.5
    endloop
  endfacet
  facet normal -0.831419 0.555646 0
    outer loop
      vertex 52.0639 30.8561 1.5
      vertex 52.3349 31.2616 7.5
      vertex 52.3349 31.2616 1.5
    endloop
  endfacet
  facet normal -0.831419 0.555646 0
    outer loop
      vertex 52.3349 31.2616 7.5
      vertex 52.0639 30.8561 1.5
      vertex 52.0639 30.8561 7.5
    endloop
  endfacet
  facet normal -0.19517 -0.980769 0
    outer loop
      vertex 51.18 32.99 1.5
      vertex 51.6584 32.8948 7.5
      vertex 51.18 32.99 7.5
    endloop
  endfacet
  facet normal -0.19517 -0.980769 -0
    outer loop
      vertex 51.6584 32.8948 7.5
      vertex 51.18 32.99 1.5
      vertex 51.6584 32.8948 1.5
    endloop
  endfacet
  facet normal -0.194973 0.980809 0
    outer loop
      vertex 51.6584 30.5851 1.5
      vertex 51.18 30.49 7.5
      vertex 51.6584 30.5851 7.5
    endloop
  endfacet
  facet normal -0.194973 0.980809 0
    outer loop
      vertex 51.18 30.49 7.5
      vertex 51.6584 30.5851 1.5
      vertex 51.18 30.49 1.5
    endloop
  endfacet
  facet normal 0.19517 -0.980769 0
    outer loop
      vertex 50.7016 32.8948 1.5
      vertex 51.18 32.99 7.5
      vertex 50.7016 32.8948 7.5
    endloop
  endfacet
  facet normal 0.19517 -0.980769 0
    outer loop
      vertex 51.18 32.99 7.5
      vertex 50.7016 32.8948 1.5
      vertex 51.18 32.99 1.5
    endloop
  endfacet
  facet normal 0.980769 -0.19517 0
    outer loop
      vertex 49.93 31.74 7.5
      vertex 50.0252 32.2184 1.5
      vertex 50.0252 32.2184 7.5
    endloop
  endfacet
  facet normal 0.980769 -0.19517 0
    outer loop
      vertex 50.0252 32.2184 1.5
      vertex 49.93 31.74 7.5
      vertex 49.93 31.74 1.5
    endloop
  endfacet
  facet normal -0.555504 -0.831514 0
    outer loop
      vertex 51.6584 32.8948 1.5
      vertex 52.0639 32.6239 7.5
      vertex 51.6584 32.8948 7.5
    endloop
  endfacet
  facet normal -0.555504 -0.831514 -0
    outer loop
      vertex 52.0639 32.6239 7.5
      vertex 51.6584 32.8948 1.5
      vertex 52.0639 32.6239 1.5
    endloop
  endfacet
  facet normal 0.555646 0.831419 -0
    outer loop
      vertex 50.7016 30.5851 1.5
      vertex 50.2961 30.8561 7.5
      vertex 50.7016 30.5851 7.5
    endloop
  endfacet
  facet normal 0.555646 0.831419 0
    outer loop
      vertex 50.2961 30.8561 7.5
      vertex 50.7016 30.5851 1.5
      vertex 50.2961 30.8561 1.5
    endloop
  endfacet
  facet normal 0 0 1
    outer loop
      vertex 52.3349 32.2184 1.5
      vertex 52.3349 31.2616 1.5
      vertex 52.43 31.74 1.5
    endloop
  endfacet
  facet normal 0 0 1
    outer loop
      vertex 52.0639 32.6239 1.5
      vertex 52.3349 31.2616 1.5
      vertex 52.3349 32.2184 1.5
    endloop
  endfacet
  facet normal 0 0 1
    outer loop
      vertex 52.0639 32.6239 1.5
      vertex 52.0639 30.8561 1.5
      vertex 52.3349 31.2616 1.5
    endloop
  endfacet
  facet normal 0 0 1
    outer loop
      vertex 51.6584 32.8948 1.5
      vertex 52.0639 30.8561 1.5
      vertex 52.0639 32.6239 1.5
    endloop
  endfacet
  facet normal 0 0 1
    outer loop
      vertex 51.6584 32.8948 1.5
      vertex 51.6584 30.5851 1.5
      vertex 52.0639 30.8561 1.5
    endloop
  endfacet
  facet normal 0 0 1
    outer loop
      vertex 51.18 32.99 1.5
      vertex 51.6584 30.5851 1.5
      vertex 51.6584 32.8948 1.5
    endloop
  endfacet
  facet normal 0 0 1
    outer loop
      vertex 51.18 32.99 1.5
      vertex 51.18 30.49 1.5
      vertex 51.6584 30.5851 1.5
    endloop
  endfacet
  facet normal -0 0 1
    outer loop
      vertex 50.7016 32.8948 1.5
      vertex 51.18 30.49 1.5
      vertex 51.18 32.99 1.5
    endloop
  endfacet
  facet normal 0 0 1
    outer loop
      vertex 50.7016 32.8948 1.5
      vertex 50.7016 30.5851 1.5
      vertex 51.18 30.49 1.5
    endloop
  endfacet
  facet normal -0 0 1
    outer loop
      vertex 50.2961 32.6239 1.5
      vertex 50.7016 30.5851 1.5
      vertex 50.7016 32.8948 1.5
    endloop
  endfacet
  facet normal 0 0 1
    outer loop
      vertex 50.2961 32.6239 1.5
      vertex 50.2961 30.8561 1.5
      vertex 50.7016 30.5851 1.5
    endloop
  endfacet
  facet normal -0 0 1
    outer loop
      vertex 50.0252 32.2184 1.5
      vertex 50.2961 30.8561 1.5
      vertex 50.2961 32.6239 1.5
    endloop
  endfacet
  facet normal 0 0 1
    outer loop
      vertex 50.0252 32.2184 1.5
      vertex 50.0252 31.2616 1.5
      vertex 50.2961 30.8561 1.5
    endloop
  endfacet
  facet normal 0 -0 1
    outer loop
      vertex 50.0252 31.2616 1.5
      vertex 50.0252 32.2184 1.5
      vertex 49.93 31.74 1.5
    endloop
  endfacet
  facet normal -0.831514 -0.555504 0
    outer loop
      vertex 24.3948 32.2184 1.5
      vertex 24.1239 32.6239 7.5
      vertex 24.1239 32.6239 1.5
    endloop
  endfacet
  facet normal -0.831514 -0.555504 0
    outer loop
      vertex 24.1239 32.6239 7.5
      vertex 24.3948 32.2184 1.5
      vertex 24.3948 32.2184 7.5
    endloop
  endfacet
  facet normal -0.980769 -0.19517 0
    outer loop
      vertex 24.49 31.74 1.5
      vertex 24.3948 32.2184 7.5
      vertex 24.3948 32.2184 1.5
    endloop
  endfacet
  facet normal -0.980769 -0.19517 0
    outer loop
      vertex 24.3948 32.2184 7.5
      vertex 24.49 31.74 1.5
      vertex 24.49 31.74 7.5
    endloop
  endfacet
  facet normal -0.555504 -0.831514 0
    outer loop
      vertex 23.7184 32.8948 1.5
      vertex 24.1239 32.6239 7.5
      vertex 23.7184 32.8948 7.5
    endloop
  endfacet
  facet normal -0.555504 -0.831514 -0
    outer loop
      vertex 24.1239 32.6239 7.5
      vertex 23.7184 32.8948 1.5
      vertex 24.1239 32.6239 1.5
    endloop
  endfacet
  facet normal 0.980809 0.194973 0
    outer loop
      vertex 22.0851 31.2616 7.5
      vertex 21.99 31.74 1.5
      vertex 21.99 31.74 7.5
    endloop
  endfacet
  facet normal 0.980809 0.194973 0
    outer loop
      vertex 21.99 31.74 1.5
      vertex 22.0851 31.2616 7.5
      vertex 22.0851 31.2616 1.5
    endloop
  endfacet
  facet normal -0.555646 0.831419 0
    outer loop
      vertex 24.1239 30.8561 1.5
      vertex 23.7184 30.5851 7.5
      vertex 24.1239 30.8561 7.5
    endloop
  endfacet
  facet normal -0.555646 0.831419 0
    outer loop
      vertex 23.7184 30.5851 7.5
      vertex 24.1239 30.8561 1.5
      vertex 23.7184 30.5851 1.5
    endloop
  endfacet
  facet normal 0.831419 -0.555646 0
    outer loop
      vertex 22.0851 32.2184 7.5
      vertex 22.3561 32.6239 1.5
      vertex 22.3561 32.6239 7.5
    endloop
  endfacet
  facet normal 0.831419 -0.555646 0
    outer loop
      vertex 22.3561 32.6239 1.5
      vertex 22.0851 32.2184 7.5
      vertex 22.0851 32.2184 1.5
    endloop
  endfacet
  facet normal 0.194973 0.980809 -0
    outer loop
      vertex 23.24 30.49 1.5
      vertex 22.7616 30.5851 7.5
      vertex 23.24 30.49 7.5
    endloop
  endfacet
  facet normal 0.194973 0.980809 0
    outer loop
      vertex 22.7616 30.5851 7.5
      vertex 23.24 30.49 1.5
      vertex 22.7616 30.5851 1.5
    endloop
  endfacet
  facet normal -0.19517 -0.980769 0
    outer loop
      vertex 23.24 32.99 1.5
      vertex 23.7184 32.8948 7.5
      vertex 23.24 32.99 7.5
    endloop
  endfacet
  facet normal -0.19517 -0.980769 -0
    outer loop
      vertex 23.7184 32.8948 7.5
      vertex 23.24 32.99 1.5
      vertex 23.7184 32.8948 1.5
    endloop
  endfacet
  facet normal 0.19517 -0.980769 0
    outer loop
      vertex 22.7616 32.8948 1.5
      vertex 23.24 32.99 7.5
      vertex 22.7616 32.8948 7.5
    endloop
  endfacet
  facet normal 0.19517 -0.980769 0
    outer loop
      vertex 23.24 32.99 7.5
      vertex 22.7616 32.8948 1.5
      vertex 23.24 32.99 1.5
    endloop
  endfacet
  facet normal 0.555504 -0.831514 0
    outer loop
      vertex 22.3561 32.6239 1.5
      vertex 22.7616 32.8948 7.5
      vertex 22.3561 32.6239 7.5
    endloop
  endfacet
  facet normal 0.555504 -0.831514 0
    outer loop
      vertex 22.7616 32.8948 7.5
      vertex 22.3561 32.6239 1.5
      vertex 22.7616 32.8948 1.5
    endloop
  endfacet
  facet normal -0.831514 0.555504 0
    outer loop
      vertex 24.1239 30.8561 1.5
      vertex 24.3948 31.2616 7.5
      vertex 24.3948 31.2616 1.5
    endloop
  endfacet
  facet normal -0.831514 0.555504 0
    outer loop
      vertex 24.3948 31.2616 7.5
      vertex 24.1239 30.8561 1.5
      vertex 24.1239 30.8561 7.5
    endloop
  endfacet
  facet normal -0.980769 0.19517 0
    outer loop
      vertex 24.3948 31.2616 1.5
      vertex 24.49 31.74 7.5
      vertex 24.49 31.74 1.5
    endloop
  endfacet
  facet normal -0.980769 0.19517 0
    outer loop
      vertex 24.49 31.74 7.5
      vertex 24.3948 31.2616 1.5
      vertex 24.3948 31.2616 7.5
    endloop
  endfacet
  facet normal 0.831419 0.555646 0
    outer loop
      vertex 22.3561 30.8561 7.5
      vertex 22.0851 31.2616 1.5
      vertex 22.0851 31.2616 7.5
    endloop
  endfacet
  facet normal 0.831419 0.555646 0
    outer loop
      vertex 22.0851 31.2616 1.5
      vertex 22.3561 30.8561 7.5
      vertex 22.3561 30.8561 1.5
    endloop
  endfacet
  facet normal -0.194973 0.980809 0
    outer loop
      vertex 23.7184 30.5851 1.5
      vertex 23.24 30.49 7.5
      vertex 23.7184 30.5851 7.5
    endloop
  endfacet
  facet normal -0.194973 0.980809 0
    outer loop
      vertex 23.24 30.49 7.5
      vertex 23.7184 30.5851 1.5
      vertex 23.24 30.49 1.5
    endloop
  endfacet
  facet normal 0.980809 -0.194973 0
    outer loop
      vertex 21.99 31.74 7.5
      vertex 22.0851 32.2184 1.5
      vertex 22.0851 32.2184 7.5
    endloop
  endfacet
  facet normal 0.980809 -0.194973 0
    outer loop
      vertex 22.0851 32.2184 1.5
      vertex 21.99 31.74 7.5
      vertex 21.99 31.74 1.5
    endloop
  endfacet
  facet normal 0.555646 0.831419 -0
    outer loop
      vertex 22.7616 30.5851 1.5
      vertex 22.3561 30.8561 7.5
      vertex 22.7616 30.5851 7.5
    endloop
  endfacet
  facet normal 0.555646 0.831419 0
    outer loop
      vertex 22.3561 30.8561 7.5
      vertex 22.7616 30.5851 1.5
      vertex 22.3561 30.8561 1.5
    endloop
  endfacet
  facet normal 0 0 1
    outer loop
      vertex 24.3948 32.2184 1.5
      vertex 24.3948 31.2616 1.5
      vertex 24.49 31.74 1.5
    endloop
  endfacet
  facet normal 0 0 1
    outer loop
      vertex 24.1239 32.6239 1.5
      vertex 24.3948 31.2616 1.5
      vertex 24.3948 32.2184 1.5
    endloop
  endfacet
  facet normal 0 0 1
    outer loop
      vertex 24.1239 32.6239 1.5
      vertex 24.1239 30.8561 1.5
      vertex 24.3948 31.2616 1.5
    endloop
  endfacet
  facet normal 0 0 1
    outer loop
      vertex 23.7184 32.8948 1.5
      vertex 24.1239 30.8561 1.5
      vertex 24.1239 32.6239 1.5
    endloop
  endfacet
  facet normal 0 0 1
    outer loop
      vertex 23.7184 32.8948 1.5
      vertex 23.7184 30.5851 1.5
      vertex 24.1239 30.8561 1.5
    endloop
  endfacet
  facet normal 0 0 1
    outer loop
      vertex 23.24 32.99 1.5
      vertex 23.7184 30.5851 1.5
      vertex 23.7184 32.8948 1.5
    endloop
  endfacet
  facet normal 0 0 1
    outer loop
      vertex 23.24 32.99 1.5
      vertex 23.24 30.49 1.5
      vertex 23.7184 30.5851 1.5
    endloop
  endfacet
  facet normal -0 0 1
    outer loop
      vertex 22.7616 32.8948 1.5
      vertex 23.24 30.49 1.5
      vertex 23.24 32.99 1.5
    endloop
  endfacet
  facet normal 0 0 1
    outer loop
      vertex 22.7616 32.8948 1.5
      vertex 22.7616 30.5851 1.5
      vertex 23.24 30.49 1.5
    endloop
  endfacet
  facet normal -0 0 1
    outer loop
      vertex 22.3561 32.6239 1.5
      vertex 22.7616 30.5851 1.5
      vertex 22.7616 32.8948 1.5
    endloop
  endfacet
  facet normal 0 0 1
    outer loop
      vertex 22.3561 32.6239 1.5
      vertex 22.3561 30.8561 1.5
      vertex 22.7616 30.5851 1.5
    endloop
  endfacet
  facet normal -0 0 1
    outer loop
      vertex 22.0851 32.2184 1.5
      vertex 22.3561 30.8561 1.5
      vertex 22.3561 32.6239 1.5
    endloop
  endfacet
  facet normal 0 0 1
    outer loop
      vertex 22.0851 32.2184 1.5
      vertex 22.0851 31.2616 1.5
      vertex 22.3561 30.8561 1.5
    endloop
  endfacet
  facet normal 0 -0 1
    outer loop
      vertex 22.0851 31.2616 1.5
      vertex 22.0851 32.2184 1.5
      vertex 21.99 31.74 1.5
    endloop
  endfacet
  facet normal 0.987689 0.15643 0
    outer loop
      vertex 0.930757 -33.0099 2.5
      vertex 0.849999 -32.5 0
      vertex 0.849999 -32.5 2.5
    endloop
  endfacet
  facet normal 0.987689 0.15643 0
    outer loop
      vertex 0.849999 -32.5 0
      vertex 0.930757 -33.0099 2.5
      vertex 0.930757 -33.0099 0
    endloop
  endfacet
  facet normal -0.890984 -0.454035 0
    outer loop
      vertex 4.06924 -31.9901 0
      vertex 3.83488 -31.5302 2.5
      vertex 3.83488 -31.5302 0
    endloop
  endfacet
  facet normal -0.890984 -0.454035 0
    outer loop
      vertex 3.83488 -31.5302 2.5
      vertex 4.06924 -31.9901 0
      vertex 4.06924 -31.9901 2.5
    endloop
  endfacet
  facet normal -0.987688 -0.156434 0
    outer loop
      vertex 4.15 -32.5 0
      vertex 4.06924 -31.9901 2.5
      vertex 4.06924 -31.9901 0
    endloop
  endfacet
  facet normal -0.987688 -0.156434 0
    outer loop
      vertex 4.06924 -31.9901 2.5
      vertex 4.15 -32.5 0
      vertex 4.15 -32.5 2.5
    endloop
  endfacet
  facet normal -0.707165 -0.707049 0
    outer loop
      vertex 3.83488 -31.5302 0
      vertex 3.46984 -31.1651 2.5
      vertex 3.46984 -31.1651 0
    endloop
  endfacet
  facet normal -0.707165 -0.707049 0
    outer loop
      vertex 3.46984 -31.1651 2.5
      vertex 3.83488 -31.5302 0
      vertex 3.83488 -31.5302 2.5
    endloop
  endfacet
  facet normal -0.707165 0.707049 0
    outer loop
      vertex 3.83488 -33.4698 0
      vertex 3.46984 -33.8349 2.5
      vertex 3.83488 -33.4698 2.5
    endloop
  endfacet
  facet normal -0.707165 0.707049 0
    outer loop
      vertex 3.46984 -33.8349 2.5
      vertex 3.83488 -33.4698 0
      vertex 3.46984 -33.8349 0
    endloop
  endfacet
  facet normal -0.156516 -0.987675 0
    outer loop
      vertex 2.5 -30.85 0
      vertex 3.00988 -30.9308 2.5
      vertex 2.5 -30.85 2.5
    endloop
  endfacet
  facet normal -0.156516 -0.987675 -0
    outer loop
      vertex 3.00988 -30.9308 2.5
      vertex 2.5 -30.85 0
      vertex 3.00988 -30.9308 0
    endloop
  endfacet
  facet normal 0.890981 0.45404 0
    outer loop
      vertex 1.16512 -33.4698 2.5
      vertex 0.930757 -33.0099 0
      vertex 0.930757 -33.0099 2.5
    endloop
  endfacet
  facet normal 0.890981 0.45404 0
    outer loop
      vertex 0.930757 -33.0099 0
      vertex 1.16512 -33.4698 2.5
      vertex 1.16512 -33.4698 0
    endloop
  endfacet
  facet normal -0.453896 -0.891055 0
    outer loop
      vertex 3.00988 -30.9308 0
      vertex 3.46984 -31.1651 2.5
      vertex 3.00988 -30.9308 2.5
    endloop
  endfacet
  facet normal -0.453896 -0.891055 -0
    outer loop
      vertex 3.46984 -31.1651 2.5
      vertex 3.00988 -30.9308 0
      vertex 3.46984 -31.1651 0
    endloop
  endfacet
  facet normal 0.156516 0.987675 -0
    outer loop
      vertex 2.5 -34.15 0
      vertex 1.99012 -34.0692 2.5
      vertex 2.5 -34.15 2.5
    endloop
  endfacet
  facet normal 0.156516 0.987675 0
    outer loop
      vertex 1.99012 -34.0692 2.5
      vertex 2.5 -34.15 0
      vertex 1.99012 -34.0692 0
    endloop
  endfacet
  facet normal 0.453888 -0.891059 0
    outer loop
      vertex 1.53015 -31.1651 0
      vertex 1.99012 -30.9308 2.5
      vertex 1.53015 -31.1651 2.5
    endloop
  endfacet
  facet normal 0.453888 -0.891059 0
    outer loop
      vertex 1.99012 -30.9308 2.5
      vertex 1.53015 -31.1651 0
      vertex 1.99012 -30.9308 0
    endloop
  endfacet
  facet normal -0.156516 0.987675 0
    outer loop
      vertex 3.00988 -34.0692 0
      vertex 2.5 -34.15 2.5
      vertex 3.00988 -34.0692 2.5
    endloop
  endfacet
  facet normal -0.156516 0.987675 0
    outer loop
      vertex 2.5 -34.15 2.5
      vertex 3.00988 -34.0692 0
      vertex 2.5 -34.15 0
    endloop
  endfacet
  facet normal -0.453896 0.891055 0
    outer loop
      vertex 3.46984 -33.8349 0
      vertex 3.00988 -34.0692 2.5
      vertex 3.46984 -33.8349 2.5
    endloop
  endfacet
  facet normal -0.453896 0.891055 0
    outer loop
      vertex 3.00988 -34.0692 2.5
      vertex 3.46984 -33.8349 0
      vertex 3.00988 -34.0692 0
    endloop
  endfacet
  facet normal 0.707175 0.707039 -0
    outer loop
      vertex 1.53015 -33.8349 0
      vertex 1.16512 -33.4698 2.5
      vertex 1.53015 -33.8349 2.5
    endloop
  endfacet
  facet normal 0.707175 0.707039 0
    outer loop
      vertex 1.16512 -33.4698 2.5
      vertex 1.53015 -33.8349 0
      vertex 1.16512 -33.4698 0
    endloop
  endfacet
  facet normal 0.156516 -0.987675 0
    outer loop
      vertex 1.99012 -30.9308 0
      vertex 2.5 -30.85 2.5
      vertex 1.99012 -30.9308 2.5
    endloop
  endfacet
  facet normal 0.156516 -0.987675 0
    outer loop
      vertex 2.5 -30.85 2.5
      vertex 1.99012 -30.9308 0
      vertex 2.5 -30.85 0
    endloop
  endfacet
  facet normal 0.890981 -0.45404 0
    outer loop
      vertex 0.930757 -31.9901 2.5
      vertex 1.16512 -31.5302 0
      vertex 1.16512 -31.5302 2.5
    endloop
  endfacet
  facet normal 0.890981 -0.45404 0
    outer loop
      vertex 1.16512 -31.5302 0
      vertex 0.930757 -31.9901 2.5
      vertex 0.930757 -31.9901 0
    endloop
  endfacet
  facet normal 0.707175 -0.707039 0
    outer loop
      vertex 1.16512 -31.5302 2.5
      vertex 1.53015 -31.1651 0
      vertex 1.53015 -31.1651 2.5
    endloop
  endfacet
  facet normal 0.707175 -0.707039 0
    outer loop
      vertex 1.53015 -31.1651 0
      vertex 1.16512 -31.5302 2.5
      vertex 1.16512 -31.5302 0
    endloop
  endfacet
  facet normal -0.890984 0.454035 0
    outer loop
      vertex 3.83488 -33.4698 0
      vertex 4.06924 -33.0099 2.5
      vertex 4.06924 -33.0099 0
    endloop
  endfacet
  facet normal -0.890984 0.454035 0
    outer loop
      vertex 4.06924 -33.0099 2.5
      vertex 3.83488 -33.4698 0
      vertex 3.83488 -33.4698 2.5
    endloop
  endfacet
  facet normal -0.987688 0.156434 0
    outer loop
      vertex 4.06924 -33.0099 0
      vertex 4.15 -32.5 2.5
      vertex 4.15 -32.5 0
    endloop
  endfacet
  facet normal -0.987688 0.156434 0
    outer loop
      vertex 4.15 -32.5 2.5
      vertex 4.06924 -33.0099 0
      vertex 4.06924 -33.0099 2.5
    endloop
  endfacet
  facet normal 0.453888 0.891059 -0
    outer loop
      vertex 1.99012 -34.0692 0
      vertex 1.53015 -33.8349 2.5
      vertex 1.99012 -34.0692 2.5
    endloop
  endfacet
  facet normal 0.453888 0.891059 0
    outer loop
      vertex 1.53015 -33.8349 2.5
      vertex 1.99012 -34.0692 0
      vertex 1.53015 -33.8349 0
    endloop
  endfacet
  facet normal 0.987689 -0.15643 0
    outer loop
      vertex 0.849999 -32.5 2.5
      vertex 0.930757 -31.9901 0
      vertex 0.930757 -31.9901 2.5
    endloop
  endfacet
  facet normal 0.987689 -0.15643 0
    outer loop
      vertex 0.930757 -31.9901 0
      vertex 0.849999 -32.5 2.5
      vertex 0.849999 -32.5 0
    endloop
  endfacet
  facet normal -0.156516 -0.987675 0
    outer loop
      vertex 2.5 34.15 0
      vertex 3.00988 34.0692 2.5
      vertex 2.5 34.15 2.5
    endloop
  endfacet
  facet normal -0.156516 -0.987675 -0
    outer loop
      vertex 3.00988 34.0692 2.5
      vertex 2.5 34.15 0
      vertex 3.00988 34.0692 0
    endloop
  endfacet
  facet normal -0.890984 -0.454035 0
    outer loop
      vertex 4.06924 33.0099 0
      vertex 3.83488 33.4698 2.5
      vertex 3.83488 33.4698 0
    endloop
  endfacet
  facet normal -0.890984 -0.454035 0
    outer loop
      vertex 3.83488 33.4698 2.5
      vertex 4.06924 33.0099 0
      vertex 4.06924 33.0099 2.5
    endloop
  endfacet
  facet normal -0.987688 -0.156434 0
    outer loop
      vertex 4.15 32.5 0
      vertex 4.06924 33.0099 2.5
      vertex 4.06924 33.0099 0
    endloop
  endfacet
  facet normal -0.987688 -0.156434 0
    outer loop
      vertex 4.06924 33.0099 2.5
      vertex 4.15 32.5 0
      vertex 4.15 32.5 2.5
    endloop
  endfacet
  facet normal -0.707165 -0.707049 0
    outer loop
      vertex 3.46984 33.8349 0
      vertex 3.83488 33.4698 2.5
      vertex 3.46984 33.8349 2.5
    endloop
  endfacet
  facet normal -0.707165 -0.707049 -0
    outer loop
      vertex 3.83488 33.4698 2.5
      vertex 3.46984 33.8349 0
      vertex 3.83488 33.4698 0
    endloop
  endfacet
  facet normal -0.707165 0.707049 0
    outer loop
      vertex 3.46984 31.1651 0
      vertex 3.83488 31.5302 2.5
      vertex 3.83488 31.5302 0
    endloop
  endfacet
  facet normal -0.707165 0.707049 0
    outer loop
      vertex 3.83488 31.5302 2.5
      vertex 3.46984 31.1651 0
      vertex 3.46984 31.1651 2.5
    endloop
  endfacet
  facet normal -0.453896 0.891055 0
    outer loop
      vertex 3.46984 31.1651 0
      vertex 3.00988 30.9308 2.5
      vertex 3.46984 31.1651 2.5
    endloop
  endfacet
  facet normal -0.453896 0.891055 0
    outer loop
      vertex 3.00988 30.9308 2.5
      vertex 3.46984 31.1651 0
      vertex 3.00988 30.9308 0
    endloop
  endfacet
  facet normal 0.890981 -0.45404 0
    outer loop
      vertex 0.930757 33.0099 2.5
      vertex 1.16512 33.4698 0
      vertex 1.16512 33.4698 2.5
    endloop
  endfacet
  facet normal 0.890981 -0.45404 0
    outer loop
      vertex 1.16512 33.4698 0
      vertex 0.930757 33.0099 2.5
      vertex 0.930757 33.0099 0
    endloop
  endfacet
  facet normal 0.707175 -0.707039 0
    outer loop
      vertex 1.16512 33.4698 0
      vertex 1.53015 33.8349 2.5
      vertex 1.16512 33.4698 2.5
    endloop
  endfacet
  facet normal 0.707175 -0.707039 0
    outer loop
      vertex 1.53015 33.8349 2.5
      vertex 1.16512 33.4698 0
      vertex 1.53015 33.8349 0
    endloop
  endfacet
  facet normal -0.890984 0.454035 0
    outer loop
      vertex 3.83488 31.5302 0
      vertex 4.06924 31.9901 2.5
      vertex 4.06924 31.9901 0
    endloop
  endfacet
  facet normal -0.890984 0.454035 0
    outer loop
      vertex 4.06924 31.9901 2.5
      vertex 3.83488 31.5302 0
      vertex 3.83488 31.5302 2.5
    endloop
  endfacet
  facet normal 0.156516 0.987675 -0
    outer loop
      vertex 2.5 30.85 0
      vertex 1.99012 30.9308 2.5
      vertex 2.5 30.85 2.5
    endloop
  endfacet
  facet normal 0.156516 0.987675 0
    outer loop
      vertex 1.99012 30.9308 2.5
      vertex 2.5 30.85 0
      vertex 1.99012 30.9308 0
    endloop
  endfacet
  facet normal 0.156516 -0.987675 0
    outer loop
      vertex 1.99012 34.0692 0
      vertex 2.5 34.15 2.5
      vertex 1.99012 34.0692 2.5
    endloop
  endfacet
  facet normal 0.156516 -0.987675 0
    outer loop
      vertex 2.5 34.15 2.5
      vertex 1.99012 34.0692 0
      vertex 2.5 34.15 0
    endloop
  endfacet
  facet normal -0.987688 0.156434 0
    outer loop
      vertex 4.06924 31.9901 0
      vertex 4.15 32.5 2.5
      vertex 4.15 32.5 0
    endloop
  endfacet
  facet normal -0.987688 0.156434 0
    outer loop
      vertex 4.15 32.5 2.5
      vertex 4.06924 31.9901 0
      vertex 4.06924 31.9901 2.5
    endloop
  endfacet
  facet normal 0.707175 0.707039 0
    outer loop
      vertex 1.53015 31.1651 2.5
      vertex 1.16512 31.5302 0
      vertex 1.16512 31.5302 2.5
    endloop
  endfacet
  facet normal 0.707175 0.707039 0
    outer loop
      vertex 1.16512 31.5302 0
      vertex 1.53015 31.1651 2.5
      vertex 1.53015 31.1651 0
    endloop
  endfacet
  facet normal 0.453888 -0.891059 0
    outer loop
      vertex 1.53015 33.8349 0
      vertex 1.99012 34.0692 2.5
      vertex 1.53015 33.8349 2.5
    endloop
  endfacet
  facet normal 0.453888 -0.891059 0
    outer loop
      vertex 1.99012 34.0692 2.5
      vertex 1.53015 33.8349 0
      vertex 1.99012 34.0692 0
    endloop
  endfacet
  facet normal 0.987689 0.15643 0
    outer loop
      vertex 0.930757 31.9901 2.5
      vertex 0.849999 32.5 0
      vertex 0.849999 32.5 2.5
    endloop
  endfacet
  facet normal 0.987689 0.15643 0
    outer loop
      vertex 0.849999 32.5 0
      vertex 0.930757 31.9901 2.5
      vertex 0.930757 31.9901 0
    endloop
  endfacet
  facet normal -0.156516 0.987675 0
    outer loop
      vertex 3.00988 30.9308 0
      vertex 2.5 30.85 2.5
      vertex 3.00988 30.9308 2.5
    endloop
  endfacet
  facet normal -0.156516 0.987675 0
    outer loop
      vertex 2.5 30.85 2.5
      vertex 3.00988 30.9308 0
      vertex 2.5 30.85 0
    endloop
  endfacet
  facet normal -0.453896 -0.891055 0
    outer loop
      vertex 3.00988 34.0692 0
      vertex 3.46984 33.8349 2.5
      vertex 3.00988 34.0692 2.5
    endloop
  endfacet
  facet normal -0.453896 -0.891055 -0
    outer loop
      vertex 3.46984 33.8349 2.5
      vertex 3.00988 34.0692 0
      vertex 3.46984 33.8349 0
    endloop
  endfacet
  facet normal 0.890981 0.45404 0
    outer loop
      vertex 1.16512 31.5302 2.5
      vertex 0.930757 31.9901 0
      vertex 0.930757 31.9901 2.5
    endloop
  endfacet
  facet normal 0.890981 0.45404 0
    outer loop
      vertex 0.930757 31.9901 0
      vertex 1.16512 31.5302 2.5
      vertex 1.16512 31.5302 0
    endloop
  endfacet
  facet normal 0.987689 -0.15643 0
    outer loop
      vertex 0.849999 32.5 2.5
      vertex 0.930757 33.0099 0
      vertex 0.930757 33.0099 2.5
    endloop
  endfacet
  facet normal 0.987689 -0.15643 0
    outer loop
      vertex 0.930757 33.0099 0
      vertex 0.849999 32.5 2.5
      vertex 0.849999 32.5 0
    endloop
  endfacet
  facet normal 0.453888 0.891059 -0
    outer loop
      vertex 1.99012 30.9308 0
      vertex 1.53015 31.1651 2.5
      vertex 1.99012 30.9308 2.5
    endloop
  endfacet
  facet normal 0.453888 0.891059 0
    outer loop
      vertex 1.53015 31.1651 2.5
      vertex 1.99012 30.9308 0
      vertex 1.53015 31.1651 0
    endloop
  endfacet
  facet normal 0.987676 0.15651 0
    outer loop
      vertex 57.9308 -33.0099 2.5
      vertex 57.85 -32.5 0
      vertex 57.85 -32.5 2.5
    endloop
  endfacet
  facet normal 0.987676 0.15651 0
    outer loop
      vertex 57.85 -32.5 0
      vertex 57.9308 -33.0099 2.5
      vertex 57.9308 -33.0099 0
    endloop
  endfacet
  facet normal -0.891031 -0.453943 0
    outer loop
      vertex 61.0692 -31.9901 0
      vertex 60.8349 -31.5302 2.5
      vertex 60.8349 -31.5302 0
    endloop
  endfacet
  facet normal -0.891031 -0.453943 0
    outer loop
      vertex 60.8349 -31.5302 2.5
      vertex 61.0692 -31.9901 0
      vertex 61.0692 -31.9901 2.5
    endloop
  endfacet
  facet normal -0.987676 -0.15651 0
    outer loop
      vertex 61.15 -32.5 0
      vertex 61.0692 -31.9901 2.5
      vertex 61.0692 -31.9901 0
    endloop
  endfacet
  facet normal -0.987676 -0.15651 0
    outer loop
      vertex 61.0692 -31.9901 2.5
      vertex 61.15 -32.5 0
      vertex 61.15 -32.5 2.5
    endloop
  endfacet
  facet normal -0.707107 -0.707107 0
    outer loop
      vertex 60.8349 -31.5302 0
      vertex 60.4698 -31.1651 2.5
      vertex 60.4698 -31.1651 0
    endloop
  endfacet
  facet normal -0.707107 -0.707107 0
    outer loop
      vertex 60.4698 -31.1651 2.5
      vertex 60.8349 -31.5302 0
      vertex 60.8349 -31.5302 2.5
    endloop
  endfacet
  facet normal -0.707107 0.707107 0
    outer loop
      vertex 60.4698 -33.8349 0
      vertex 60.8349 -33.4698 2.5
      vertex 60.8349 -33.4698 0
    endloop
  endfacet
  facet normal -0.707107 0.707107 0
    outer loop
      vertex 60.8349 -33.4698 2.5
      vertex 60.4698 -33.8349 0
      vertex 60.4698 -33.8349 2.5
    endloop
  endfacet
  facet normal 0.15651 -0.987676 0
    outer loop
      vertex 58.9901 -30.9308 0
      vertex 59.5 -30.85 2.5
      vertex 58.9901 -30.9308 2.5
    endloop
  endfacet
  facet normal 0.15651 -0.987676 0
    outer loop
      vertex 59.5 -30.85 2.5
      vertex 58.9901 -30.9308 0
      vertex 59.5 -30.85 0
    endloop
  endfacet
  facet normal -0.15651 -0.987676 0
    outer loop
      vertex 59.5 -30.85 0
      vertex 60.0099 -30.9308 2.5
      vertex 59.5 -30.85 2.5
    endloop
  endfacet
  facet normal -0.15651 -0.987676 -0
    outer loop
      vertex 60.0099 -30.9308 2.5
      vertex 59.5 -30.85 0
      vertex 60.0099 -30.9308 0
    endloop
  endfacet
  facet normal 0.891031 0.453943 0
    outer loop
      vertex 58.1651 -33.4698 2.5
      vertex 57.9308 -33.0099 0
      vertex 57.9308 -33.0099 2.5
    endloop
  endfacet
  facet normal 0.891031 0.453943 0
    outer loop
      vertex 57.9308 -33.0099 0
      vertex 58.1651 -33.4698 2.5
      vertex 58.1651 -33.4698 0
    endloop
  endfacet
  facet normal -0.453943 -0.891031 0
    outer loop
      vertex 60.0099 -30.9308 0
      vertex 60.4698 -31.1651 2.5
      vertex 60.0099 -30.9308 2.5
    endloop
  endfacet
  facet normal -0.453943 -0.891031 -0
    outer loop
      vertex 60.4698 -31.1651 2.5
      vertex 60.0099 -30.9308 0
      vertex 60.4698 -31.1651 0
    endloop
  endfacet
  facet normal 0.15651 0.987676 -0
    outer loop
      vertex 59.5 -34.15 0
      vertex 58.9901 -34.0692 2.5
      vertex 59.5 -34.15 2.5
    endloop
  endfacet
  facet normal 0.15651 0.987676 0
    outer loop
      vertex 58.9901 -34.0692 2.5
      vertex 59.5 -34.15 0
      vertex 58.9901 -34.0692 0
    endloop
  endfacet
  facet normal 0.453943 -0.891031 0
    outer loop
      vertex 58.5302 -31.1651 0
      vertex 58.9901 -30.9308 2.5
      vertex 58.5302 -31.1651 2.5
    endloop
  endfacet
  facet normal 0.453943 -0.891031 0
    outer loop
      vertex 58.9901 -30.9308 2.5
      vertex 58.5302 -31.1651 0
      vertex 58.9901 -30.9308 0
    endloop
  endfacet
  facet normal -0.15651 0.987676 0
    outer loop
      vertex 60.0099 -34.0692 0
      vertex 59.5 -34.15 2.5
      vertex 60.0099 -34.0692 2.5
    endloop
  endfacet
  facet normal -0.15651 0.987676 0
    outer loop
      vertex 59.5 -34.15 2.5
      vertex 60.0099 -34.0692 0
      vertex 59.5 -34.15 0
    endloop
  endfacet
  facet normal -0.453943 0.891031 0
    outer loop
      vertex 60.4698 -33.8349 0
      vertex 60.0099 -34.0692 2.5
      vertex 60.4698 -33.8349 2.5
    endloop
  endfacet
  facet normal -0.453943 0.891031 0
    outer loop
      vertex 60.0099 -34.0692 2.5
      vertex 60.4698 -33.8349 0
      vertex 60.0099 -34.0692 0
    endloop
  endfacet
  facet normal 0.707107 0.707107 0
    outer loop
      vertex 58.5302 -33.8349 2.5
      vertex 58.1651 -33.4698 0
      vertex 58.1651 -33.4698 2.5
    endloop
  endfacet
  facet normal 0.707107 0.707107 0
    outer loop
      vertex 58.1651 -33.4698 0
      vertex 58.5302 -33.8349 2.5
      vertex 58.5302 -33.8349 0
    endloop
  endfacet
  facet normal 0.891031 -0.453943 0
    outer loop
      vertex 57.9308 -31.9901 2.5
      vertex 58.1651 -31.5302 0
      vertex 58.1651 -31.5302 2.5
    endloop
  endfacet
  facet normal 0.891031 -0.453943 0
    outer loop
      vertex 58.1651 -31.5302 0
      vertex 57.9308 -31.9901 2.5
      vertex 57.9308 -31.9901 0
    endloop
  endfacet
  facet normal 0.707107 -0.707107 0
    outer loop
      vertex 58.1651 -31.5302 2.5
      vertex 58.5302 -31.1651 0
      vertex 58.5302 -31.1651 2.5
    endloop
  endfacet
  facet normal 0.707107 -0.707107 0
    outer loop
      vertex 58.5302 -31.1651 0
      vertex 58.1651 -31.5302 2.5
      vertex 58.1651 -31.5302 0
    endloop
  endfacet
  facet normal -0.891031 0.453943 0
    outer loop
      vertex 60.8349 -33.4698 0
      vertex 61.0692 -33.0099 2.5
      vertex 61.0692 -33.0099 0
    endloop
  endfacet
  facet normal -0.891031 0.453943 0
    outer loop
      vertex 61.0692 -33.0099 2.5
      vertex 60.8349 -33.4698 0
      vertex 60.8349 -33.4698 2.5
    endloop
  endfacet
  facet normal -0.987676 0.15651 0
    outer loop
      vertex 61.0692 -33.0099 0
      vertex 61.15 -32.5 2.5
      vertex 61.15 -32.5 0
    endloop
  endfacet
  facet normal -0.987676 0.15651 0
    outer loop
      vertex 61.15 -32.5 2.5
      vertex 61.0692 -33.0099 0
      vertex 61.0692 -33.0099 2.5
    endloop
  endfacet
  facet normal 0.453943 0.891031 -0
    outer loop
      vertex 58.9901 -34.0692 0
      vertex 58.5302 -33.8349 2.5
      vertex 58.9901 -34.0692 2.5
    endloop
  endfacet
  facet normal 0.453943 0.891031 0
    outer loop
      vertex 58.5302 -33.8349 2.5
      vertex 58.9901 -34.0692 0
      vertex 58.5302 -33.8349 0
    endloop
  endfacet
  facet normal 0.987676 -0.15651 0
    outer loop
      vertex 57.85 -32.5 2.5
      vertex 57.9308 -31.9901 0
      vertex 57.9308 -31.9901 2.5
    endloop
  endfacet
  facet normal 0.987676 -0.15651 0
    outer loop
      vertex 57.9308 -31.9901 0
      vertex 57.85 -32.5 2.5
      vertex 57.85 -32.5 0
    endloop
  endfacet
  facet normal -0.15651 -0.987676 0
    outer loop
      vertex 59.5 34.15 0
      vertex 60.0099 34.0692 2.5
      vertex 59.5 34.15 2.5
    endloop
  endfacet
  facet normal -0.15651 -0.987676 -0
    outer loop
      vertex 60.0099 34.0692 2.5
      vertex 59.5 34.15 0
      vertex 60.0099 34.0692 0
    endloop
  endfacet
  facet normal -0.891031 -0.453943 0
    outer loop
      vertex 61.0692 33.0099 0
      vertex 60.8349 33.4698 2.5
      vertex 60.8349 33.4698 0
    endloop
  endfacet
  facet normal -0.891031 -0.453943 0
    outer loop
      vertex 60.8349 33.4698 2.5
      vertex 61.0692 33.0099 0
      vertex 61.0692 33.0099 2.5
    endloop
  endfacet
  facet normal -0.987676 -0.15651 0
    outer loop
      vertex 61.15 32.5 0
      vertex 61.0692 33.0099 2.5
      vertex 61.0692 33.0099 0
    endloop
  endfacet
  facet normal -0.987676 -0.15651 0
    outer loop
      vertex 61.0692 33.0099 2.5
      vertex 61.15 32.5 0
      vertex 61.15 32.5 2.5
    endloop
  endfacet
  facet normal -0.707107 -0.707107 0
    outer loop
      vertex 60.8349 33.4698 0
      vertex 60.4698 33.8349 2.5
      vertex 60.4698 33.8349 0
    endloop
  endfacet
  facet normal -0.707107 -0.707107 0
    outer loop
      vertex 60.4698 33.8349 2.5
      vertex 60.8349 33.4698 0
      vertex 60.8349 33.4698 2.5
    endloop
  endfacet
  facet normal -0.707107 0.707107 0
    outer loop
      vertex 60.4698 31.1651 0
      vertex 60.8349 31.5302 2.5
      vertex 60.8349 31.5302 0
    endloop
  endfacet
  facet normal -0.707107 0.707107 0
    outer loop
      vertex 60.8349 31.5302 2.5
      vertex 60.4698 31.1651 0
      vertex 60.4698 31.1651 2.5
    endloop
  endfacet
  facet normal -0.453943 0.891031 0
    outer loop
      vertex 60.4698 31.1651 0
      vertex 60.0099 30.9308 2.5
      vertex 60.4698 31.1651 2.5
    endloop
  endfacet
  facet normal -0.453943 0.891031 0
    outer loop
      vertex 60.0099 30.9308 2.5
      vertex 60.4698 31.1651 0
      vertex 60.0099 30.9308 0
    endloop
  endfacet
  facet normal 0.891031 -0.453943 0
    outer loop
      vertex 57.9308 33.0099 2.5
      vertex 58.1651 33.4698 0
      vertex 58.1651 33.4698 2.5
    endloop
  endfacet
  facet normal 0.891031 -0.453943 0
    outer loop
      vertex 58.1651 33.4698 0
      vertex 57.9308 33.0099 2.5
      vertex 57.9308 33.0099 0
    endloop
  endfacet
  facet normal 0.707107 -0.707107 0
    outer loop
      vertex 58.1651 33.4698 2.5
      vertex 58.5302 33.8349 0
      vertex 58.5302 33.8349 2.5
    endloop
  endfacet
  facet normal 0.707107 -0.707107 0
    outer loop
      vertex 58.5302 33.8349 0
      vertex 58.1651 33.4698 2.5
      vertex 58.1651 33.4698 0
    endloop
  endfacet
  facet normal -0.891031 0.453943 0
    outer loop
      vertex 60.8349 31.5302 0
      vertex 61.0692 31.9901 2.5
      vertex 61.0692 31.9901 0
    endloop
  endfacet
  facet normal -0.891031 0.453943 0
    outer loop
      vertex 61.0692 31.9901 2.5
      vertex 60.8349 31.5302 0
      vertex 60.8349 31.5302 2.5
    endloop
  endfacet
  facet normal 0.15651 0.987676 -0
    outer loop
      vertex 59.5 30.85 0
      vertex 58.9901 30.9308 2.5
      vertex 59.5 30.85 2.5
    endloop
  endfacet
  facet normal 0.15651 0.987676 0
    outer loop
      vertex 58.9901 30.9308 2.5
      vertex 59.5 30.85 0
      vertex 58.9901 30.9308 0
    endloop
  endfacet
  facet normal 0.15651 -0.987676 0
    outer loop
      vertex 58.9901 34.0692 0
      vertex 59.5 34.15 2.5
      vertex 58.9901 34.0692 2.5
    endloop
  endfacet
  facet normal 0.15651 -0.987676 0
    outer loop
      vertex 59.5 34.15 2.5
      vertex 58.9901 34.0692 0
      vertex 59.5 34.15 0
    endloop
  endfacet
  facet normal -0.987676 0.15651 0
    outer loop
      vertex 61.0692 31.9901 0
      vertex 61.15 32.5 2.5
      vertex 61.15 32.5 0
    endloop
  endfacet
  facet normal -0.987676 0.15651 0
    outer loop
      vertex 61.15 32.5 2.5
      vertex 61.0692 31.9901 0
      vertex 61.0692 31.9901 2.5
    endloop
  endfacet
  facet normal 0.707107 0.707107 0
    outer loop
      vertex 58.5302 31.1651 2.5
      vertex 58.1651 31.5302 0
      vertex 58.1651 31.5302 2.5
    endloop
  endfacet
  facet normal 0.707107 0.707107 0
    outer loop
      vertex 58.1651 31.5302 0
      vertex 58.5302 31.1651 2.5
      vertex 58.5302 31.1651 0
    endloop
  endfacet
  facet normal 0.453943 -0.891031 0
    outer loop
      vertex 58.5302 33.8349 0
      vertex 58.9901 34.0692 2.5
      vertex 58.5302 33.8349 2.5
    endloop
  endfacet
  facet normal 0.453943 -0.891031 0
    outer loop
      vertex 58.9901 34.0692 2.5
      vertex 58.5302 33.8349 0
      vertex 58.9901 34.0692 0
    endloop
  endfacet
  facet normal 0.987676 0.15651 0
    outer loop
      vertex 57.9308 31.9901 2.5
      vertex 57.85 32.5 0
      vertex 57.85 32.5 2.5
    endloop
  endfacet
  facet normal 0.987676 0.15651 0
    outer loop
      vertex 57.85 32.5 0
      vertex 57.9308 31.9901 2.5
      vertex 57.9308 31.9901 0
    endloop
  endfacet
  facet normal -0.15651 0.987676 0
    outer loop
      vertex 60.0099 30.9308 0
      vertex 59.5 30.85 2.5
      vertex 60.0099 30.9308 2.5
    endloop
  endfacet
  facet normal -0.15651 0.987676 0
    outer loop
      vertex 59.5 30.85 2.5
      vertex 60.0099 30.9308 0
      vertex 59.5 30.85 0
    endloop
  endfacet
  facet normal -0.453943 -0.891031 0
    outer loop
      vertex 60.0099 34.0692 0
      vertex 60.4698 33.8349 2.5
      vertex 60.0099 34.0692 2.5
    endloop
  endfacet
  facet normal -0.453943 -0.891031 -0
    outer loop
      vertex 60.4698 33.8349 2.5
      vertex 60.0099 34.0692 0
      vertex 60.4698 33.8349 0
    endloop
  endfacet
  facet normal 0.891031 0.453943 0
    outer loop
      vertex 58.1651 31.5302 2.5
      vertex 57.9308 31.9901 0
      vertex 57.9308 31.9901 2.5
    endloop
  endfacet
  facet normal 0.891031 0.453943 0
    outer loop
      vertex 57.9308 31.9901 0
      vertex 58.1651 31.5302 2.5
      vertex 58.1651 31.5302 0
    endloop
  endfacet
  facet normal 0.987676 -0.15651 0
    outer loop
      vertex 57.85 32.5 2.5
      vertex 57.9308 33.0099 0
      vertex 57.9308 33.0099 2.5
    endloop
  endfacet
  facet normal 0.987676 -0.15651 0
    outer loop
      vertex 57.9308 33.0099 0
      vertex 57.85 32.5 2.5
      vertex 57.85 32.5 0
    endloop
  endfacet
  facet normal 0.453943 0.891031 -0
    outer loop
      vertex 58.9901 30.9308 0
      vertex 58.5302 31.1651 2.5
      vertex 58.9901 30.9308 2.5
    endloop
  endfacet
  facet normal 0.453943 0.891031 0
    outer loop
      vertex 58.5302 31.1651 2.5
      vertex 58.9901 30.9308 0
      vertex 58.5302 31.1651 0
    endloop
  endfacet
  facet normal 0.98588 -0.167451 0
    outer loop
      vertex 15.5283 0.503839 2.5
      vertex 15.6128 1.00134 0
      vertex 15.6128 1.00134 2.5
    endloop
  endfacet
  facet normal 0.98588 -0.167451 0
    outer loop
      vertex 15.6128 1.00134 0
      vertex 15.5283 0.503839 2.5
      vertex 15.5283 0.503839 0
    endloop
  endfacet
  facet normal 0.666322 0.745664 -0
    outer loop
      vertex 17.1943 -3.51824 0
      vertex 16.818 -3.18198 2.5
      vertex 17.1943 -3.51824 2.5
    endloop
  endfacet
  facet normal 0.666322 0.745664 0
    outer loop
      vertex 16.818 -3.18198 2.5
      vertex 17.1943 -3.51824 0
      vertex 16.818 -3.18198 0
    endloop
  endfacet
  facet normal -0.38269 -0.923877 0
    outer loop
      vertex 45.4863 4.24747 0
      vertex 45.9525 4.05436 2.5
      vertex 45.4863 4.24747 2.5
    endloop
  endfacet
  facet normal -0.38269 -0.923877 -0
    outer loop
      vertex 45.9525 4.05436 2.5
      vertex 45.4863 4.24747 0
      vertex 45.9525 4.05436 0
    endloop
  endfacet
  facet normal -0.92389 0.382659 0
    outer loop
      vertex 48.0544 -1.95248 0
      vertex 48.2475 -1.48626 2.5
      vertex 48.2475 -1.48626 0
    endloop
  endfacet
  facet normal -0.92389 0.382659 0
    outer loop
      vertex 48.2475 -1.48626 2.5
      vertex 48.0544 -1.95248 0
      vertex 48.0544 -1.95248 2.5
    endloop
  endfacet
  facet normal -0.483774 -0.875193 0
    outer loop
      vertex 45.9525 4.05436 0
      vertex 46.3941 3.81026 2.5
      vertex 45.9525 4.05436 2.5
    endloop
  endfacet
  facet normal -0.483774 -0.875193 -0
    outer loop
      vertex 46.3941 3.81026 2.5
      vertex 45.9525 4.05436 0
      vertex 46.3941 3.81026 0
    endloop
  endfacet
  facet normal 0.16749 -0.985874 0
    outer loop
      vertex 18.9987 4.38718 0
      vertex 19.4962 4.4717 2.5
      vertex 18.9987 4.38718 2.5
    endloop
  endfacet
  facet normal 0.16749 -0.985874 0
    outer loop
      vertex 19.4962 4.4717 2.5
      vertex 18.9987 4.38718 0
      vertex 19.4962 4.4717 0
    endloop
  endfacet
  facet normal 0.0560847 0.998426 -0
    outer loop
      vertex 20 -4.5 0
      vertex 19.4962 -4.4717 2.5
      vertex 20 -4.5 2.5
    endloop
  endfacet
  facet normal 0.0560847 0.998426 0
    outer loop
      vertex 19.4962 -4.4717 2.5
      vertex 20 -4.5 0
      vertex 19.4962 -4.4717 0
    endloop
  endfacet
  facet normal 0 -1 0
    outer loop
      vertex 20 4.5 0
      vertex 44 4.5 2.5
      vertex 20 4.5 2.5
    endloop
  endfacet
  facet normal 0 -1 -0
    outer loop
      vertex 44 4.5 2.5
      vertex 20 4.5 0
      vertex 44 4.5 0
    endloop
  endfacet
  facet normal 0.875221 -0.483724 0
    outer loop
      vertex 15.9456 1.95248 2.5
      vertex 16.1897 2.39414 0
      vertex 16.1897 2.39414 2.5
    endloop
  endfacet
  facet normal 0.875221 -0.483724 0
    outer loop
      vertex 16.1897 2.39414 0
      vertex 15.9456 1.95248 2.5
      vertex 15.9456 1.95248 0
    endloop
  endfacet
  facet normal -0.483774 0.875193 0
    outer loop
      vertex 46.3941 -3.81026 0
      vertex 45.9525 -4.05436 2.5
      vertex 46.3941 -3.81026 2.5
    endloop
  endfacet
  facet normal -0.483774 0.875193 0
    outer loop
      vertex 45.9525 -4.05436 2.5
      vertex 46.3941 -3.81026 0
      vertex 45.9525 -4.05436 0
    endloop
  endfacet
  facet normal -0.276806 0.960926 0
    outer loop
      vertex 45.4863 -4.24747 0
      vertex 45.0013 -4.38718 2.5
      vertex 45.4863 -4.24747 2.5
    endloop
  endfacet
  facet normal -0.276806 0.960926 0
    outer loop
      vertex 45.0013 -4.38718 2.5
      vertex 45.4863 -4.24747 0
      vertex 45.0013 -4.38718 0
    endloop
  endfacet
  facet normal 0 1 -0
    outer loop
      vertex 44 -4.5 0
      vertex 20 -4.5 2.5
      vertex 44 -4.5 2.5
    endloop
  endfacet
  facet normal 0 1 0
    outer loop
      vertex 20 -4.5 2.5
      vertex 44 -4.5 0
      vertex 20 -4.5 0
    endloop
  endfacet
  facet normal 0.578637 0.815585 -0
    outer loop
      vertex 17.6059 -3.81026 0
      vertex 17.1943 -3.51824 2.5
      vertex 17.6059 -3.81026 2.5
    endloop
  endfacet
  facet normal 0.578637 0.815585 0
    outer loop
      vertex 17.1943 -3.51824 2.5
      vertex 17.6059 -3.81026 0
      vertex 17.1943 -3.51824 0
    endloop
  endfacet
  facet normal -0.578637 0.815585 0
    outer loop
      vertex 46.8057 -3.51824 0
      vertex 46.3941 -3.81026 2.5
      vertex 46.8057 -3.51824 2.5
    endloop
  endfacet
  facet normal -0.578637 0.815585 0
    outer loop
      vertex 46.3941 -3.81026 2.5
      vertex 46.8057 -3.51824 0
      vertex 46.3941 -3.81026 0
    endloop
  endfacet
  facet normal 0.483774 -0.875193 0
    outer loop
      vertex 17.6059 3.81026 0
      vertex 18.0475 4.05436 2.5
      vertex 17.6059 3.81026 2.5
    endloop
  endfacet
  facet normal 0.483774 -0.875193 0
    outer loop
      vertex 18.0475 4.05436 2.5
      vertex 17.6059 3.81026 0
      vertex 18.0475 4.05436 0
    endloop
  endfacet
  facet normal 0.483774 0.875193 -0
    outer loop
      vertex 18.0475 -4.05436 0
      vertex 17.6059 -3.81026 2.5
      vertex 18.0475 -4.05436 2.5
    endloop
  endfacet
  facet normal 0.483774 0.875193 0
    outer loop
      vertex 17.6059 -3.81026 2.5
      vertex 18.0475 -4.05436 0
      vertex 17.6059 -3.81026 0
    endloop
  endfacet
  facet normal -0.276806 -0.960926 0
    outer loop
      vertex 45.0013 4.38718 0
      vertex 45.4863 4.24747 2.5
      vertex 45.0013 4.38718 2.5
    endloop
  endfacet
  facet normal -0.276806 -0.960926 -0
    outer loop
      vertex 45.4863 4.24747 2.5
      vertex 45.0013 4.38718 0
      vertex 45.4863 4.24747 0
    endloop
  endfacet
  facet normal -0.666322 0.745664 0
    outer loop
      vertex 47.182 -3.18198 0
      vertex 46.8057 -3.51824 2.5
      vertex 47.182 -3.18198 2.5
    endloop
  endfacet
  facet normal -0.666322 0.745664 0
    outer loop
      vertex 46.8057 -3.51824 2.5
      vertex 47.182 -3.18198 0
      vertex 46.8057 -3.51824 0
    endloop
  endfacet
  facet normal 0.98588 0.167451 0
    outer loop
      vertex 15.6128 -1.00134 2.5
      vertex 15.5283 -0.503839 0
      vertex 15.5283 -0.503839 2.5
    endloop
  endfacet
  facet normal 0.98588 0.167451 0
    outer loop
      vertex 15.5283 -0.503839 0
      vertex 15.6128 -1.00134 2.5
      vertex 15.6128 -1.00134 0
    endloop
  endfacet
  facet normal -0.745706 -0.666276 0
    outer loop
      vertex 47.5182 2.8057 0
      vertex 47.182 3.18198 2.5
      vertex 47.182 3.18198 0
    endloop
  endfacet
  facet normal -0.745706 -0.666276 0
    outer loop
      vertex 47.182 3.18198 2.5
      vertex 47.5182 2.8057 0
      vertex 47.5182 2.8057 2.5
    endloop
  endfacet
  facet normal -0.960919 0.27683 0
    outer loop
      vertex 48.2475 -1.48626 0
      vertex 48.3872 -1.00134 2.5
      vertex 48.3872 -1.00134 0
    endloop
  endfacet
  facet normal -0.960919 0.27683 0
    outer loop
      vertex 48.3872 -1.00134 2.5
      vertex 48.2475 -1.48626 0
      vertex 48.2475 -1.48626 2.5
    endloop
  endfacet
  facet normal -0.98588 0.167451 0
    outer loop
      vertex 48.3872 -1.00134 0
      vertex 48.4717 -0.503839 2.5
      vertex 48.4717 -0.503839 0
    endloop
  endfacet
  facet normal -0.98588 0.167451 0
    outer loop
      vertex 48.4717 -0.503839 2.5
      vertex 48.3872 -1.00134 0
      vertex 48.3872 -1.00134 2.5
    endloop
  endfacet
  facet normal 0.745706 0.666276 0
    outer loop
      vertex 16.818 -3.18198 2.5
      vertex 16.4818 -2.8057 0
      vertex 16.4818 -2.8057 2.5
    endloop
  endfacet
  facet normal 0.745706 0.666276 0
    outer loop
      vertex 16.4818 -2.8057 0
      vertex 16.818 -3.18198 2.5
      vertex 16.818 -3.18198 0
    endloop
  endfacet
  facet normal 0.960919 0.27683 0
    outer loop
      vertex 15.7525 -1.48626 2.5
      vertex 15.6128 -1.00134 0
      vertex 15.6128 -1.00134 2.5
    endloop
  endfacet
  facet normal 0.960919 0.27683 0
    outer loop
      vertex 15.6128 -1.00134 0
      vertex 15.7525 -1.48626 2.5
      vertex 15.7525 -1.48626 0
    endloop
  endfacet
  facet normal -0.875221 -0.483724 0
    outer loop
      vertex 48.0544 1.95248 0
      vertex 47.8103 2.39414 2.5
      vertex 47.8103 2.39414 0
    endloop
  endfacet
  facet normal -0.875221 -0.483724 0
    outer loop
      vertex 47.8103 2.39414 2.5
      vertex 48.0544 1.95248 0
      vertex 48.0544 1.95248 2.5
    endloop
  endfacet
  facet normal -0.16749 0.985874 0
    outer loop
      vertex 45.0013 -4.38718 0
      vertex 44.5038 -4.4717 2.5
      vertex 45.0013 -4.38718 2.5
    endloop
  endfacet
  facet normal -0.16749 0.985874 0
    outer loop
      vertex 44.5038 -4.4717 2.5
      vertex 45.0013 -4.38718 0
      vertex 44.5038 -4.4717 0
    endloop
  endfacet
  facet normal 0.666322 -0.745664 0
    outer loop
      vertex 16.818 3.18198 0
      vertex 17.1943 3.51824 2.5
      vertex 16.818 3.18198 2.5
    endloop
  endfacet
  facet normal 0.666322 -0.745664 0
    outer loop
      vertex 17.1943 3.51824 2.5
      vertex 16.818 3.18198 0
      vertex 17.1943 3.51824 0
    endloop
  endfacet
  facet normal -0.38269 0.923877 0
    outer loop
      vertex 45.9525 -4.05436 0
      vertex 45.4863 -4.24747 2.5
      vertex 45.9525 -4.05436 2.5
    endloop
  endfacet
  facet normal -0.38269 0.923877 0
    outer loop
      vertex 45.4863 -4.24747 2.5
      vertex 45.9525 -4.05436 0
      vertex 45.4863 -4.24747 0
    endloop
  endfacet
  facet normal 0.0560847 -0.998426 0
    outer loop
      vertex 19.4962 4.4717 0
      vertex 20 4.5 2.5
      vertex 19.4962 4.4717 2.5
    endloop
  endfacet
  facet normal 0.0560847 -0.998426 0
    outer loop
      vertex 20 4.5 2.5
      vertex 19.4962 4.4717 0
      vertex 20 4.5 0
    endloop
  endfacet
  facet normal 0.276806 0.960926 -0
    outer loop
      vertex 18.9987 -4.38718 0
      vertex 18.5137 -4.24747 2.5
      vertex 18.9987 -4.38718 2.5
    endloop
  endfacet
  facet normal 0.276806 0.960926 0
    outer loop
      vertex 18.5137 -4.24747 2.5
      vertex 18.9987 -4.38718 0
      vertex 18.5137 -4.24747 0
    endloop
  endfacet
  facet normal -0.745706 0.666276 0
    outer loop
      vertex 47.182 -3.18198 0
      vertex 47.5182 -2.8057 2.5
      vertex 47.5182 -2.8057 0
    endloop
  endfacet
  facet normal -0.745706 0.666276 0
    outer loop
      vertex 47.5182 -2.8057 2.5
      vertex 47.182 -3.18198 0
      vertex 47.182 -3.18198 2.5
    endloop
  endfacet
  facet normal 0.960919 -0.27683 0
    outer loop
      vertex 15.6128 1.00134 2.5
      vertex 15.7525 1.48626 0
      vertex 15.7525 1.48626 2.5
    endloop
  endfacet
  facet normal 0.960919 -0.27683 0
    outer loop
      vertex 15.7525 1.48626 0
      vertex 15.6128 1.00134 2.5
      vertex 15.6128 1.00134 0
    endloop
  endfacet
  facet normal 0.16749 0.985874 -0
    outer loop
      vertex 19.4962 -4.4717 0
      vertex 18.9987 -4.38718 2.5
      vertex 19.4962 -4.4717 2.5
    endloop
  endfacet
  facet normal 0.16749 0.985874 0
    outer loop
      vertex 18.9987 -4.38718 2.5
      vertex 19.4962 -4.4717 0
      vertex 18.9987 -4.38718 0
    endloop
  endfacet
  facet normal -0.92389 -0.382659 0
    outer loop
      vertex 48.2475 1.48626 0
      vertex 48.0544 1.95248 2.5
      vertex 48.0544 1.95248 0
    endloop
  endfacet
  facet normal -0.92389 -0.382659 0
    outer loop
      vertex 48.0544 1.95248 2.5
      vertex 48.2475 1.48626 0
      vertex 48.2475 1.48626 2.5
    endloop
  endfacet
  facet normal -0.578637 -0.815585 0
    outer loop
      vertex 46.3941 3.81026 0
      vertex 46.8057 3.51824 2.5
      vertex 46.3941 3.81026 2.5
    endloop
  endfacet
  facet normal -0.578637 -0.815585 -0
    outer loop
      vertex 46.8057 3.51824 2.5
      vertex 46.3941 3.81026 0
      vertex 46.8057 3.51824 0
    endloop
  endfacet
  facet normal -0.16749 -0.985874 0
    outer loop
      vertex 44.5038 4.4717 0
      vertex 45.0013 4.38718 2.5
      vertex 44.5038 4.4717 2.5
    endloop
  endfacet
  facet normal -0.16749 -0.985874 -0
    outer loop
      vertex 45.0013 4.38718 2.5
      vertex 44.5038 4.4717 0
      vertex 45.0013 4.38718 0
    endloop
  endfacet
  facet normal 0.815484 0.57878 0
    outer loop
      vertex 16.4818 -2.8057 2.5
      vertex 16.1897 -2.39414 0
      vertex 16.1897 -2.39414 2.5
    endloop
  endfacet
  facet normal 0.815484 0.57878 0
    outer loop
      vertex 16.1897 -2.39414 0
      vertex 16.4818 -2.8057 2.5
      vertex 16.4818 -2.8057 0
    endloop
  endfacet
  facet normal 0.875221 0.483724 0
    outer loop
      vertex 16.1897 -2.39414 2.5
      vertex 15.9456 -1.95248 0
      vertex 15.9456 -1.95248 2.5
    endloop
  endfacet
  facet normal 0.875221 0.483724 0
    outer loop
      vertex 15.9456 -1.95248 0
      vertex 16.1897 -2.39414 2.5
      vertex 16.1897 -2.39414 0
    endloop
  endfacet
  facet normal 0.38269 -0.923877 0
    outer loop
      vertex 18.0475 4.05436 0
      vertex 18.5137 4.24747 2.5
      vertex 18.0475 4.05436 2.5
    endloop
  endfacet
  facet normal 0.38269 -0.923877 0
    outer loop
      vertex 18.5137 4.24747 2.5
      vertex 18.0475 4.05436 0
      vertex 18.5137 4.24747 0
    endloop
  endfacet
  facet normal -0.875221 0.483724 0
    outer loop
      vertex 47.8103 -2.39414 0
      vertex 48.0544 -1.95248 2.5
      vertex 48.0544 -1.95248 0
    endloop
  endfacet
  facet normal -0.875221 0.483724 0
    outer loop
      vertex 48.0544 -1.95248 2.5
      vertex 47.8103 -2.39414 0
      vertex 47.8103 -2.39414 2.5
    endloop
  endfacet
  facet normal -0.998426 -0.0560803 0
    outer loop
      vertex 48.5 0 0
      vertex 48.4717 0.503839 2.5
      vertex 48.4717 0.503839 0
    endloop
  endfacet
  facet normal -0.998426 -0.0560803 0
    outer loop
      vertex 48.4717 0.503839 2.5
      vertex 48.5 0 0
      vertex 48.5 0 2.5
    endloop
  endfacet
  facet normal -0.0560847 0.998426 0
    outer loop
      vertex 44.5038 -4.4717 0
      vertex 44 -4.5 2.5
      vertex 44.5038 -4.4717 2.5
    endloop
  endfacet
  facet normal -0.0560847 0.998426 0
    outer loop
      vertex 44 -4.5 2.5
      vertex 44.5038 -4.4717 0
      vertex 44 -4.5 0
    endloop
  endfacet
  facet normal -0.960919 -0.27683 0
    outer loop
      vertex 48.3872 1.00134 0
      vertex 48.2475 1.48626 2.5
      vertex 48.2475 1.48626 0
    endloop
  endfacet
  facet normal -0.960919 -0.27683 0
    outer loop
      vertex 48.2475 1.48626 2.5
      vertex 48.3872 1.00134 0
      vertex 48.3872 1.00134 2.5
    endloop
  endfacet
  facet normal -0.0560847 -0.998426 0
    outer loop
      vertex 44 4.5 0
      vertex 44.5038 4.4717 2.5
      vertex 44 4.5 2.5
    endloop
  endfacet
  facet normal -0.0560847 -0.998426 -0
    outer loop
      vertex 44.5038 4.4717 2.5
      vertex 44 4.5 0
      vertex 44.5038 4.4717 0
    endloop
  endfacet
  facet normal -0.98588 -0.167451 0
    outer loop
      vertex 48.4717 0.503839 0
      vertex 48.3872 1.00134 2.5
      vertex 48.3872 1.00134 0
    endloop
  endfacet
  facet normal -0.98588 -0.167451 0
    outer loop
      vertex 48.3872 1.00134 2.5
      vertex 48.4717 0.503839 0
      vertex 48.4717 0.503839 2.5
    endloop
  endfacet
  facet normal -0.815484 -0.57878 0
    outer loop
      vertex 47.8103 2.39414 0
      vertex 47.5182 2.8057 2.5
      vertex 47.5182 2.8057 0
    endloop
  endfacet
  facet normal -0.815484 -0.57878 0
    outer loop
      vertex 47.5182 2.8057 2.5
      vertex 47.8103 2.39414 0
      vertex 47.8103 2.39414 2.5
    endloop
  endfacet
  facet normal 0.745706 -0.666276 0
    outer loop
      vertex 16.4818 2.8057 2.5
      vertex 16.818 3.18198 0
      vertex 16.818 3.18198 2.5
    endloop
  endfacet
  facet normal 0.745706 -0.666276 0
    outer loop
      vertex 16.818 3.18198 0
      vertex 16.4818 2.8057 2.5
      vertex 16.4818 2.8057 0
    endloop
  endfacet
  facet normal 0.998426 -0.0560803 0
    outer loop
      vertex 15.5 0 2.5
      vertex 15.5283 0.503839 0
      vertex 15.5283 0.503839 2.5
    endloop
  endfacet
  facet normal 0.998426 -0.0560803 0
    outer loop
      vertex 15.5283 0.503839 0
      vertex 15.5 0 2.5
      vertex 15.5 0 0
    endloop
  endfacet
  facet normal 0.998426 0.0560803 0
    outer loop
      vertex 15.5283 -0.503839 2.5
      vertex 15.5 0 0
      vertex 15.5 0 2.5
    endloop
  endfacet
  facet normal 0.998426 0.0560803 0
    outer loop
      vertex 15.5 0 0
      vertex 15.5283 -0.503839 2.5
      vertex 15.5283 -0.503839 0
    endloop
  endfacet
  facet normal -0.666322 -0.745664 0
    outer loop
      vertex 46.8057 3.51824 0
      vertex 47.182 3.18198 2.5
      vertex 46.8057 3.51824 2.5
    endloop
  endfacet
  facet normal -0.666322 -0.745664 -0
    outer loop
      vertex 47.182 3.18198 2.5
      vertex 46.8057 3.51824 0
      vertex 47.182 3.18198 0
    endloop
  endfacet
  facet normal 0.92389 0.382659 0
    outer loop
      vertex 15.9456 -1.95248 2.5
      vertex 15.7525 -1.48626 0
      vertex 15.7525 -1.48626 2.5
    endloop
  endfacet
  facet normal 0.92389 0.382659 0
    outer loop
      vertex 15.7525 -1.48626 0
      vertex 15.9456 -1.95248 2.5
      vertex 15.9456 -1.95248 0
    endloop
  endfacet
  facet normal 0.38269 0.923877 -0
    outer loop
      vertex 18.5137 -4.24747 0
      vertex 18.0475 -4.05436 2.5
      vertex 18.5137 -4.24747 2.5
    endloop
  endfacet
  facet normal 0.38269 0.923877 0
    outer loop
      vertex 18.0475 -4.05436 2.5
      vertex 18.5137 -4.24747 0
      vertex 18.0475 -4.05436 0
    endloop
  endfacet
  facet normal -0.998426 0.0560803 0
    outer loop
      vertex 48.4717 -0.503839 0
      vertex 48.5 0 2.5
      vertex 48.5 0 0
    endloop
  endfacet
  facet normal -0.998426 0.0560803 0
    outer loop
      vertex 48.5 0 2.5
      vertex 48.4717 -0.503839 0
      vertex 48.4717 -0.503839 2.5
    endloop
  endfacet
  facet normal -0.815484 0.57878 0
    outer loop
      vertex 47.5182 -2.8057 0
      vertex 47.8103 -2.39414 2.5
      vertex 47.8103 -2.39414 0
    endloop
  endfacet
  facet normal -0.815484 0.57878 0
    outer loop
      vertex 47.8103 -2.39414 2.5
      vertex 47.5182 -2.8057 0
      vertex 47.5182 -2.8057 2.5
    endloop
  endfacet
  facet normal 0.92389 -0.382659 0
    outer loop
      vertex 15.7525 1.48626 2.5
      vertex 15.9456 1.95248 0
      vertex 15.9456 1.95248 2.5
    endloop
  endfacet
  facet normal 0.92389 -0.382659 0
    outer loop
      vertex 15.9456 1.95248 0
      vertex 15.7525 1.48626 2.5
      vertex 15.7525 1.48626 0
    endloop
  endfacet
  facet normal 0.578637 -0.815585 0
    outer loop
      vertex 17.1943 3.51824 0
      vertex 17.6059 3.81026 2.5
      vertex 17.1943 3.51824 2.5
    endloop
  endfacet
  facet normal 0.578637 -0.815585 0
    outer loop
      vertex 17.6059 3.81026 2.5
      vertex 17.1943 3.51824 0
      vertex 17.6059 3.81026 0
    endloop
  endfacet
  facet normal 0.276806 -0.960926 0
    outer loop
      vertex 18.5137 4.24747 0
      vertex 18.9987 4.38718 2.5
      vertex 18.5137 4.24747 2.5
    endloop
  endfacet
  facet normal 0.276806 -0.960926 0
    outer loop
      vertex 18.9987 4.38718 2.5
      vertex 18.5137 4.24747 0
      vertex 18.9987 4.38718 0
    endloop
  endfacet
  facet normal 0.815484 -0.57878 0
    outer loop
      vertex 16.1897 2.39414 2.5
      vertex 16.4818 2.8057 0
      vertex 16.4818 2.8057 2.5
    endloop
  endfacet
  facet normal 0.815484 -0.57878 0
    outer loop
      vertex 16.4818 2.8057 0
      vertex 16.1897 2.39414 2.5
      vertex 16.1897 2.39414 0
    endloop
  endfacet
endsolid OpenSCAD_Model
